# data_column_name,cf_standard_name,long_name,imos_vocabulary_name,unit_name,unit_short_name
# abundance,number_concentration_of_biological_taxon_in_sea_water,taxonomic level abundance,Abundance of biota,,
# area,,state/territory where the survey was conducted,,,
# avg_rugosity,,average roughness of the floor surface,,,
# biomass,,estimated biomass,,Grams,g
# block,,number of the block ,,,
# category,,sub-class of the annotation schema,,,
# class,biological_taxon_name,identification of the biotic elements to the scientific classification group,Biotic taxonomic identification,,
# common_class_name,,common name of the taxonomic rank,,,
# common_family_name,,common name of the taxonomic rank,,,
# common_name,,common name of the taxonomic rank,,,
# common_phylum_name,,common name of the taxonomic rank,,,
# country,,country where the survey was conducted,,,
# currents,,currents index,,,
# depth,depth,,Depth below surface of the water body,Metres,m                                                                                                             
# direction,,compass direction,True bearing,,
# ecoregion,,ecological region where the survey was conducted,,,
# family,biological_taxon_name,identification of the biotic elements to the scientific classification group,Biotic taxonomic identification,,
# frequency,,rarity index frequency of the species,,,
# genus,biological_taxon_name,identification of the biotic elements to the scientific classification group,Biotic taxonomic identification,,
# has pqs catalogued in db,,survey has Photos Quadrats catalogued in database,,,
# has pq scores in db,,survey has Photo Quadrat scores in database,,,
# has rugosity scores in db,,survey has rugosity scores in database,,,
# hour,time,local time of sample collection,,,
# latest surveydate for site,,latest survey date at the site,,,
# latitude,latitude,,Latitude north,Degrees,deg                                                                                                           
# lat_zone,,latitudinal zone (eg. tropical/temperate/polar),,,
# location,,city/council where the survey was conducted,,,
# longitude,longitude,,Longitude east,Degrees,deg                                                                                                           
# major_category,,class of the annotation schema,,,
# max_length,,maximum length of the species,,Centimetres,cm
# max_rugosity,,maximum roughness of the floor surface,,,
# method,,identifier for method applied to collect the observation,,,
# methods,,list of methods applied to collect the survey observations,,,
# mpa,,Marine Protected Area,,,
# num_points,,number of points associated to the observed item,,,
# old_site_codes,,previous codes of the site, now updated to [site_code],,,
# order,biological_taxon_name,identification of the biotic elements to the scientific classification group,Biotic taxonomic identification,,
# percent_cover,,percentage of the surface covered by the observed item,,Percent,%                                                                                                             
# phylum,biological_taxon_name,identification of the biotic elements to the scientific classification group,Biotic taxonomic identification,,
# pq_zip_url,,url for the Photo Quadrat zip file,,,
# program,,acronym identifying the program(s) - RLS or ATRC,,,
# programs,,acronym identifying the program(s) - RLS or ATRC,,,
# province,,ecological province where the survey was collected,,,
# quadrat,,Quadrat number,,,
# range,,rarity index range of the species,,Kilometres,km
# realm,,realm where the survey was conducted,,,
# recorded_species_name,biological_taxon_name,identification of the biotic elements to the scientific classification group,Biotic taxonomic identification,,
# relief,,relief index,,,
# reporting_name,,reporting name for the observed species,,,
# resolution,,annotation schema,,,
# site_code,,code for the survey site,,,
# site_name,,name of the survey site,,,
# size_class,,size class,,Centimetres,cm
# slope,,slope index,,,
# species_id,,species identifier,,,
# species_name,biological_taxon_name,identification of the biotic elements to the scientific classification group,Biotic taxonomic identification,,
# superseded_ids,,species identifier of the superseded species,,,
# superseded_names,,name of the superseded species,,,
# surface,,type of substrate,,,
# survey_date,,local date,,Date,yyyy-mm-dd
# survey_id,,survey identification number,,,
# survey_latitude,latitude,,Latitude north,Degrees,deg                                                                                                           
# survey_longitude,longitude,,Longitude east,Degrees,deg                                                                                                           
# survey_notes,,additional notes about the survey,,,
# taxon,biological_taxon_name,identification of the biotic elements to the scientific classification group,Biotic taxonomic identification,,
# total,,total number of observations,,,
# total_points,,total number of point counted in the Quadrat,,,
# visibility,,the distance in water at which something can be seen,,Metres,m                                                                                                             
# wave_exposure,,wave exposure index,,,

FID,survey_id,country,area,ecoregion,realm,location,site_code,site_name,latitude,longitude,survey_date,depth,program,visibility,hour,survey_latitude,survey_longitude,method,block,phylum,class,order,family,species_name,reporting_name,size_class,total,biomass,geom
ep_m1_public_data.fid-7cdaa17e_183dabd0b4f_-7a0e,912341107,Cook Islands,Rarotonga,Southern Cook/Austral Islands,Eastern Indo-Pacific,Cook Islands (southern),PAC9,"Avarua, Rarotonga",-21.2,-159.77,2012-07-31,17,RLS,25,09:00:00,,,1,1,Chordata,Actinopterygii,Anguilliformes,Muraenidae,Gymnothorax meleagris,Gymnothorax meleagris,50,1,102.9613,POINT (-159.77000427246094 -21.200000762939453)
ep_m1_public_data.fid-7cdaa17e_183dabd0b4f_-7a0d,912341107,Cook Islands,Rarotonga,Southern Cook/Austral Islands,Eastern Indo-Pacific,Cook Islands (southern),PAC9,"Avarua, Rarotonga",-21.2,-159.77,2012-07-31,17,RLS,25,09:00:00,,,1,1,Chordata,Actinopterygii,Beryciformes,Holocentridae,Myripristis berndti,Myripristis berndti,25,4,1723.3604,POINT (-159.77000427246094 -21.200000762939453)
ep_m1_public_data.fid-7cdaa17e_183dabd0b4f_-7a0c,912341107,Cook Islands,Rarotonga,Southern Cook/Austral Islands,Eastern Indo-Pacific,Cook Islands (southern),PAC9,"Avarua, Rarotonga",-21.2,-159.77,2012-07-31,17,RLS,25,09:00:00,,,1,1,Chordata,Actinopterygii,Perciformes,Acanthuridae,Acanthurus nigrofuscus,Acanthurus nigrofuscus,5,4,12.6541,POINT (-159.77000427246094 -21.200000762939453)
ep_m1_public_data.fid-7cdaa17e_183dabd0b4f_-7a0b,912341107,Cook Islands,Rarotonga,Southern Cook/Austral Islands,Eastern Indo-Pacific,Cook Islands (southern),PAC9,"Avarua, Rarotonga",-21.2,-159.77,2012-07-31,17,RLS,25,09:00:00,,,1,1,Chordata,Actinopterygii,Perciformes,Acanthuridae,Acanthurus nigrofuscus,Acanthurus nigrofuscus,7.5,5,59.754,POINT (-159.77000427246094 -21.200000762939453)
ep_m1_public_data.fid-7cdaa17e_183dabd0b4f_-7a0a,912341107,Cook Islands,Rarotonga,Southern Cook/Austral Islands,Eastern Indo-Pacific,Cook Islands (southern),PAC9,"Avarua, Rarotonga",-21.2,-159.77,2012-07-31,17,RLS,25,09:00:00,,,1,1,Chordata,Actinopterygii,Perciformes,Acanthuridae,Acanthurus nigroris,Acanthurus nigroris,15,2,248.9056,POINT (-159.77000427246094 -21.200000762939453)
ep_m1_public_data.fid-7cdaa17e_183dabd0b4f_-7a09,912341107,Cook Islands,Rarotonga,Southern Cook/Austral Islands,Eastern Indo-Pacific,Cook Islands (southern),PAC9,"Avarua, Rarotonga",-21.2,-159.77,2012-07-31,17,RLS,25,09:00:00,,,1,1,Chordata,Actinopterygii,Perciformes,Acanthuridae,Ctenochaetus striatus,Ctenochaetus striatus,7.5,5,64.9075,POINT (-159.77000427246094 -21.200000762939453)
ep_m1_public_data.fid-7cdaa17e_183dabd0b4f_-7a08,912341107,Cook Islands,Rarotonga,Southern Cook/Austral Islands,Eastern Indo-Pacific,Cook Islands (southern),PAC9,"Avarua, Rarotonga",-21.2,-159.77,2012-07-31,17,RLS,25,09:00:00,,,1,1,Chordata,Actinopterygii,Perciformes,Acanthuridae,Ctenochaetus striatus,Ctenochaetus striatus,10,25,783.343,POINT (-159.77000427246094 -21.200000762939453)
ep_m1_public_data.fid-7cdaa17e_183dabd0b4f_-7a07,912341107,Cook Islands,Rarotonga,Southern Cook/Austral Islands,Eastern Indo-Pacific,Cook Islands (southern),PAC9,"Avarua, Rarotonga",-21.2,-159.77,2012-07-31,17,RLS,25,09:00:00,,,1,1,Chordata,Actinopterygii,Perciformes,Acanthuridae,Ctenochaetus striatus,Ctenochaetus striatus,12.5,25,1551.627,POINT (-159.77000427246094 -21.200000762939453)
ep_m1_public_data.fid-7cdaa17e_183dabd0b4f_-7a06,912341107,Cook Islands,Rarotonga,Southern Cook/Austral Islands,Eastern Indo-Pacific,Cook Islands (southern),PAC9,"Avarua, Rarotonga",-21.2,-159.77,2012-07-31,17,RLS,25,09:00:00,,,1,1,Chordata,Actinopterygii,Perciformes,Acanthuridae,Naso unicornis,Naso unicornis,30,2,709.5797,POINT (-159.77000427246094 -21.200000762939453)
ep_m1_public_data.fid-7cdaa17e_183dabd0b4f_-7a05,912341107,Cook Islands,Rarotonga,Southern Cook/Austral Islands,Eastern Indo-Pacific,Cook Islands (southern),PAC9,"Avarua, Rarotonga",-21.2,-159.77,2012-07-31,17,RLS,25,09:00:00,,,1,1,Chordata,Actinopterygii,Perciformes,Acanthuridae,Zebrasoma scopas,Zebrasoma scopas,15,2,332.624,POINT (-159.77000427246094 -21.200000762939453)
ep_m1_public_data.fid-7cdaa17e_183dabd0b4f_-7a04,912341107,Cook Islands,Rarotonga,Southern Cook/Austral Islands,Eastern Indo-Pacific,Cook Islands (southern),PAC9,"Avarua, Rarotonga",-21.2,-159.77,2012-07-31,17,RLS,25,09:00:00,,,1,1,Chordata,Actinopterygii,Perciformes,Chaetodontidae,Chaetodon auriga,Chaetodon auriga,12.5,1,85.8111,POINT (-159.77000427246094 -21.200000762939453)
ep_m1_public_data.fid-7cdaa17e_183dabd0b4f_-7a03,912341107,Cook Islands,Rarotonga,Southern Cook/Austral Islands,Eastern Indo-Pacific,Cook Islands (southern),PAC9,"Avarua, Rarotonga",-21.2,-159.77,2012-07-31,17,RLS,25,09:00:00,,,1,1,Chordata,Actinopterygii,Perciformes,Chaetodontidae,Chaetodon ornatissimus,Chaetodon ornatissimus,15,2,354.1525,POINT (-159.77000427246094 -21.200000762939453)
ep_m1_public_data.fid-7cdaa17e_183dabd0b4f_-7a02,912341107,Cook Islands,Rarotonga,Southern Cook/Austral Islands,Eastern Indo-Pacific,Cook Islands (southern),PAC9,"Avarua, Rarotonga",-21.2,-159.77,2012-07-31,17,RLS,25,09:00:00,,,1,1,Chordata,Actinopterygii,Perciformes,Labridae,Cheilinus trilobatus,Cheilinus trilobatus,15,1,112.0453,POINT (-159.77000427246094 -21.200000762939453)
ep_m1_public_data.fid-7cdaa17e_183dabd0b4f_-7a01,912341107,Cook Islands,Rarotonga,Southern Cook/Austral Islands,Eastern Indo-Pacific,Cook Islands (southern),PAC9,"Avarua, Rarotonga",-21.2,-159.77,2012-07-31,17,RLS,25,09:00:00,,,1,1,Chordata,Actinopterygii,Perciformes,Labridae,Cheilinus trilobatus,Cheilinus trilobatus,20,2,493.4996,POINT (-159.77000427246094 -21.200000762939453)
ep_m1_public_data.fid-7cdaa17e_183dabd0b4f_-7a00,912341107,Cook Islands,Rarotonga,Southern Cook/Austral Islands,Eastern Indo-Pacific,Cook Islands (southern),PAC9,"Avarua, Rarotonga",-21.2,-159.77,2012-07-31,17,RLS,25,09:00:00,,,1,1,Chordata,Actinopterygii,Perciformes,Labridae,Cheilinus trilobatus,Cheilinus trilobatus,25,1,378.5989,POINT (-159.77000427246094 -21.200000762939453)
ep_m1_public_data.fid-7cdaa17e_183dabd0b4f_-79ff,912341107,Cook Islands,Rarotonga,Southern Cook/Austral Islands,Eastern Indo-Pacific,Cook Islands (southern),PAC9,"Avarua, Rarotonga",-21.2,-159.77,2012-07-31,17,RLS,25,09:00:00,,,1,1,Chordata,Actinopterygii,Perciformes,Labridae,Halichoeres hortulanus,Halichoeres hortulanus,20,1,184.1304,POINT (-159.77000427246094 -21.200000762939453)
ep_m1_public_data.fid-7cdaa17e_183dabd0b4f_-79fe,912341107,Cook Islands,Rarotonga,Southern Cook/Austral Islands,Eastern Indo-Pacific,Cook Islands (southern),PAC9,"Avarua, Rarotonga",-21.2,-159.77,2012-07-31,17,RLS,25,09:00:00,,,1,1,Chordata,Actinopterygii,Perciformes,Labridae,Hologymnosus annulatus,Hologymnosus annulatus,20,1,139.8826,POINT (-159.77000427246094 -21.200000762939453)
ep_m1_public_data.fid-7cdaa17e_183dabd0b4f_-79fd,912341107,Cook Islands,Rarotonga,Southern Cook/Austral Islands,Eastern Indo-Pacific,Cook Islands (southern),PAC9,"Avarua, Rarotonga",-21.2,-159.77,2012-07-31,17,RLS,25,09:00:00,,,1,1,Chordata,Actinopterygii,Perciformes,Labridae,Labroides dimidiatus,Labroides dimidiatus,7.5,2,14.2902,POINT (-159.77000427246094 -21.200000762939453)
ep_m1_public_data.fid-7cdaa17e_183dabd0b4f_-79fc,912341107,Cook Islands,Rarotonga,Southern Cook/Austral Islands,Eastern Indo-Pacific,Cook Islands (southern),PAC9,"Avarua, Rarotonga",-21.2,-159.77,2012-07-31,17,RLS,25,09:00:00,,,1,1,Chordata,Actinopterygii,Perciformes,Labridae,Pseudocheilinus octotaenia,Pseudocheilinus octotaenia,7.5,1,8.5433,POINT (-159.77000427246094 -21.200000762939453)
ep_m1_public_data.fid-7cdaa17e_183dabd0b4f_-79fb,912341107,Cook Islands,Rarotonga,Southern Cook/Austral Islands,Eastern Indo-Pacific,Cook Islands (southern),PAC9,"Avarua, Rarotonga",-21.2,-159.77,2012-07-31,17,RLS,25,09:00:00,,,1,1,Chordata,Actinopterygii,Perciformes,Mullidae,Parupeneus multifasciatus,Parupeneus multifasciatus,25,1,191.4906,POINT (-159.77000427246094 -21.200000762939453)
ep_m1_public_data.fid-7cdaa17e_183dabd0b4f_-79fa,912341107,Cook Islands,Rarotonga,Southern Cook/Austral Islands,Eastern Indo-Pacific,Cook Islands (southern),PAC9,"Avarua, Rarotonga",-21.2,-159.77,2012-07-31,17,RLS,25,09:00:00,,,1,1,Chordata,Actinopterygii,Perciformes,Pomacentridae,Stegastes fasciolatus,Stegastes fasciolatus,10,1,44.4364,POINT (-159.77000427246094 -21.200000762939453)
ep_m1_public_data.fid-7cdaa17e_183dabd0b4f_-79f9,912341107,Cook Islands,Rarotonga,Southern Cook/Austral Islands,Eastern Indo-Pacific,Cook Islands (southern),PAC9,"Avarua, Rarotonga",-21.2,-159.77,2012-07-31,17,RLS,25,09:00:00,,,1,1,Chordata,Actinopterygii,Perciformes,Scaridae,Chlorurus sordidus,Chlorurus sordidus,15,2,259.1435,POINT (-159.77000427246094 -21.200000762939453)
ep_m1_public_data.fid-7cdaa17e_183dabd0b4f_-79f8,912341107,Cook Islands,Rarotonga,Southern Cook/Austral Islands,Eastern Indo-Pacific,Cook Islands (southern),PAC9,"Avarua, Rarotonga",-21.2,-159.77,2012-07-31,17,RLS,25,09:00:00,,,1,1,Chordata,Actinopterygii,Perciformes,Scaridae,Scarus forsteni,Scarus forsteni,30,4,2101.337,POINT (-159.77000427246094 -21.200000762939453)
ep_m1_public_data.fid-7cdaa17e_183dabd0b4f_-79f7,912341107,Cook Islands,Rarotonga,Southern Cook/Austral Islands,Eastern Indo-Pacific,Cook Islands (southern),PAC9,"Avarua, Rarotonga",-21.2,-159.77,2012-07-31,17,RLS,25,09:00:00,,,1,1,Chordata,Actinopterygii,Perciformes,Serranidae,Pseudanthias olivaceus,Pseudanthias olivaceus,2.5,8,3.2762,POINT (-159.77000427246094 -21.200000762939453)
ep_m1_public_data.fid-7cdaa17e_183dabd0b4f_-79f6,912341107,Cook Islands,Rarotonga,Southern Cook/Austral Islands,Eastern Indo-Pacific,Cook Islands (southern),PAC9,"Avarua, Rarotonga",-21.2,-159.77,2012-07-31,17,RLS,25,09:00:00,,,1,1,Chordata,Actinopterygii,Tetraodontiformes,Monacanthidae,Cantherhines sandwichiensis,Cantherhines sandwichiensis,12.5,1,73.9832,POINT (-159.77000427246094 -21.200000762939453)
ep_m1_public_data.fid-7cdaa17e_183dabd0b4f_-79f5,912341107,Cook Islands,Rarotonga,Southern Cook/Austral Islands,Eastern Indo-Pacific,Cook Islands (southern),PAC9,"Avarua, Rarotonga",-21.2,-159.77,2012-07-31,17,RLS,25,09:00:00,,,1,1,Chordata,Actinopterygii,Tetraodontiformes,Tetraodontidae,Canthigaster papua,Canthigaster papua,7.5,2,42.4728,POINT (-159.77000427246094 -21.200000762939453)
ep_m1_public_data.fid-7cdaa17e_183dabd0b4f_-79f4,912341107,Cook Islands,Rarotonga,Southern Cook/Austral Islands,Eastern Indo-Pacific,Cook Islands (southern),PAC9,"Avarua, Rarotonga",-21.2,-159.77,2012-07-31,17,RLS,25,09:00:00,,,1,2,Chordata,Actinopterygii,Perciformes,Acanthuridae,Acanthurus nigrofuscus,Acanthurus nigrofuscus,5,4,12.6541,POINT (-159.77000427246094 -21.200000762939453)
ep_m1_public_data.fid-7cdaa17e_183dabd0b4f_-79f3,912341107,Cook Islands,Rarotonga,Southern Cook/Austral Islands,Eastern Indo-Pacific,Cook Islands (southern),PAC9,"Avarua, Rarotonga",-21.2,-159.77,2012-07-31,17,RLS,25,09:00:00,,,1,2,Chordata,Actinopterygii,Perciformes,Acanthuridae,Ctenochaetus striatus,Ctenochaetus striatus,7.5,8,103.8519,POINT (-159.77000427246094 -21.200000762939453)
ep_m1_public_data.fid-7cdaa17e_183dabd0b4f_-79f2,912341107,Cook Islands,Rarotonga,Southern Cook/Austral Islands,Eastern Indo-Pacific,Cook Islands (southern),PAC9,"Avarua, Rarotonga",-21.2,-159.77,2012-07-31,17,RLS,25,09:00:00,,,1,2,Chordata,Actinopterygii,Perciformes,Acanthuridae,Ctenochaetus striatus,Ctenochaetus striatus,12.5,35,2172.2776,POINT (-159.77000427246094 -21.200000762939453)
ep_m1_public_data.fid-7cdaa17e_183dabd0b4f_-79f1,912341107,Cook Islands,Rarotonga,Southern Cook/Austral Islands,Eastern Indo-Pacific,Cook Islands (southern),PAC9,"Avarua, Rarotonga",-21.2,-159.77,2012-07-31,17,RLS,25,09:00:00,,,1,2,Chordata,Actinopterygii,Perciformes,Acanthuridae,Naso unicornis,Naso unicornis,35,1,493.8623,POINT (-159.77000427246094 -21.200000762939453)
ep_m1_public_data.fid-7cdaa17e_183dabd0b4f_-79f0,912341107,Cook Islands,Rarotonga,Southern Cook/Austral Islands,Eastern Indo-Pacific,Cook Islands (southern),PAC9,"Avarua, Rarotonga",-21.2,-159.77,2012-07-31,17,RLS,25,09:00:00,,,1,2,Chordata,Actinopterygii,Perciformes,Chaetodontidae,Chaetodon pelewensis,Chaetodon pelewensis,7.5,4,84.7433,POINT (-159.77000427246094 -21.200000762939453)
ep_m1_public_data.fid-7cdaa17e_183dabd0b4f_-79ef,912341107,Cook Islands,Rarotonga,Southern Cook/Austral Islands,Eastern Indo-Pacific,Cook Islands (southern),PAC9,"Avarua, Rarotonga",-21.2,-159.77,2012-07-31,17,RLS,25,09:00:00,,,1,2,Chordata,Actinopterygii,Perciformes,Cirrhitidae,Paracirrhites forsteri,Paracirrhites forsteri,15,1,112.8661,POINT (-159.77000427246094 -21.200000762939453)
ep_m1_public_data.fid-7cdaa17e_183dabd0b4f_-79ee,912341107,Cook Islands,Rarotonga,Southern Cook/Austral Islands,Eastern Indo-Pacific,Cook Islands (southern),PAC9,"Avarua, Rarotonga",-21.2,-159.77,2012-07-31,17,RLS,25,09:00:00,,,1,2,Chordata,Actinopterygii,Perciformes,Labridae,Coris aygula,Coris aygula,20,1,159.246,POINT (-159.77000427246094 -21.200000762939453)
ep_m1_public_data.fid-7cdaa17e_183dabd0b4f_-79ed,912341107,Cook Islands,Rarotonga,Southern Cook/Austral Islands,Eastern Indo-Pacific,Cook Islands (southern),PAC9,"Avarua, Rarotonga",-21.2,-159.77,2012-07-31,17,RLS,25,09:00:00,,,1,2,Chordata,Actinopterygii,Perciformes,Labridae,Halichoeres hortulanus,Halichoeres hortulanus,25,1,282.717,POINT (-159.77000427246094 -21.200000762939453)
ep_m1_public_data.fid-7cdaa17e_183dabd0b4f_-79ec,912341107,Cook Islands,Rarotonga,Southern Cook/Austral Islands,Eastern Indo-Pacific,Cook Islands (southern),PAC9,"Avarua, Rarotonga",-21.2,-159.77,2012-07-31,17,RLS,25,09:00:00,,,1,2,Chordata,Actinopterygii,Perciformes,Labridae,Labroides dimidiatus,Labroides dimidiatus,2.5,2,0.4106,POINT (-159.77000427246094 -21.200000762939453)
ep_m1_public_data.fid-7cdaa17e_183dabd0b4f_-79eb,912341107,Cook Islands,Rarotonga,Southern Cook/Austral Islands,Eastern Indo-Pacific,Cook Islands (southern),PAC9,"Avarua, Rarotonga",-21.2,-159.77,2012-07-31,17,RLS,25,09:00:00,,,1,2,Chordata,Actinopterygii,Perciformes,Labridae,Labroides dimidiatus,Labroides dimidiatus,7.5,1,7.1451,POINT (-159.77000427246094 -21.200000762939453)
ep_m1_public_data.fid-7cdaa17e_183dabd0b4f_-79ea,912341107,Cook Islands,Rarotonga,Southern Cook/Austral Islands,Eastern Indo-Pacific,Cook Islands (southern),PAC9,"Avarua, Rarotonga",-21.2,-159.77,2012-07-31,17,RLS,25,09:00:00,,,1,2,Chordata,Actinopterygii,Perciformes,Labridae,Labroides rubrolabiatus,Labroides rubrolabiatus,7.5,2,14.2902,POINT (-159.77000427246094 -21.200000762939453)
ep_m1_public_data.fid-7cdaa17e_183dabd0b4f_-79e9,912341107,Cook Islands,Rarotonga,Southern Cook/Austral Islands,Eastern Indo-Pacific,Cook Islands (southern),PAC9,"Avarua, Rarotonga",-21.2,-159.77,2012-07-31,17,RLS,25,09:00:00,,,1,2,Chordata,Actinopterygii,Perciformes,Labridae,Thalassoma lutescens,Thalassoma lutescens,15,4,212.3836,POINT (-159.77000427246094 -21.200000762939453)
ep_m1_public_data.fid-7cdaa17e_183dabd0b4f_-79e8,912341107,Cook Islands,Rarotonga,Southern Cook/Austral Islands,Eastern Indo-Pacific,Cook Islands (southern),PAC9,"Avarua, Rarotonga",-21.2,-159.77,2012-07-31,17,RLS,25,09:00:00,,,1,2,Chordata,Actinopterygii,Perciformes,Lethrinidae,Monotaxis grandoculis,Monotaxis grandoculis,10,1,31.3857,POINT (-159.77000427246094 -21.200000762939453)
ep_m1_public_data.fid-7cdaa17e_183dabd0b4f_-79e7,912341107,Cook Islands,Rarotonga,Southern Cook/Austral Islands,Eastern Indo-Pacific,Cook Islands (southern),PAC9,"Avarua, Rarotonga",-21.2,-159.77,2012-07-31,17,RLS,25,09:00:00,,,1,2,Chordata,Actinopterygii,Perciformes,Pomacentridae,Chromis agilis,Chromis agilis,5,1,3.755,POINT (-159.77000427246094 -21.200000762939453)
ep_m1_public_data.fid-7cdaa17e_183dabd0b4f_-79e6,912341107,Cook Islands,Rarotonga,Southern Cook/Austral Islands,Eastern Indo-Pacific,Cook Islands (southern),PAC9,"Avarua, Rarotonga",-21.2,-159.77,2012-07-31,17,RLS,25,09:00:00,,,1,2,Chordata,Actinopterygii,Perciformes,Pomacentridae,Chromis xanthura,Chromis xanthura,2.5,2,0.8077,POINT (-159.77000427246094 -21.200000762939453)
ep_m1_public_data.fid-7cdaa17e_183dabd0b4f_-79e5,912341107,Cook Islands,Rarotonga,Southern Cook/Austral Islands,Eastern Indo-Pacific,Cook Islands (southern),PAC9,"Avarua, Rarotonga",-21.2,-159.77,2012-07-31,17,RLS,25,09:00:00,,,1,2,Chordata,Actinopterygii,Perciformes,Pomacentridae,Pomacentrus vaiuli,Pomacentrus vaiuli,2.5,2,1.141,POINT (-159.77000427246094 -21.200000762939453)
ep_m1_public_data.fid-7cdaa17e_183dabd0b4f_-79e4,912341107,Cook Islands,Rarotonga,Southern Cook/Austral Islands,Eastern Indo-Pacific,Cook Islands (southern),PAC9,"Avarua, Rarotonga",-21.2,-159.77,2012-07-31,17,RLS,25,09:00:00,,,1,2,Chordata,Actinopterygii,Perciformes,Serranidae,Pseudanthias olivaceus,Pseudanthias olivaceus,5,2,6.9501,POINT (-159.77000427246094 -21.200000762939453)
ep_m1_public_data.fid-7cdaa17e_183dabd0b4f_-79e3,912341107,Cook Islands,Rarotonga,Southern Cook/Austral Islands,Eastern Indo-Pacific,Cook Islands (southern),PAC9,"Avarua, Rarotonga",-21.2,-159.77,2012-07-31,17,RLS,25,09:00:00,,,1,2,Chordata,Actinopterygii,Tetraodontiformes,Balistidae,Sufflamen bursa,Sufflamen bursa,20,1,326.1817,POINT (-159.77000427246094 -21.200000762939453)
ep_m1_public_data.fid-7cdaa17e_183dabd0b4f_-79e2,912341108,Cook Islands,Rarotonga,Southern Cook/Austral Islands,Eastern Indo-Pacific,Cook Islands (southern),PAC10,"Avatiu W, Rarotonga",-21.2,-159.79,2012-08-01,10,RLS,20,15:00:00,,,1,1,Chordata,Actinopterygii,Perciformes,Acanthuridae,Acanthurus nigrofuscus,Acanthurus nigrofuscus,10,46,1411.5751,POINT (-159.7899932861328 -21.200000762939453)
ep_m1_public_data.fid-7cdaa17e_183dabd0b4f_-79e1,912341108,Cook Islands,Rarotonga,Southern Cook/Austral Islands,Eastern Indo-Pacific,Cook Islands (southern),PAC10,"Avatiu W, Rarotonga",-21.2,-159.79,2012-08-01,10,RLS,20,15:00:00,,,1,1,Chordata,Actinopterygii,Perciformes,Acanthuridae,Acanthurus nigrofuscus,Acanthurus nigrofuscus,12.5,12,765.2413,POINT (-159.7899932861328 -21.200000762939453)
ep_m1_public_data.fid-7cdaa17e_183dabd0b4f_-79e0,912341108,Cook Islands,Rarotonga,Southern Cook/Austral Islands,Eastern Indo-Pacific,Cook Islands (southern),PAC10,"Avatiu W, Rarotonga",-21.2,-159.79,2012-08-01,10,RLS,20,15:00:00,,,1,1,Chordata,Actinopterygii,Perciformes,Acanthuridae,Ctenochaetus striatus,Ctenochaetus striatus,15,24,2603.6985,POINT (-159.7899932861328 -21.200000762939453)
ep_m1_public_data.fid-7cdaa17e_183dabd0b4f_-79df,912341108,Cook Islands,Rarotonga,Southern Cook/Austral Islands,Eastern Indo-Pacific,Cook Islands (southern),PAC10,"Avatiu W, Rarotonga",-21.2,-159.79,2012-08-01,10,RLS,20,15:00:00,,,1,1,Chordata,Actinopterygii,Perciformes,Acanthuridae,Ctenochaetus striatus,Ctenochaetus striatus,20,25,5979.033,POINT (-159.7899932861328 -21.200000762939453)
ep_m1_public_data.fid-7cdaa17e_183dabd0b4f_-79de,912341108,Cook Islands,Rarotonga,Southern Cook/Austral Islands,Eastern Indo-Pacific,Cook Islands (southern),PAC10,"Avatiu W, Rarotonga",-21.2,-159.79,2012-08-01,10,RLS,20,15:00:00,,,1,1,Chordata,Actinopterygii,Perciformes,Acanthuridae,Ctenochaetus striatus,Ctenochaetus striatus,25,11,4038.772,POINT (-159.7899932861328 -21.200000762939453)
ep_m1_public_data.fid-7cdaa17e_183dabd0b4f_-79dd,912341108,Cook Islands,Rarotonga,Southern Cook/Austral Islands,Eastern Indo-Pacific,Cook Islands (southern),PAC10,"Avatiu W, Rarotonga",-21.2,-159.79,2012-08-01,10,RLS,20,15:00:00,,,1,1,Chordata,Actinopterygii,Perciformes,Labridae,Halichoeres marginatus,Halichoeres marginatus,10,1,25.6213,POINT (-159.7899932861328 -21.200000762939453)
ep_m1_public_data.fid-7cdaa17e_183dabd0b4f_-79dc,912341108,Cook Islands,Rarotonga,Southern Cook/Austral Islands,Eastern Indo-Pacific,Cook Islands (southern),PAC10,"Avatiu W, Rarotonga",-21.2,-159.79,2012-08-01,10,RLS,20,15:00:00,,,1,1,Chordata,Actinopterygii,Perciformes,Labridae,Halichoeres ornatissimus,Halichoeres ornatissimus,7.5,12,110.8251,POINT (-159.7899932861328 -21.200000762939453)
ep_m1_public_data.fid-7cdaa17e_183dabd0b4f_-79db,912341108,Cook Islands,Rarotonga,Southern Cook/Austral Islands,Eastern Indo-Pacific,Cook Islands (southern),PAC10,"Avatiu W, Rarotonga",-21.2,-159.79,2012-08-01,10,RLS,20,15:00:00,,,1,1,Chordata,Actinopterygii,Perciformes,Labridae,Thalassoma lutescens,Thalassoma lutescens,12.5,2,60.9848,POINT (-159.7899932861328 -21.200000762939453)
ep_m1_public_data.fid-7cdaa17e_183dabd0b4f_-79da,912341108,Cook Islands,Rarotonga,Southern Cook/Austral Islands,Eastern Indo-Pacific,Cook Islands (southern),PAC10,"Avatiu W, Rarotonga",-21.2,-159.79,2012-08-01,10,RLS,20,15:00:00,,,1,1,Chordata,Actinopterygii,Perciformes,Labridae,Thalassoma quinquevittatum,Thalassoma quinquevittatum,12.5,1,46.9125,POINT (-159.7899932861328 -21.200000762939453)
ep_m1_public_data.fid-7cdaa17e_183dabd0b4f_-79d9,912341108,Cook Islands,Rarotonga,Southern Cook/Austral Islands,Eastern Indo-Pacific,Cook Islands (southern),PAC10,"Avatiu W, Rarotonga",-21.2,-159.79,2012-08-01,10,RLS,20,15:00:00,,,1,1,Chordata,Actinopterygii,Perciformes,Pomacentridae,Chromis xanthura,Chromis xanthura,2.5,5,2.0192,POINT (-159.7899932861328 -21.200000762939453)
ep_m1_public_data.fid-7cdaa17e_183dabd0b4f_-79d8,912341108,Cook Islands,Rarotonga,Southern Cook/Austral Islands,Eastern Indo-Pacific,Cook Islands (southern),PAC10,"Avatiu W, Rarotonga",-21.2,-159.79,2012-08-01,10,RLS,20,15:00:00,,,1,1,Chordata,Actinopterygii,Perciformes,Pomacentridae,Pomacentrus fuscidorsalis,Pomacentrus fuscidorsalis,2.5,33,12.57,POINT (-159.7899932861328 -21.200000762939453)
ep_m1_public_data.fid-7cdaa17e_183dabd0b4f_-79d7,912341108,Cook Islands,Rarotonga,Southern Cook/Austral Islands,Eastern Indo-Pacific,Cook Islands (southern),PAC10,"Avatiu W, Rarotonga",-21.2,-159.79,2012-08-01,10,RLS,20,15:00:00,,,1,1,Chordata,Actinopterygii,Perciformes,Pomacentridae,Pomacentrus fuscidorsalis,Pomacentrus fuscidorsalis,5,6,15.6433,POINT (-159.7899932861328 -21.200000762939453)
ep_m1_public_data.fid-7cdaa17e_183dabd0b4f_-79d6,912341108,Cook Islands,Rarotonga,Southern Cook/Austral Islands,Eastern Indo-Pacific,Cook Islands (southern),PAC10,"Avatiu W, Rarotonga",-21.2,-159.79,2012-08-01,10,RLS,20,15:00:00,,,1,1,Chordata,Actinopterygii,Perciformes,Pomacentridae,Stegastes fasciolatus,Stegastes fasciolatus,10,15,666.5455,POINT (-159.7899932861328 -21.200000762939453)
ep_m1_public_data.fid-7cdaa17e_183dabd0b4f_-79d5,912341108,Cook Islands,Rarotonga,Southern Cook/Austral Islands,Eastern Indo-Pacific,Cook Islands (southern),PAC10,"Avatiu W, Rarotonga",-21.2,-159.79,2012-08-01,10,RLS,20,15:00:00,,,1,2,Chordata,Actinopterygii,Perciformes,Acanthuridae,Ctenochaetus striatus,Ctenochaetus striatus,12.5,14,868.9111,POINT (-159.7899932861328 -21.200000762939453)
ep_m1_public_data.fid-7cdaa17e_183dabd0b4f_-79d4,912341108,Cook Islands,Rarotonga,Southern Cook/Austral Islands,Eastern Indo-Pacific,Cook Islands (southern),PAC10,"Avatiu W, Rarotonga",-21.2,-159.79,2012-08-01,10,RLS,20,15:00:00,,,1,2,Chordata,Actinopterygii,Perciformes,Chaetodontidae,Heniochus monoceros,Heniochus monoceros,25,1,638.7691,POINT (-159.7899932861328 -21.200000762939453)
ep_m1_public_data.fid-7cdaa17e_183dabd0b4f_-79d3,912341108,Cook Islands,Rarotonga,Southern Cook/Austral Islands,Eastern Indo-Pacific,Cook Islands (southern),PAC10,"Avatiu W, Rarotonga",-21.2,-159.79,2012-08-01,10,RLS,20,15:00:00,,,1,2,Chordata,Actinopterygii,Perciformes,Labridae,Halichoeres ornatissimus,Halichoeres ornatissimus,5,12,31.1384,POINT (-159.7899932861328 -21.200000762939453)
ep_m1_public_data.fid-7cdaa17e_183dabd0b4f_-79d2,912341108,Cook Islands,Rarotonga,Southern Cook/Austral Islands,Eastern Indo-Pacific,Cook Islands (southern),PAC10,"Avatiu W, Rarotonga",-21.2,-159.79,2012-08-01,10,RLS,20,15:00:00,,,1,2,Chordata,Actinopterygii,Perciformes,Labridae,Halichoeres ornatissimus,Halichoeres ornatissimus,7.5,8,73.8834,POINT (-159.7899932861328 -21.200000762939453)
ep_m1_public_data.fid-7cdaa17e_183dabd0b4f_-79d1,912341108,Cook Islands,Rarotonga,Southern Cook/Austral Islands,Eastern Indo-Pacific,Cook Islands (southern),PAC10,"Avatiu W, Rarotonga",-21.2,-159.79,2012-08-01,10,RLS,20,15:00:00,,,1,2,Chordata,Actinopterygii,Perciformes,Labridae,Labroides dimidiatus,Labroides dimidiatus,7.5,2,14.2902,POINT (-159.7899932861328 -21.200000762939453)
ep_m1_public_data.fid-7cdaa17e_183dabd0b4f_-79d0,912341108,Cook Islands,Rarotonga,Southern Cook/Austral Islands,Eastern Indo-Pacific,Cook Islands (southern),PAC10,"Avatiu W, Rarotonga",-21.2,-159.79,2012-08-01,10,RLS,20,15:00:00,,,1,2,Chordata,Actinopterygii,Perciformes,Labridae,Labroides rubrolabiatus,Labroides rubrolabiatus,5,1,1.9278,POINT (-159.7899932861328 -21.200000762939453)
ep_m1_public_data.fid-7cdaa17e_183dabd0b4f_-79cf,912341108,Cook Islands,Rarotonga,Southern Cook/Austral Islands,Eastern Indo-Pacific,Cook Islands (southern),PAC10,"Avatiu W, Rarotonga",-21.2,-159.79,2012-08-01,10,RLS,20,15:00:00,,,1,2,Chordata,Actinopterygii,Perciformes,Labridae,Thalassoma lutescens,Thalassoma lutescens,15,2,106.1918,POINT (-159.7899932861328 -21.200000762939453)
ep_m1_public_data.fid-7cdaa17e_183dabd0b4f_-79ce,912341108,Cook Islands,Rarotonga,Southern Cook/Austral Islands,Eastern Indo-Pacific,Cook Islands (southern),PAC10,"Avatiu W, Rarotonga",-21.2,-159.79,2012-08-01,10,RLS,20,15:00:00,,,1,2,Chordata,Actinopterygii,Perciformes,Mullidae,Parupeneus insularis,Parupeneus insularis,15,1,53.3441,POINT (-159.7899932861328 -21.200000762939453)
ep_m1_public_data.fid-7cdaa17e_183dabd0b4f_-79cd,912341108,Cook Islands,Rarotonga,Southern Cook/Austral Islands,Eastern Indo-Pacific,Cook Islands (southern),PAC10,"Avatiu W, Rarotonga",-21.2,-159.79,2012-08-01,10,RLS,20,15:00:00,,,1,2,Chordata,Actinopterygii,Perciformes,Pomacanthidae,Centropyge flavissima,Centropyge flavissima,7.5,1,22.8598,POINT (-159.7899932861328 -21.200000762939453)
ep_m1_public_data.fid-7cdaa17e_183dabd0b4f_-79cc,912341108,Cook Islands,Rarotonga,Southern Cook/Austral Islands,Eastern Indo-Pacific,Cook Islands (southern),PAC10,"Avatiu W, Rarotonga",-21.2,-159.79,2012-08-01,10,RLS,20,15:00:00,,,1,2,Chordata,Actinopterygii,Perciformes,Pomacentridae,Chromis acares,Chromis acares,2.5,25,10.0958,POINT (-159.7899932861328 -21.200000762939453)
ep_m1_public_data.fid-7cdaa17e_183dabd0b4f_-79cb,912341108,Cook Islands,Rarotonga,Southern Cook/Austral Islands,Eastern Indo-Pacific,Cook Islands (southern),PAC10,"Avatiu W, Rarotonga",-21.2,-159.79,2012-08-01,10,RLS,20,15:00:00,,,1,2,Chordata,Actinopterygii,Perciformes,Pomacentridae,Chromis agilis,Chromis agilis,5,6,22.5301,POINT (-159.7899932861328 -21.200000762939453)
ep_m1_public_data.fid-7cdaa17e_183dabd0b4f_-79ca,912341108,Cook Islands,Rarotonga,Southern Cook/Austral Islands,Eastern Indo-Pacific,Cook Islands (southern),PAC10,"Avatiu W, Rarotonga",-21.2,-159.79,2012-08-01,10,RLS,20,15:00:00,,,1,2,Chordata,Actinopterygii,Perciformes,Pomacentridae,Chromis xanthura,Chromis xanthura,2.5,8,3.2306,POINT (-159.7899932861328 -21.200000762939453)
ep_m1_public_data.fid-7cdaa17e_183dabd0b4f_-79c9,912341108,Cook Islands,Rarotonga,Southern Cook/Austral Islands,Eastern Indo-Pacific,Cook Islands (southern),PAC10,"Avatiu W, Rarotonga",-21.2,-159.79,2012-08-01,10,RLS,20,15:00:00,,,1,2,Chordata,Actinopterygii,Perciformes,Pomacentridae,Pomacentrus vaiuli,Pomacentrus vaiuli,5,1,3.5267,POINT (-159.7899932861328 -21.200000762939453)
ep_m1_public_data.fid-7cdaa17e_183dabd0b4f_-79c8,912341108,Cook Islands,Rarotonga,Southern Cook/Austral Islands,Eastern Indo-Pacific,Cook Islands (southern),PAC10,"Avatiu W, Rarotonga",-21.2,-159.79,2012-08-01,10,RLS,20,15:00:00,,,1,2,Chordata,Actinopterygii,Perciformes,Scaridae,Chlorurus sordidus,Chlorurus sordidus,35,1,848.7292,POINT (-159.7899932861328 -21.200000762939453)
ep_m1_public_data.fid-7cdaa17e_183dabd0b4f_-79c7,912341108,Cook Islands,Rarotonga,Southern Cook/Austral Islands,Eastern Indo-Pacific,Cook Islands (southern),PAC10,"Avatiu W, Rarotonga",-21.2,-159.79,2012-08-01,10,RLS,20,15:00:00,,,1,2,Chordata,Actinopterygii,Perciformes,Scaridae,Scarus forsteni,Scarus forsteni,35,1,730.7797,POINT (-159.7899932861328 -21.200000762939453)
ep_m1_public_data.fid-7cdaa17e_183dabd0b4f_-79c6,912341108,Cook Islands,Rarotonga,Southern Cook/Austral Islands,Eastern Indo-Pacific,Cook Islands (southern),PAC10,"Avatiu W, Rarotonga",-21.2,-159.79,2012-08-01,10,RLS,20,15:00:00,,,1,2,Chordata,Actinopterygii,Perciformes,Scaridae,Scarus schlegeli,Scarus schlegeli,35,1,761.4329,POINT (-159.7899932861328 -21.200000762939453)
ep_m1_public_data.fid-7cdaa17e_183dabd0b4f_-79c5,912341108,Cook Islands,Rarotonga,Southern Cook/Austral Islands,Eastern Indo-Pacific,Cook Islands (southern),PAC10,"Avatiu W, Rarotonga",-21.2,-159.79,2012-08-01,10,RLS,20,15:00:00,,,1,2,Chordata,Actinopterygii,Perciformes,Serranidae,Cephalopholis urodeta,Cephalopholis urodeta,20,1,201.1213,POINT (-159.7899932861328 -21.200000762939453)
ep_m1_public_data.fid-7cdaa17e_183dabd0b4f_-79c4,912341108,Cook Islands,Rarotonga,Southern Cook/Austral Islands,Eastern Indo-Pacific,Cook Islands (southern),PAC10,"Avatiu W, Rarotonga",-21.2,-159.79,2012-08-01,10,RLS,20,15:00:00,,,1,2,Chordata,Actinopterygii,Scorpaeniformes,Scorpaenidae,Pterois radiata,Pterois radiata,20,1,270.4168,POINT (-159.7899932861328 -21.200000762939453)
ep_m1_public_data.fid-7cdaa17e_183dabd0b4f_-79c3,912341109,Cook Islands,Rarotonga,Southern Cook/Austral Islands,Eastern Indo-Pacific,Cook Islands (southern),PAC10,"Avatiu W, Rarotonga",-21.2,-159.79,2012-08-01,10.1,RLS,20,15:00:00,,,1,1,Chordata,Actinopterygii,Perciformes,Acanthuridae,Acanthurus nigrofuscus,Acanthurus nigrofuscus,7.5,18,215.1144,POINT (-159.7899932861328 -21.200000762939453)
ep_m1_public_data.fid-7cdaa17e_183dabd0b4f_-79c2,912341109,Cook Islands,Rarotonga,Southern Cook/Austral Islands,Eastern Indo-Pacific,Cook Islands (southern),PAC10,"Avatiu W, Rarotonga",-21.2,-159.79,2012-08-01,10.1,RLS,20,15:00:00,,,1,1,Chordata,Actinopterygii,Perciformes,Acanthuridae,Acanthurus nigrofuscus,Acanthurus nigrofuscus,10,18,552.3555,POINT (-159.7899932861328 -21.200000762939453)
ep_m1_public_data.fid-7cdaa17e_183dabd0b4f_-79c1,912341109,Cook Islands,Rarotonga,Southern Cook/Austral Islands,Eastern Indo-Pacific,Cook Islands (southern),PAC10,"Avatiu W, Rarotonga",-21.2,-159.79,2012-08-01,10.1,RLS,20,15:00:00,,,1,1,Chordata,Actinopterygii,Perciformes,Acanthuridae,Acanthurus nigrofuscus,Acanthurus nigrofuscus,12.5,2,127.5402,POINT (-159.7899932861328 -21.200000762939453)
ep_m1_public_data.fid-7cdaa17e_183dabd0b4f_-79c0,912341109,Cook Islands,Rarotonga,Southern Cook/Austral Islands,Eastern Indo-Pacific,Cook Islands (southern),PAC10,"Avatiu W, Rarotonga",-21.2,-159.79,2012-08-01,10.1,RLS,20,15:00:00,,,1,1,Chordata,Actinopterygii,Perciformes,Acanthuridae,Ctenochaetus striatus,Ctenochaetus striatus,15,45,4881.9346,POINT (-159.7899932861328 -21.200000762939453)
ep_m1_public_data.fid-7cdaa17e_183dabd0b4f_-79bf,912341109,Cook Islands,Rarotonga,Southern Cook/Austral Islands,Eastern Indo-Pacific,Cook Islands (southern),PAC10,"Avatiu W, Rarotonga",-21.2,-159.79,2012-08-01,10.1,RLS,20,15:00:00,,,1,1,Chordata,Actinopterygii,Perciformes,Chaetodontidae,Chaetodon quadrimaculatus,Chaetodon quadrimaculatus,10,2,105.617,POINT (-159.7899932861328 -21.200000762939453)
ep_m1_public_data.fid-7cdaa17e_183dabd0b4f_-79be,912341109,Cook Islands,Rarotonga,Southern Cook/Austral Islands,Eastern Indo-Pacific,Cook Islands (southern),PAC10,"Avatiu W, Rarotonga",-21.2,-159.79,2012-08-01,10.1,RLS,20,15:00:00,,,1,1,Chordata,Actinopterygii,Perciformes,Cirrhitidae,Cirrhitops hubbardi,Cirrhitops hubbardi,7.5,1,13.0093,POINT (-159.7899932861328 -21.200000762939453)
ep_m1_public_data.fid-7cdaa17e_183dabd0b4f_-79bd,912341109,Cook Islands,Rarotonga,Southern Cook/Austral Islands,Eastern Indo-Pacific,Cook Islands (southern),PAC10,"Avatiu W, Rarotonga",-21.2,-159.79,2012-08-01,10.1,RLS,20,15:00:00,,,1,1,Chordata,Actinopterygii,Perciformes,Cirrhitidae,Paracirrhites arcatus,Paracirrhites arcatus,10,2,63.7848,POINT (-159.7899932861328 -21.200000762939453)
ep_m1_public_data.fid-7cdaa17e_183dabd0b4f_-79bc,912341109,Cook Islands,Rarotonga,Southern Cook/Austral Islands,Eastern Indo-Pacific,Cook Islands (southern),PAC10,"Avatiu W, Rarotonga",-21.2,-159.79,2012-08-01,10.1,RLS,20,15:00:00,,,1,1,Chordata,Actinopterygii,Perciformes,Labridae,Anampses caeruleopunctatus,Anampses caeruleopunctatus,7.5,1,8.5433,POINT (-159.7899932861328 -21.200000762939453)
ep_m1_public_data.fid-7cdaa17e_183dabd0b4f_-79bb,912341109,Cook Islands,Rarotonga,Southern Cook/Austral Islands,Eastern Indo-Pacific,Cook Islands (southern),PAC10,"Avatiu W, Rarotonga",-21.2,-159.79,2012-08-01,10.1,RLS,20,15:00:00,,,1,1,Chordata,Actinopterygii,Perciformes,Labridae,Halichoeres ornatissimus,Halichoeres ornatissimus,10,3,68.1964,POINT (-159.7899932861328 -21.200000762939453)
ep_m1_public_data.fid-7cdaa17e_183dabd0b4f_-79ba,912341109,Cook Islands,Rarotonga,Southern Cook/Austral Islands,Eastern Indo-Pacific,Cook Islands (southern),PAC10,"Avatiu W, Rarotonga",-21.2,-159.79,2012-08-01,10.1,RLS,20,15:00:00,,,1,1,Chordata,Actinopterygii,Perciformes,Labridae,Labroides dimidiatus,Labroides dimidiatus,7.5,1,7.1451,POINT (-159.7899932861328 -21.200000762939453)
ep_m1_public_data.fid-7cdaa17e_183dabd0b4f_-79b9,912341109,Cook Islands,Rarotonga,Southern Cook/Austral Islands,Eastern Indo-Pacific,Cook Islands (southern),PAC10,"Avatiu W, Rarotonga",-21.2,-159.79,2012-08-01,10.1,RLS,20,15:00:00,,,1,1,Chordata,Actinopterygii,Perciformes,Labridae,Thalassoma lutescens,Thalassoma lutescens,20,1,116.4176,POINT (-159.7899932861328 -21.200000762939453)
ep_m1_public_data.fid-7cdaa17e_183dabd0b4f_-79b8,912341109,Cook Islands,Rarotonga,Southern Cook/Austral Islands,Eastern Indo-Pacific,Cook Islands (southern),PAC10,"Avatiu W, Rarotonga",-21.2,-159.79,2012-08-01,10.1,RLS,20,15:00:00,,,1,1,Chordata,Actinopterygii,Perciformes,Microdesmidae,Nemateleotris magnifica,Nemateleotris magnifica,5,6,16.9323,POINT (-159.7899932861328 -21.200000762939453)
ep_m1_public_data.fid-7cdaa17e_183dabd0b4f_-79b7,912341109,Cook Islands,Rarotonga,Southern Cook/Austral Islands,Eastern Indo-Pacific,Cook Islands (southern),PAC10,"Avatiu W, Rarotonga",-21.2,-159.79,2012-08-01,10.1,RLS,20,15:00:00,,,1,1,Chordata,Actinopterygii,Perciformes,Pinguipedidae,Parapercis millepunctata,Parapercis millepunctata,15,2,124.8631,POINT (-159.7899932861328 -21.200000762939453)
ep_m1_public_data.fid-7cdaa17e_183dabd0b4f_-79b6,912341109,Cook Islands,Rarotonga,Southern Cook/Austral Islands,Eastern Indo-Pacific,Cook Islands (southern),PAC10,"Avatiu W, Rarotonga",-21.2,-159.79,2012-08-01,10.1,RLS,20,15:00:00,,,1,1,Chordata,Actinopterygii,Perciformes,Pomacentridae,Chromis agilis,Chromis agilis,5,2,7.51,POINT (-159.7899932861328 -21.200000762939453)
ep_m1_public_data.fid-7cdaa17e_183dabd0b4f_-79b5,912341109,Cook Islands,Rarotonga,Southern Cook/Austral Islands,Eastern Indo-Pacific,Cook Islands (southern),PAC10,"Avatiu W, Rarotonga",-21.2,-159.79,2012-08-01,10.1,RLS,20,15:00:00,,,1,1,Chordata,Actinopterygii,Perciformes,Pomacentridae,Chromis vanderbilti,Chromis vanderbilti,2.5,18,7.2689,POINT (-159.7899932861328 -21.200000762939453)
ep_m1_public_data.fid-7cdaa17e_183dabd0b4f_-79b4,912341109,Cook Islands,Rarotonga,Southern Cook/Austral Islands,Eastern Indo-Pacific,Cook Islands (southern),PAC10,"Avatiu W, Rarotonga",-21.2,-159.79,2012-08-01,10.1,RLS,20,15:00:00,,,1,1,Chordata,Actinopterygii,Perciformes,Pomacentridae,Plectroglyphidodon imparipennis,Plectroglyphidodon imparipennis,5,1,6.8735,POINT (-159.7899932861328 -21.200000762939453)
ep_m1_public_data.fid-7cdaa17e_183dabd0b4f_-79b3,912341109,Cook Islands,Rarotonga,Southern Cook/Austral Islands,Eastern Indo-Pacific,Cook Islands (southern),PAC10,"Avatiu W, Rarotonga",-21.2,-159.79,2012-08-01,10.1,RLS,20,15:00:00,,,1,1,Chordata,Actinopterygii,Perciformes,Pomacentridae,Plectroglyphidodon johnstonianus,Plectroglyphidodon johnstonianus,5,2,13.7471,POINT (-159.7899932861328 -21.200000762939453)
ep_m1_public_data.fid-7cdaa17e_183dabd0b4f_-79b2,912341109,Cook Islands,Rarotonga,Southern Cook/Austral Islands,Eastern Indo-Pacific,Cook Islands (southern),PAC10,"Avatiu W, Rarotonga",-21.2,-159.79,2012-08-01,10.1,RLS,20,15:00:00,,,1,1,Chordata,Actinopterygii,Perciformes,Pomacentridae,Pomacentrus vaiuli,Pomacentrus vaiuli,5,1,3.5267,POINT (-159.7899932861328 -21.200000762939453)
ep_m1_public_data.fid-7cdaa17e_183dabd0b4f_-79b1,912341109,Cook Islands,Rarotonga,Southern Cook/Austral Islands,Eastern Indo-Pacific,Cook Islands (southern),PAC10,"Avatiu W, Rarotonga",-21.2,-159.79,2012-08-01,10.1,RLS,20,15:00:00,,,1,1,Chordata,Actinopterygii,Perciformes,Pomacentridae,Stegastes fasciolatus,Stegastes fasciolatus,10,3,133.3091,POINT (-159.7899932861328 -21.200000762939453)
ep_m1_public_data.fid-7cdaa17e_183dabd0b4f_-79b0,912341109,Cook Islands,Rarotonga,Southern Cook/Austral Islands,Eastern Indo-Pacific,Cook Islands (southern),PAC10,"Avatiu W, Rarotonga",-21.2,-159.79,2012-08-01,10.1,RLS,20,15:00:00,,,1,1,Chordata,Actinopterygii,Tetraodontiformes,Monacanthidae,Cantherhines sandwichiensis,Cantherhines sandwichiensis,20,1,237.9897,POINT (-159.7899932861328 -21.200000762939453)
ep_m1_public_data.fid-7cdaa17e_183dabd0b4f_-79af,912341109,Cook Islands,Rarotonga,Southern Cook/Austral Islands,Eastern Indo-Pacific,Cook Islands (southern),PAC10,"Avatiu W, Rarotonga",-21.2,-159.79,2012-08-01,10.1,RLS,20,15:00:00,,,1,1,Chordata,Actinopterygii,Tetraodontiformes,Tetraodontidae,Canthigaster papua,Canthigaster papua,5,1,6.4133,POINT (-159.7899932861328 -21.200000762939453)
ep_m1_public_data.fid-7cdaa17e_183dabd0b4f_-79ae,912341109,Cook Islands,Rarotonga,Southern Cook/Austral Islands,Eastern Indo-Pacific,Cook Islands (southern),PAC10,"Avatiu W, Rarotonga",-21.2,-159.79,2012-08-01,10.1,RLS,20,15:00:00,,,1,2,Chordata,Actinopterygii,Anguilliformes,Muraenidae,Gymnothorax meleagris,Gymnothorax meleagris,75,1,387.0094,POINT (-159.7899932861328 -21.200000762939453)
ep_m1_public_data.fid-7cdaa17e_183dabd0b4f_-79ad,912341109,Cook Islands,Rarotonga,Southern Cook/Austral Islands,Eastern Indo-Pacific,Cook Islands (southern),PAC10,"Avatiu W, Rarotonga",-21.2,-159.79,2012-08-01,10.1,RLS,20,15:00:00,,,1,2,Chordata,Actinopterygii,Perciformes,Acanthuridae,Acanthurus achilles,Acanthurus achilles,35,1,97.3955,POINT (-159.7899932861328 -21.200000762939453)
ep_m1_public_data.fid-7cdaa17e_183dabd0b4f_-79ac,912341109,Cook Islands,Rarotonga,Southern Cook/Austral Islands,Eastern Indo-Pacific,Cook Islands (southern),PAC10,"Avatiu W, Rarotonga",-21.2,-159.79,2012-08-01,10.1,RLS,20,15:00:00,,,1,2,Chordata,Actinopterygii,Perciformes,Acanthuridae,Acanthurus nigrofuscus,Acanthurus nigrofuscus,5,5,15.8176,POINT (-159.7899932861328 -21.200000762939453)
ep_m1_public_data.fid-7cdaa17e_183dabd0b4f_-79ab,912341109,Cook Islands,Rarotonga,Southern Cook/Austral Islands,Eastern Indo-Pacific,Cook Islands (southern),PAC10,"Avatiu W, Rarotonga",-21.2,-159.79,2012-08-01,10.1,RLS,20,15:00:00,,,1,2,Chordata,Actinopterygii,Perciformes,Acanthuridae,Ctenochaetus striatus,Ctenochaetus striatus,12.5,18,1117.1714,POINT (-159.7899932861328 -21.200000762939453)
ep_m1_public_data.fid-7cdaa17e_183dabd0b4f_-79aa,912341109,Cook Islands,Rarotonga,Southern Cook/Austral Islands,Eastern Indo-Pacific,Cook Islands (southern),PAC10,"Avatiu W, Rarotonga",-21.2,-159.79,2012-08-01,10.1,RLS,20,15:00:00,,,1,2,Chordata,Actinopterygii,Perciformes,Chaetodontidae,Chaetodon quadrimaculatus,Chaetodon quadrimaculatus,10,2,105.617,POINT (-159.7899932861328 -21.200000762939453)
ep_m1_public_data.fid-7cdaa17e_183dabd0b4f_-79a9,912341109,Cook Islands,Rarotonga,Southern Cook/Austral Islands,Eastern Indo-Pacific,Cook Islands (southern),PAC10,"Avatiu W, Rarotonga",-21.2,-159.79,2012-08-01,10.1,RLS,20,15:00:00,,,1,2,Chordata,Actinopterygii,Perciformes,Labridae,Halichoeres ornatissimus,Halichoeres ornatissimus,7.5,4,36.9417,POINT (-159.7899932861328 -21.200000762939453)
ep_m1_public_data.fid-7cdaa17e_183dabd0b4f_-79a8,912341109,Cook Islands,Rarotonga,Southern Cook/Austral Islands,Eastern Indo-Pacific,Cook Islands (southern),PAC10,"Avatiu W, Rarotonga",-21.2,-159.79,2012-08-01,10.1,RLS,20,15:00:00,,,1,2,Chordata,Actinopterygii,Perciformes,Labridae,Halichoeres ornatissimus,Halichoeres ornatissimus,10,4,90.9285,POINT (-159.7899932861328 -21.200000762939453)
ep_m1_public_data.fid-7cdaa17e_183dabd0b4f_-79a7,912341109,Cook Islands,Rarotonga,Southern Cook/Austral Islands,Eastern Indo-Pacific,Cook Islands (southern),PAC10,"Avatiu W, Rarotonga",-21.2,-159.79,2012-08-01,10.1,RLS,20,15:00:00,,,1,2,Chordata,Actinopterygii,Perciformes,Labridae,Labroides dimidiatus,Labroides dimidiatus,2.5,1,0.2053,POINT (-159.7899932861328 -21.200000762939453)
ep_m1_public_data.fid-7cdaa17e_183dabd0b4f_-79a6,912341109,Cook Islands,Rarotonga,Southern Cook/Austral Islands,Eastern Indo-Pacific,Cook Islands (southern),PAC10,"Avatiu W, Rarotonga",-21.2,-159.79,2012-08-01,10.1,RLS,20,15:00:00,,,1,2,Chordata,Actinopterygii,Perciformes,Labridae,Thalassoma lutescens,Thalassoma lutescens,15,2,106.1918,POINT (-159.7899932861328 -21.200000762939453)
ep_m1_public_data.fid-7cdaa17e_183dabd0b4f_-79a5,912341109,Cook Islands,Rarotonga,Southern Cook/Austral Islands,Eastern Indo-Pacific,Cook Islands (southern),PAC10,"Avatiu W, Rarotonga",-21.2,-159.79,2012-08-01,10.1,RLS,20,15:00:00,,,1,2,Chordata,Actinopterygii,Perciformes,Labridae,Thalassoma quinquevittatum,Thalassoma quinquevittatum,15,2,162.1296,POINT (-159.7899932861328 -21.200000762939453)
ep_m1_public_data.fid-7cdaa17e_183dabd0b4f_-79a4,912341109,Cook Islands,Rarotonga,Southern Cook/Austral Islands,Eastern Indo-Pacific,Cook Islands (southern),PAC10,"Avatiu W, Rarotonga",-21.2,-159.79,2012-08-01,10.1,RLS,20,15:00:00,,,1,2,Chordata,Actinopterygii,Perciformes,Pomacanthidae,Centropyge flavissima,Centropyge flavissima,7.5,2,45.7197,POINT (-159.7899932861328 -21.200000762939453)
ep_m1_public_data.fid-7cdaa17e_183dabd0b4f_-79a3,912341109,Cook Islands,Rarotonga,Southern Cook/Austral Islands,Eastern Indo-Pacific,Cook Islands (southern),PAC10,"Avatiu W, Rarotonga",-21.2,-159.79,2012-08-01,10.1,RLS,20,15:00:00,,,1,2,Chordata,Actinopterygii,Perciformes,Pomacentridae,Plectroglyphidodon imparipennis,Plectroglyphidodon imparipennis,5,3,20.6206,POINT (-159.7899932861328 -21.200000762939453)
ep_m1_public_data.fid-7cdaa17e_183dabd0b4f_-79a2,912341109,Cook Islands,Rarotonga,Southern Cook/Austral Islands,Eastern Indo-Pacific,Cook Islands (southern),PAC10,"Avatiu W, Rarotonga",-21.2,-159.79,2012-08-01,10.1,RLS,20,15:00:00,,,1,2,Chordata,Actinopterygii,Perciformes,Pomacentridae,Plectroglyphidodon johnstonianus,Plectroglyphidodon johnstonianus,5,1,6.8735,POINT (-159.7899932861328 -21.200000762939453)
ep_m1_public_data.fid-7cdaa17e_183dabd0b4f_-79a1,912341109,Cook Islands,Rarotonga,Southern Cook/Austral Islands,Eastern Indo-Pacific,Cook Islands (southern),PAC10,"Avatiu W, Rarotonga",-21.2,-159.79,2012-08-01,10.1,RLS,20,15:00:00,,,1,2,Chordata,Actinopterygii,Perciformes,Pomacentridae,Pomacentrus fuscidorsalis,Pomacentrus fuscidorsalis,2.5,12,4.5709,POINT (-159.7899932861328 -21.200000762939453)
ep_m1_public_data.fid-7cdaa17e_183dabd0b4f_-79a0,912341109,Cook Islands,Rarotonga,Southern Cook/Austral Islands,Eastern Indo-Pacific,Cook Islands (southern),PAC10,"Avatiu W, Rarotonga",-21.2,-159.79,2012-08-01,10.1,RLS,20,15:00:00,,,1,2,Chordata,Actinopterygii,Perciformes,Scaridae,Chlorurus sordidus,Chlorurus sordidus,25,2,844.8283,POINT (-159.7899932861328 -21.200000762939453)
ep_m1_public_data.fid-7cdaa17e_183dabd0b4f_-799f,912341109,Cook Islands,Rarotonga,Southern Cook/Austral Islands,Eastern Indo-Pacific,Cook Islands (southern),PAC10,"Avatiu W, Rarotonga",-21.2,-159.79,2012-08-01,10.1,RLS,20,15:00:00,,,1,2,Chordata,Actinopterygii,Tetraodontiformes,Tetraodontidae,Canthigaster papua,Canthigaster papua,5,1,6.4133,POINT (-159.7899932861328 -21.200000762939453)
ep_m1_public_data.fid-7cdaa17e_183dabd0b4f_-799e,912341107,Cook Islands,Rarotonga,Southern Cook/Austral Islands,Eastern Indo-Pacific,Cook Islands (southern),PAC9,"Avarua, Rarotonga",-21.2,-159.77,2012-07-31,17,RLS,25,09:00:00,,,1,1,Chordata,Actinopterygii,Perciformes,Acanthuridae,Acanthurus nigrofuscus,Acanthurus nigrofuscus,10,2,61.3728,POINT (-159.77000427246094 -21.200000762939453)
ep_m1_public_data.fid-7cdaa17e_183dabd0b4f_-799d,912341107,Cook Islands,Rarotonga,Southern Cook/Austral Islands,Eastern Indo-Pacific,Cook Islands (southern),PAC9,"Avarua, Rarotonga",-21.2,-159.77,2012-07-31,17,RLS,25,09:00:00,,,1,1,Chordata,Actinopterygii,Perciformes,Chaetodontidae,Chaetodon pelewensis,Chaetodon pelewensis,7.5,6,127.1149,POINT (-159.77000427246094 -21.200000762939453)
ep_m1_public_data.fid-7cdaa17e_183dabd0b4f_-799c,912341107,Cook Islands,Rarotonga,Southern Cook/Austral Islands,Eastern Indo-Pacific,Cook Islands (southern),PAC9,"Avarua, Rarotonga",-21.2,-159.77,2012-07-31,17,RLS,25,09:00:00,,,1,1,Chordata,Actinopterygii,Perciformes,Chaetodontidae,Chaetodon reticulatus,Chaetodon reticulatus,10,4,211.234,POINT (-159.77000427246094 -21.200000762939453)
ep_m1_public_data.fid-7cdaa17e_183dabd0b4f_-799b,912341107,Cook Islands,Rarotonga,Southern Cook/Austral Islands,Eastern Indo-Pacific,Cook Islands (southern),PAC9,"Avarua, Rarotonga",-21.2,-159.77,2012-07-31,17,RLS,25,09:00:00,,,1,1,Chordata,Actinopterygii,Perciformes,Labridae,Coris aygula,Coris aygula,15,1,64.7157,POINT (-159.77000427246094 -21.200000762939453)
ep_m1_public_data.fid-7cdaa17e_183dabd0b4f_-799a,912341107,Cook Islands,Rarotonga,Southern Cook/Austral Islands,Eastern Indo-Pacific,Cook Islands (southern),PAC9,"Avarua, Rarotonga",-21.2,-159.77,2012-07-31,17,RLS,25,09:00:00,,,1,1,Chordata,Actinopterygii,Perciformes,Labridae,Pseudojuloides atavai,Pseudojuloides atavai,2.5,1,0.3383,POINT (-159.77000427246094 -21.200000762939453)
ep_m1_public_data.fid-7cdaa17e_183dabd0b4f_-7999,912341107,Cook Islands,Rarotonga,Southern Cook/Austral Islands,Eastern Indo-Pacific,Cook Islands (southern),PAC9,"Avarua, Rarotonga",-21.2,-159.77,2012-07-31,17,RLS,25,09:00:00,,,1,1,Chordata,Actinopterygii,Perciformes,Mullidae,Parupeneus multifasciatus,Parupeneus multifasciatus,20,2,244.3523,POINT (-159.77000427246094 -21.200000762939453)
ep_m1_public_data.fid-7cdaa17e_183dabd0b4f_-7998,912341107,Cook Islands,Rarotonga,Southern Cook/Austral Islands,Eastern Indo-Pacific,Cook Islands (southern),PAC9,"Avarua, Rarotonga",-21.2,-159.77,2012-07-31,17,RLS,25,09:00:00,,,1,1,Chordata,Actinopterygii,Perciformes,Pomacentridae,Pomacentrus vaiuli,Pomacentrus vaiuli,5,4,14.1069,POINT (-159.77000427246094 -21.200000762939453)
ep_m1_public_data.fid-7cdaa17e_183dabd0b4f_-7997,912341107,Cook Islands,Rarotonga,Southern Cook/Austral Islands,Eastern Indo-Pacific,Cook Islands (southern),PAC9,"Avarua, Rarotonga",-21.2,-159.77,2012-07-31,17,RLS,25,09:00:00,,,1,2,Chordata,Actinopterygii,Perciformes,Acanthuridae,Acanthurus nigrofuscus,Acanthurus nigrofuscus,10,6,184.1185,POINT (-159.77000427246094 -21.200000762939453)
ep_m1_public_data.fid-7cdaa17e_183dabd0b4f_-7996,912341107,Cook Islands,Rarotonga,Southern Cook/Austral Islands,Eastern Indo-Pacific,Cook Islands (southern),PAC9,"Avarua, Rarotonga",-21.2,-159.77,2012-07-31,17,RLS,25,09:00:00,,,1,2,Chordata,Actinopterygii,Perciformes,Acanthuridae,Naso unicornis,Naso unicornis,30,1,354.7898,POINT (-159.77000427246094 -21.200000762939453)
ep_m1_public_data.fid-7cdaa17e_183dabd0b4f_-7995,912341107,Cook Islands,Rarotonga,Southern Cook/Austral Islands,Eastern Indo-Pacific,Cook Islands (southern),PAC9,"Avarua, Rarotonga",-21.2,-159.77,2012-07-31,17,RLS,25,09:00:00,,,1,2,Chordata,Actinopterygii,Perciformes,Labridae,Thalassoma lutescens,Thalassoma lutescens,10,4,61.8659,POINT (-159.77000427246094 -21.200000762939453)
ep_m1_public_data.fid-7cdaa17e_183dabd0b4f_-7994,912341107,Cook Islands,Rarotonga,Southern Cook/Austral Islands,Eastern Indo-Pacific,Cook Islands (southern),PAC9,"Avarua, Rarotonga",-21.2,-159.77,2012-07-31,17,RLS,25,09:00:00,,,1,2,Chordata,Actinopterygii,Perciformes,Pomacentridae,Chromis acares,Chromis acares,2.5,55,22.2107,POINT (-159.77000427246094 -21.200000762939453)
ep_m1_public_data.fid-7cdaa17e_183dabd0b4f_-7993,912341108,Cook Islands,Rarotonga,Southern Cook/Austral Islands,Eastern Indo-Pacific,Cook Islands (southern),PAC10,"Avatiu W, Rarotonga",-21.2,-159.79,2012-08-01,10,RLS,20,15:00:00,,,1,1,Chordata,Actinopterygii,Perciformes,Acanthuridae,Ctenochaetus striatus,Ctenochaetus striatus,12.5,18,1117.1714,POINT (-159.7899932861328 -21.200000762939453)
ep_m1_public_data.fid-7cdaa17e_183dabd0b4f_-7992,912341108,Cook Islands,Rarotonga,Southern Cook/Austral Islands,Eastern Indo-Pacific,Cook Islands (southern),PAC10,"Avatiu W, Rarotonga",-21.2,-159.79,2012-08-01,10,RLS,20,15:00:00,,,1,1,Chordata,Actinopterygii,Perciformes,Chaetodontidae,Chaetodon quadrimaculatus,Chaetodon quadrimaculatus,10,2,105.617,POINT (-159.7899932861328 -21.200000762939453)
ep_m1_public_data.fid-7cdaa17e_183dabd0b4f_-7991,912341108,Cook Islands,Rarotonga,Southern Cook/Austral Islands,Eastern Indo-Pacific,Cook Islands (southern),PAC10,"Avatiu W, Rarotonga",-21.2,-159.79,2012-08-01,10,RLS,20,15:00:00,,,1,1,Chordata,Actinopterygii,Perciformes,Chaetodontidae,Chaetodon unimaculatus,Chaetodon unimaculatus,12.5,2,228.8884,POINT (-159.7899932861328 -21.200000762939453)
ep_m1_public_data.fid-7cdaa17e_183dabd0b4f_-7990,912341108,Cook Islands,Rarotonga,Southern Cook/Austral Islands,Eastern Indo-Pacific,Cook Islands (southern),PAC10,"Avatiu W, Rarotonga",-21.2,-159.79,2012-08-01,10,RLS,20,15:00:00,,,1,1,Chordata,Actinopterygii,Perciformes,Microdesmidae,Nemateleotris magnifica,Nemateleotris magnifica,5,8,22.5763,POINT (-159.7899932861328 -21.200000762939453)
ep_m1_public_data.fid-7cdaa17e_183dabd0b4f_-798f,912341108,Cook Islands,Rarotonga,Southern Cook/Austral Islands,Eastern Indo-Pacific,Cook Islands (southern),PAC10,"Avatiu W, Rarotonga",-21.2,-159.79,2012-08-01,10,RLS,20,15:00:00,,,1,1,Chordata,Actinopterygii,Perciformes,Pomacentridae,Chromis agilis,Chromis agilis,5,4,15.0201,POINT (-159.7899932861328 -21.200000762939453)
ep_m1_public_data.fid-7cdaa17e_183dabd0b4f_-798e,912341108,Cook Islands,Rarotonga,Southern Cook/Austral Islands,Eastern Indo-Pacific,Cook Islands (southern),PAC10,"Avatiu W, Rarotonga",-21.2,-159.79,2012-08-01,10,RLS,20,15:00:00,,,1,1,Chordata,Actinopterygii,Tetraodontiformes,Tetraodontidae,Canthigaster amboinensis,Canthigaster amboinensis,7.5,1,21.2364,POINT (-159.7899932861328 -21.200000762939453)
ep_m1_public_data.fid-7cdaa17e_183dabd0b4f_-798d,912341108,Cook Islands,Rarotonga,Southern Cook/Austral Islands,Eastern Indo-Pacific,Cook Islands (southern),PAC10,"Avatiu W, Rarotonga",-21.2,-159.79,2012-08-01,10,RLS,20,15:00:00,,,1,2,Chordata,Actinopterygii,Perciformes,Acanthuridae,Ctenochaetus striatus,Ctenochaetus striatus,15,22,2386.7236,POINT (-159.7899932861328 -21.200000762939453)
ep_m1_public_data.fid-7cdaa17e_183dabd0b4f_-798c,912341108,Cook Islands,Rarotonga,Southern Cook/Austral Islands,Eastern Indo-Pacific,Cook Islands (southern),PAC10,"Avatiu W, Rarotonga",-21.2,-159.79,2012-08-01,10,RLS,20,15:00:00,,,1,2,Chordata,Actinopterygii,Perciformes,Acanthuridae,Ctenochaetus striatus,Ctenochaetus striatus,25,12,4405.933,POINT (-159.7899932861328 -21.200000762939453)
ep_m1_public_data.fid-7cdaa17e_183dabd0b4f_-798b,912341108,Cook Islands,Rarotonga,Southern Cook/Austral Islands,Eastern Indo-Pacific,Cook Islands (southern),PAC10,"Avatiu W, Rarotonga",-21.2,-159.79,2012-08-01,10,RLS,20,15:00:00,,,1,2,Chordata,Actinopterygii,Perciformes,Chaetodontidae,Chaetodon reticulatus,Chaetodon reticulatus,15,2,354.1525,POINT (-159.7899932861328 -21.200000762939453)
ep_m1_public_data.fid-7cdaa17e_183dabd0b4f_-798a,912341108,Cook Islands,Rarotonga,Southern Cook/Austral Islands,Eastern Indo-Pacific,Cook Islands (southern),PAC10,"Avatiu W, Rarotonga",-21.2,-159.79,2012-08-01,10,RLS,20,15:00:00,,,1,2,Chordata,Actinopterygii,Perciformes,Labridae,Halichoeres marginatus,Halichoeres marginatus,5,1,2.4037,POINT (-159.7899932861328 -21.200000762939453)
ep_m1_public_data.fid-7cdaa17e_183dabd0b4f_-7989,912341108,Cook Islands,Rarotonga,Southern Cook/Austral Islands,Eastern Indo-Pacific,Cook Islands (southern),PAC10,"Avatiu W, Rarotonga",-21.2,-159.79,2012-08-01,10,RLS,20,15:00:00,,,1,2,Chordata,Actinopterygii,Perciformes,Pomacentridae,Chromis vanderbilti,Chromis vanderbilti,2.5,16,6.4613,POINT (-159.7899932861328 -21.200000762939453)
ep_m1_public_data.fid-7cdaa17e_183dabd0b4f_-7988,912341108,Cook Islands,Rarotonga,Southern Cook/Austral Islands,Eastern Indo-Pacific,Cook Islands (southern),PAC10,"Avatiu W, Rarotonga",-21.2,-159.79,2012-08-01,10,RLS,20,15:00:00,,,1,2,Chordata,Actinopterygii,Perciformes,Scaridae,Chlorurus sordidus,Chlorurus sordidus,30,1,614.1267,POINT (-159.7899932861328 -21.200000762939453)
ep_m1_public_data.fid-7cdaa17e_183dabd0b4f_-7987,912341108,Cook Islands,Rarotonga,Southern Cook/Austral Islands,Eastern Indo-Pacific,Cook Islands (southern),PAC10,"Avatiu W, Rarotonga",-21.2,-159.79,2012-08-01,10,RLS,20,15:00:00,,,1,2,Chordata,Actinopterygii,Perciformes,Serranidae,Cephalopholis argus,Cephalopholis argus,25,1,324.6233,POINT (-159.7899932861328 -21.200000762939453)
ep_m1_public_data.fid-7cdaa17e_183dabd0b4f_-7986,912341108,Cook Islands,Rarotonga,Southern Cook/Austral Islands,Eastern Indo-Pacific,Cook Islands (southern),PAC10,"Avatiu W, Rarotonga",-21.2,-159.79,2012-08-01,10,RLS,20,15:00:00,,,1,2,Chordata,Actinopterygii,Perciformes,Serranidae,Pseudanthias olivaceus,Pseudanthias olivaceus,2.5,1,0.4095,POINT (-159.7899932861328 -21.200000762939453)
ep_m1_public_data.fid-7cdaa17e_183dabd0b4f_-7985,912341109,Cook Islands,Rarotonga,Southern Cook/Austral Islands,Eastern Indo-Pacific,Cook Islands (southern),PAC10,"Avatiu W, Rarotonga",-21.2,-159.79,2012-08-01,10.1,RLS,20,15:00:00,,,1,1,Chordata,Actinopterygii,Perciformes,Acanthuridae,Ctenochaetus striatus,Ctenochaetus striatus,25,8,2937.2888,POINT (-159.7899932861328 -21.200000762939453)
ep_m1_public_data.fid-7cdaa17e_183dabd0b4f_-7984,912341109,Cook Islands,Rarotonga,Southern Cook/Austral Islands,Eastern Indo-Pacific,Cook Islands (southern),PAC10,"Avatiu W, Rarotonga",-21.2,-159.79,2012-08-01,10.1,RLS,20,15:00:00,,,1,1,Chordata,Actinopterygii,Perciformes,Chaetodontidae,Chaetodon citrinellus,Chaetodon citrinellus,12.5,2,152.0013,POINT (-159.7899932861328 -21.200000762939453)
ep_m1_public_data.fid-7cdaa17e_183dabd0b4f_-7983,912341109,Cook Islands,Rarotonga,Southern Cook/Austral Islands,Eastern Indo-Pacific,Cook Islands (southern),PAC10,"Avatiu W, Rarotonga",-21.2,-159.79,2012-08-01,10.1,RLS,20,15:00:00,,,1,1,Chordata,Actinopterygii,Perciformes,Pomacentridae,Chromis agilis,Chromis agilis,2.5,2,0.8077,POINT (-159.7899932861328 -21.200000762939453)
ep_m1_public_data.fid-7cdaa17e_183dabd0b4f_-7982,912341109,Cook Islands,Rarotonga,Southern Cook/Austral Islands,Eastern Indo-Pacific,Cook Islands (southern),PAC10,"Avatiu W, Rarotonga",-21.2,-159.79,2012-08-01,10.1,RLS,20,15:00:00,,,1,1,Chordata,Actinopterygii,Perciformes,Pomacentridae,Stegastes fasciolatus,Stegastes fasciolatus,7.5,6,113.3566,POINT (-159.7899932861328 -21.200000762939453)
ep_m1_public_data.fid-7cdaa17e_183dabd0b4f_-7981,912341109,Cook Islands,Rarotonga,Southern Cook/Austral Islands,Eastern Indo-Pacific,Cook Islands (southern),PAC10,"Avatiu W, Rarotonga",-21.2,-159.79,2012-08-01,10.1,RLS,20,15:00:00,,,1,2,Chordata,Actinopterygii,Perciformes,Acanthuridae,Acanthurus nigrofuscus,Acanthurus nigrofuscus,10,6,184.1185,POINT (-159.7899932861328 -21.200000762939453)
ep_m1_public_data.fid-7cdaa17e_183dabd0b4f_-7980,912341109,Cook Islands,Rarotonga,Southern Cook/Austral Islands,Eastern Indo-Pacific,Cook Islands (southern),PAC10,"Avatiu W, Rarotonga",-21.2,-159.79,2012-08-01,10.1,RLS,20,15:00:00,,,1,2,Chordata,Actinopterygii,Perciformes,Acanthuridae,Ctenochaetus striatus,Ctenochaetus striatus,25,6,2202.9666,POINT (-159.7899932861328 -21.200000762939453)
ep_m1_public_data.fid-7cdaa17e_183dabd0b4f_-797f,912341109,Cook Islands,Rarotonga,Southern Cook/Austral Islands,Eastern Indo-Pacific,Cook Islands (southern),PAC10,"Avatiu W, Rarotonga",-21.2,-159.79,2012-08-01,10.1,RLS,20,15:00:00,,,1,2,Chordata,Actinopterygii,Perciformes,Chaetodontidae,Chaetodon reticulatus,Chaetodon reticulatus,12.5,2,205.5481,POINT (-159.7899932861328 -21.200000762939453)
ep_m1_public_data.fid-7cdaa17e_183dabd0b4f_-797e,912341109,Cook Islands,Rarotonga,Southern Cook/Austral Islands,Eastern Indo-Pacific,Cook Islands (southern),PAC10,"Avatiu W, Rarotonga",-21.2,-159.79,2012-08-01,10.1,RLS,20,15:00:00,,,1,2,Chordata,Actinopterygii,Perciformes,Cirrhitidae,Paracirrhites arcatus,Paracirrhites arcatus,10,1,31.8924,POINT (-159.7899932861328 -21.200000762939453)
ep_m1_public_data.fid-7cdaa17e_183dabd0b4f_-797d,912341109,Cook Islands,Rarotonga,Southern Cook/Austral Islands,Eastern Indo-Pacific,Cook Islands (southern),PAC10,"Avatiu W, Rarotonga",-21.2,-159.79,2012-08-01,10.1,RLS,20,15:00:00,,,1,2,Chordata,Actinopterygii,Perciformes,Labridae,Halichoeres ornatissimus,Halichoeres ornatissimus,5,2,5.1897,POINT (-159.7899932861328 -21.200000762939453)
ep_m1_public_data.fid-7cdaa17e_183dabd0b4f_-797c,912341107,Cook Islands,Rarotonga,Southern Cook/Austral Islands,Eastern Indo-Pacific,Cook Islands (southern),PAC9,"Avarua, Rarotonga",-21.2,-159.77,2012-07-31,17,RLS,25,09:00:00,,,1,1,Chordata,Actinopterygii,Perciformes,Acanthuridae,Ctenochaetus striatus,Ctenochaetus striatus,20,6,1434.968,POINT (-159.77000427246094 -21.200000762939453)
ep_m1_public_data.fid-7cdaa17e_183dabd0b4f_-797b,912341107,Cook Islands,Rarotonga,Southern Cook/Austral Islands,Eastern Indo-Pacific,Cook Islands (southern),PAC9,"Avarua, Rarotonga",-21.2,-159.77,2012-07-31,17,RLS,25,09:00:00,,,1,1,Chordata,Actinopterygii,Perciformes,Acanthuridae,Naso unicornis,Naso unicornis,25,1,242.0131,POINT (-159.77000427246094 -21.200000762939453)
ep_m1_public_data.fid-7cdaa17e_183dabd0b4f_-797a,912341107,Cook Islands,Rarotonga,Southern Cook/Austral Islands,Eastern Indo-Pacific,Cook Islands (southern),PAC9,"Avarua, Rarotonga",-21.2,-159.77,2012-07-31,17,RLS,25,09:00:00,,,1,1,Chordata,Actinopterygii,Perciformes,Acanthuridae,Zebrasoma velifer,Zebrasoma velifer,20,2,569.0706,POINT (-159.77000427246094 -21.200000762939453)
ep_m1_public_data.fid-7cdaa17e_183dabd0b4f_-7979,912341107,Cook Islands,Rarotonga,Southern Cook/Austral Islands,Eastern Indo-Pacific,Cook Islands (southern),PAC9,"Avarua, Rarotonga",-21.2,-159.77,2012-07-31,17,RLS,25,09:00:00,,,1,1,Chordata,Actinopterygii,Perciformes,Labridae,Labroides rubrolabiatus,Labroides rubrolabiatus,7.5,1,7.1451,POINT (-159.77000427246094 -21.200000762939453)
ep_m1_public_data.fid-7cdaa17e_183dabd0b4f_-7978,912341107,Cook Islands,Rarotonga,Southern Cook/Austral Islands,Eastern Indo-Pacific,Cook Islands (southern),PAC9,"Avarua, Rarotonga",-21.2,-159.77,2012-07-31,17,RLS,25,09:00:00,,,1,1,Chordata,Actinopterygii,Perciformes,Labridae,Thalassoma lutescens,Thalassoma lutescens,12.5,6,182.9544,POINT (-159.77000427246094 -21.200000762939453)
ep_m1_public_data.fid-7cdaa17e_183dabd0b4f_-7977,912341107,Cook Islands,Rarotonga,Southern Cook/Austral Islands,Eastern Indo-Pacific,Cook Islands (southern),PAC9,"Avarua, Rarotonga",-21.2,-159.77,2012-07-31,17,RLS,25,09:00:00,,,1,1,Chordata,Actinopterygii,Perciformes,Labridae,Thalassoma lutescens,Thalassoma lutescens,15,3,159.2877,POINT (-159.77000427246094 -21.200000762939453)
ep_m1_public_data.fid-7cdaa17e_183dabd0b4f_-7976,912341107,Cook Islands,Rarotonga,Southern Cook/Austral Islands,Eastern Indo-Pacific,Cook Islands (southern),PAC9,"Avarua, Rarotonga",-21.2,-159.77,2012-07-31,17,RLS,25,09:00:00,,,1,1,Chordata,Actinopterygii,Perciformes,Lethrinidae,Gnathodentex aureolineatus,Gnathodentex aureolineatus,25,2,576.4179,POINT (-159.77000427246094 -21.200000762939453)
ep_m1_public_data.fid-7cdaa17e_183dabd0b4f_-7975,912341107,Cook Islands,Rarotonga,Southern Cook/Austral Islands,Eastern Indo-Pacific,Cook Islands (southern),PAC9,"Avarua, Rarotonga",-21.2,-159.77,2012-07-31,17,RLS,25,09:00:00,,,1,1,Chordata,Actinopterygii,Perciformes,Pomacanthidae,Centropyge flavissima,Centropyge flavissima,7.5,3,68.5795,POINT (-159.77000427246094 -21.200000762939453)
ep_m1_public_data.fid-7cdaa17e_183dabd0b4f_-7974,912341107,Cook Islands,Rarotonga,Southern Cook/Austral Islands,Eastern Indo-Pacific,Cook Islands (southern),PAC9,"Avarua, Rarotonga",-21.2,-159.77,2012-07-31,17,RLS,25,09:00:00,,,1,1,Chordata,Actinopterygii,Perciformes,Pomacanthidae,Centropyge flavissima,Centropyge flavissima,10,2,102.1661,POINT (-159.77000427246094 -21.200000762939453)
ep_m1_public_data.fid-7cdaa17e_183dabd0b4f_-7973,912341107,Cook Islands,Rarotonga,Southern Cook/Austral Islands,Eastern Indo-Pacific,Cook Islands (southern),PAC9,"Avarua, Rarotonga",-21.2,-159.77,2012-07-31,17,RLS,25,09:00:00,,,1,1,Chordata,Actinopterygii,Perciformes,Pomacentridae,Chromis margaritifer,Chromis margaritifer,2.5,1,0.3414,POINT (-159.77000427246094 -21.200000762939453)
ep_m1_public_data.fid-7cdaa17e_183dabd0b4f_-7972,912341107,Cook Islands,Rarotonga,Southern Cook/Austral Islands,Eastern Indo-Pacific,Cook Islands (southern),PAC9,"Avarua, Rarotonga",-21.2,-159.77,2012-07-31,17,RLS,25,09:00:00,,,1,1,Chordata,Actinopterygii,Perciformes,Scaridae,Chlorurus sordidus,Chlorurus sordidus,12.5,4,301.6346,POINT (-159.77000427246094 -21.200000762939453)
ep_m1_public_data.fid-7cdaa17e_183dabd0b4f_-7971,912341107,Cook Islands,Rarotonga,Southern Cook/Austral Islands,Eastern Indo-Pacific,Cook Islands (southern),PAC9,"Avarua, Rarotonga",-21.2,-159.77,2012-07-31,17,RLS,25,09:00:00,,,1,1,Chordata,Actinopterygii,Perciformes,Scaridae,Chlorurus sordidus,Chlorurus sordidus,20,2,557.5913,POINT (-159.77000427246094 -21.200000762939453)
ep_m1_public_data.fid-7cdaa17e_183dabd0b4f_-7970,912341107,Cook Islands,Rarotonga,Southern Cook/Austral Islands,Eastern Indo-Pacific,Cook Islands (southern),PAC9,"Avarua, Rarotonga",-21.2,-159.77,2012-07-31,17,RLS,25,09:00:00,,,1,2,Chordata,Actinopterygii,Perciformes,Acanthuridae,Acanthurus nigrofuscus,Acanthurus nigrofuscus,7.5,8,95.6064,POINT (-159.77000427246094 -21.200000762939453)
ep_m1_public_data.fid-7cdaa17e_183dabd0b4f_-796f,912341107,Cook Islands,Rarotonga,Southern Cook/Austral Islands,Eastern Indo-Pacific,Cook Islands (southern),PAC9,"Avarua, Rarotonga",-21.2,-159.77,2012-07-31,17,RLS,25,09:00:00,,,1,2,Chordata,Actinopterygii,Perciformes,Acanthuridae,Acanthurus nigroris,Acanthurus nigroris,15,2,248.9056,POINT (-159.77000427246094 -21.200000762939453)
ep_m1_public_data.fid-7cdaa17e_183dabd0b4f_-796e,912341107,Cook Islands,Rarotonga,Southern Cook/Austral Islands,Eastern Indo-Pacific,Cook Islands (southern),PAC9,"Avarua, Rarotonga",-21.2,-159.77,2012-07-31,17,RLS,25,09:00:00,,,1,2,Chordata,Actinopterygii,Perciformes,Acanthuridae,Ctenochaetus striatus,Ctenochaetus striatus,15,25,2712.186,POINT (-159.77000427246094 -21.200000762939453)
ep_m1_public_data.fid-7cdaa17e_183dabd0b4f_-796d,912341107,Cook Islands,Rarotonga,Southern Cook/Austral Islands,Eastern Indo-Pacific,Cook Islands (southern),PAC9,"Avarua, Rarotonga",-21.2,-159.77,2012-07-31,17,RLS,25,09:00:00,,,1,2,Chordata,Actinopterygii,Perciformes,Acanthuridae,Zebrasoma scopas,Zebrasoma scopas,15,2,332.624,POINT (-159.77000427246094 -21.200000762939453)
ep_m1_public_data.fid-7cdaa17e_183dabd0b4f_-796c,912341107,Cook Islands,Rarotonga,Southern Cook/Austral Islands,Eastern Indo-Pacific,Cook Islands (southern),PAC9,"Avarua, Rarotonga",-21.2,-159.77,2012-07-31,17,RLS,25,09:00:00,,,1,2,Chordata,Actinopterygii,Perciformes,Acanthuridae,Zebrasoma scopas,Zebrasoma scopas,20,2,720.1439,POINT (-159.77000427246094 -21.200000762939453)
ep_m1_public_data.fid-7cdaa17e_183dabd0b4f_-796b,912341107,Cook Islands,Rarotonga,Southern Cook/Austral Islands,Eastern Indo-Pacific,Cook Islands (southern),PAC9,"Avarua, Rarotonga",-21.2,-159.77,2012-07-31,17,RLS,25,09:00:00,,,1,2,Chordata,Actinopterygii,Perciformes,Labridae,Coris aygula,Coris aygula,25,1,259.4933,POINT (-159.77000427246094 -21.200000762939453)
ep_m1_public_data.fid-7cdaa17e_183dabd0b4f_-796a,912341107,Cook Islands,Rarotonga,Southern Cook/Austral Islands,Eastern Indo-Pacific,Cook Islands (southern),PAC9,"Avarua, Rarotonga",-21.2,-159.77,2012-07-31,17,RLS,25,09:00:00,,,1,2,Chordata,Actinopterygii,Perciformes,Labridae,Labroides bicolor,Labroides bicolor,7.5,1,7.1451,POINT (-159.77000427246094 -21.200000762939453)
ep_m1_public_data.fid-7cdaa17e_183dabd0b4f_-7969,912341107,Cook Islands,Rarotonga,Southern Cook/Austral Islands,Eastern Indo-Pacific,Cook Islands (southern),PAC9,"Avarua, Rarotonga",-21.2,-159.77,2012-07-31,17,RLS,25,09:00:00,,,1,2,Chordata,Actinopterygii,Perciformes,Labridae,Thalassoma lutescens,Thalassoma lutescens,12.5,5,152.462,POINT (-159.77000427246094 -21.200000762939453)
ep_m1_public_data.fid-7cdaa17e_183dabd0b4f_-7968,912341107,Cook Islands,Rarotonga,Southern Cook/Austral Islands,Eastern Indo-Pacific,Cook Islands (southern),PAC9,"Avarua, Rarotonga",-21.2,-159.77,2012-07-31,17,RLS,25,09:00:00,,,1,2,Chordata,Actinopterygii,Perciformes,Pomacanthidae,Centropyge flavissima,Centropyge flavissima,7.5,2,45.7197,POINT (-159.77000427246094 -21.200000762939453)
ep_m1_public_data.fid-7cdaa17e_183dabd0b4f_-7967,912341107,Cook Islands,Rarotonga,Southern Cook/Austral Islands,Eastern Indo-Pacific,Cook Islands (southern),PAC9,"Avarua, Rarotonga",-21.2,-159.77,2012-07-31,17,RLS,25,09:00:00,,,1,2,Chordata,Actinopterygii,Perciformes,Pomacanthidae,Centropyge flavissima,Centropyge flavissima,10,1,51.083,POINT (-159.77000427246094 -21.200000762939453)
ep_m1_public_data.fid-7cdaa17e_183dabd0b4f_-7966,912341107,Cook Islands,Rarotonga,Southern Cook/Austral Islands,Eastern Indo-Pacific,Cook Islands (southern),PAC9,"Avarua, Rarotonga",-21.2,-159.77,2012-07-31,17,RLS,25,09:00:00,,,1,2,Chordata,Actinopterygii,Perciformes,Pomacentridae,Chromis margaritifer,Chromis margaritifer,2.5,4,1.3654,POINT (-159.77000427246094 -21.200000762939453)
ep_m1_public_data.fid-7cdaa17e_183dabd0b4f_-7965,912341107,Cook Islands,Rarotonga,Southern Cook/Austral Islands,Eastern Indo-Pacific,Cook Islands (southern),PAC9,"Avarua, Rarotonga",-21.2,-159.77,2012-07-31,17,RLS,25,09:00:00,,,1,2,Chordata,Actinopterygii,Perciformes,Pomacentridae,Plectroglyphidodon johnstonianus,Plectroglyphidodon johnstonianus,2.5,1,1.1065,POINT (-159.77000427246094 -21.200000762939453)
ep_m1_public_data.fid-7cdaa17e_183dabd0b4f_-7964,912341107,Cook Islands,Rarotonga,Southern Cook/Austral Islands,Eastern Indo-Pacific,Cook Islands (southern),PAC9,"Avarua, Rarotonga",-21.2,-159.77,2012-07-31,17,RLS,25,09:00:00,,,1,2,Chordata,Actinopterygii,Perciformes,Scaridae,Chlorurus sordidus,Chlorurus sordidus,35,1,848.7292,POINT (-159.77000427246094 -21.200000762939453)
ep_m1_public_data.fid-7cdaa17e_183dabd0b4f_-7963,912341107,Cook Islands,Rarotonga,Southern Cook/Austral Islands,Eastern Indo-Pacific,Cook Islands (southern),PAC9,"Avarua, Rarotonga",-21.2,-159.77,2012-07-31,17,RLS,25,09:00:00,,,1,2,Chordata,Actinopterygii,Perciformes,Scaridae,Scarus schlegeli,Scarus schlegeli,35,1,761.4329,POINT (-159.77000427246094 -21.200000762939453)
ep_m1_public_data.fid-7cdaa17e_183dabd0b4f_-7962,912341108,Cook Islands,Rarotonga,Southern Cook/Austral Islands,Eastern Indo-Pacific,Cook Islands (southern),PAC10,"Avatiu W, Rarotonga",-21.2,-159.79,2012-08-01,10,RLS,20,15:00:00,,,1,1,Chordata,Actinopterygii,Perciformes,Acanthuridae,Acanthurus nigrofuscus,Acanthurus nigrofuscus,5,25,79.0879,POINT (-159.7899932861328 -21.200000762939453)
ep_m1_public_data.fid-7cdaa17e_183dabd0b4f_-7961,912341108,Cook Islands,Rarotonga,Southern Cook/Austral Islands,Eastern Indo-Pacific,Cook Islands (southern),PAC10,"Avatiu W, Rarotonga",-21.2,-159.79,2012-08-01,10,RLS,20,15:00:00,,,1,1,Chordata,Actinopterygii,Perciformes,Acanthuridae,Acanthurus nigrofuscus,Acanthurus nigrofuscus,7.5,45,537.7859,POINT (-159.7899932861328 -21.200000762939453)
ep_m1_public_data.fid-7cdaa17e_183dabd0b4f_-7960,912341108,Cook Islands,Rarotonga,Southern Cook/Austral Islands,Eastern Indo-Pacific,Cook Islands (southern),PAC10,"Avatiu W, Rarotonga",-21.2,-159.79,2012-08-01,10,RLS,20,15:00:00,,,1,1,Chordata,Actinopterygii,Perciformes,Chaetodontidae,Heniochus chrysostomus,Heniochus chrysostomus,20,1,464.666,POINT (-159.7899932861328 -21.200000762939453)
ep_m1_public_data.fid-7cdaa17e_183dabd0b4f_-795f,912341108,Cook Islands,Rarotonga,Southern Cook/Austral Islands,Eastern Indo-Pacific,Cook Islands (southern),PAC10,"Avatiu W, Rarotonga",-21.2,-159.79,2012-08-01,10,RLS,20,15:00:00,,,1,1,Chordata,Actinopterygii,Perciformes,Cirrhitidae,Paracirrhites arcatus,Paracirrhites arcatus,10,2,63.7848,POINT (-159.7899932861328 -21.200000762939453)
ep_m1_public_data.fid-7cdaa17e_183dabd0b4f_-795e,912341108,Cook Islands,Rarotonga,Southern Cook/Austral Islands,Eastern Indo-Pacific,Cook Islands (southern),PAC10,"Avatiu W, Rarotonga",-21.2,-159.79,2012-08-01,10,RLS,20,15:00:00,,,1,1,Chordata,Actinopterygii,Perciformes,Labridae,Halichoeres ornatissimus,Halichoeres ornatissimus,5,2,5.1897,POINT (-159.7899932861328 -21.200000762939453)
ep_m1_public_data.fid-7cdaa17e_183dabd0b4f_-795d,912341108,Cook Islands,Rarotonga,Southern Cook/Austral Islands,Eastern Indo-Pacific,Cook Islands (southern),PAC10,"Avatiu W, Rarotonga",-21.2,-159.79,2012-08-01,10,RLS,20,15:00:00,,,1,1,Chordata,Actinopterygii,Perciformes,Labridae,Labroides dimidiatus,Labroides dimidiatus,7.5,1,7.1451,POINT (-159.7899932861328 -21.200000762939453)
ep_m1_public_data.fid-7cdaa17e_183dabd0b4f_-795c,912341108,Cook Islands,Rarotonga,Southern Cook/Austral Islands,Eastern Indo-Pacific,Cook Islands (southern),PAC10,"Avatiu W, Rarotonga",-21.2,-159.79,2012-08-01,10,RLS,20,15:00:00,,,1,1,Chordata,Actinopterygii,Perciformes,Labridae,Thalassoma lutescens,Thalassoma lutescens,20,3,349.2528,POINT (-159.7899932861328 -21.200000762939453)
ep_m1_public_data.fid-7cdaa17e_183dabd0b4f_-795b,912341108,Cook Islands,Rarotonga,Southern Cook/Austral Islands,Eastern Indo-Pacific,Cook Islands (southern),PAC10,"Avatiu W, Rarotonga",-21.2,-159.79,2012-08-01,10,RLS,20,15:00:00,,,1,1,Chordata,Actinopterygii,Perciformes,Mullidae,Parupeneus multifasciatus,Parupeneus multifasciatus,20,1,122.1762,POINT (-159.7899932861328 -21.200000762939453)
ep_m1_public_data.fid-7cdaa17e_183dabd0b4f_-795a,912341108,Cook Islands,Rarotonga,Southern Cook/Austral Islands,Eastern Indo-Pacific,Cook Islands (southern),PAC10,"Avatiu W, Rarotonga",-21.2,-159.79,2012-08-01,10,RLS,20,15:00:00,,,1,1,Chordata,Actinopterygii,Perciformes,Pomacentridae,Chromis vanderbilti,Chromis vanderbilti,2.5,28,11.3072,POINT (-159.7899932861328 -21.200000762939453)
ep_m1_public_data.fid-7cdaa17e_183dabd0b4f_-7959,912341108,Cook Islands,Rarotonga,Southern Cook/Austral Islands,Eastern Indo-Pacific,Cook Islands (southern),PAC10,"Avatiu W, Rarotonga",-21.2,-159.79,2012-08-01,10,RLS,20,15:00:00,,,1,1,Chordata,Actinopterygii,Perciformes,Pomacentridae,Plectroglyphidodon johnstonianus,Plectroglyphidodon johnstonianus,5,3,20.6206,POINT (-159.7899932861328 -21.200000762939453)
ep_m1_public_data.fid-7cdaa17e_183dabd0b4f_-7958,912341108,Cook Islands,Rarotonga,Southern Cook/Austral Islands,Eastern Indo-Pacific,Cook Islands (southern),PAC10,"Avatiu W, Rarotonga",-21.2,-159.79,2012-08-01,10,RLS,20,15:00:00,,,1,1,Chordata,Actinopterygii,Perciformes,Pomacentridae,Pomacentrus vaiuli,Pomacentrus vaiuli,5,2,7.0534,POINT (-159.7899932861328 -21.200000762939453)
ep_m1_public_data.fid-7cdaa17e_183dabd0b4f_-7957,912341108,Cook Islands,Rarotonga,Southern Cook/Austral Islands,Eastern Indo-Pacific,Cook Islands (southern),PAC10,"Avatiu W, Rarotonga",-21.2,-159.79,2012-08-01,10,RLS,20,15:00:00,,,1,1,Chordata,Actinopterygii,Perciformes,Pomacentridae,Pomacentrus vaiuli,Pomacentrus vaiuli,7.5,2,20.4724,POINT (-159.7899932861328 -21.200000762939453)
ep_m1_public_data.fid-7cdaa17e_183dabd0b4f_-7956,912341108,Cook Islands,Rarotonga,Southern Cook/Austral Islands,Eastern Indo-Pacific,Cook Islands (southern),PAC10,"Avatiu W, Rarotonga",-21.2,-159.79,2012-08-01,10,RLS,20,15:00:00,,,1,1,Chordata,Actinopterygii,Perciformes,Pomacentridae,Stegastes fasciolatus,Stegastes fasciolatus,7.5,12,226.7133,POINT (-159.7899932861328 -21.200000762939453)
ep_m1_public_data.fid-7cdaa17e_183dabd0b4f_-7955,912341108,Cook Islands,Rarotonga,Southern Cook/Austral Islands,Eastern Indo-Pacific,Cook Islands (southern),PAC10,"Avatiu W, Rarotonga",-21.2,-159.79,2012-08-01,10,RLS,20,15:00:00,,,1,2,Chordata,Actinopterygii,Perciformes,Acanthuridae,Acanthurus nigrofuscus,Acanthurus nigrofuscus,7.5,95,1135.3259,POINT (-159.7899932861328 -21.200000762939453)
ep_m1_public_data.fid-7cdaa17e_183dabd0b4f_-7954,912341108,Cook Islands,Rarotonga,Southern Cook/Austral Islands,Eastern Indo-Pacific,Cook Islands (southern),PAC10,"Avatiu W, Rarotonga",-21.2,-159.79,2012-08-01,10,RLS,20,15:00:00,,,1,2,Chordata,Actinopterygii,Perciformes,Acanthuridae,Acanthurus nigrofuscus,Acanthurus nigrofuscus,10,25,767.1603,POINT (-159.7899932861328 -21.200000762939453)
ep_m1_public_data.fid-7cdaa17e_183dabd0b4f_-7953,912341108,Cook Islands,Rarotonga,Southern Cook/Austral Islands,Eastern Indo-Pacific,Cook Islands (southern),PAC10,"Avatiu W, Rarotonga",-21.2,-159.79,2012-08-01,10,RLS,20,15:00:00,,,1,2,Chordata,Actinopterygii,Perciformes,Acanthuridae,Ctenochaetus striatus,Ctenochaetus striatus,20,18,4304.904,POINT (-159.7899932861328 -21.200000762939453)
ep_m1_public_data.fid-7cdaa17e_183dabd0b4f_-7952,912341108,Cook Islands,Rarotonga,Southern Cook/Austral Islands,Eastern Indo-Pacific,Cook Islands (southern),PAC10,"Avatiu W, Rarotonga",-21.2,-159.79,2012-08-01,10,RLS,20,15:00:00,,,1,2,Chordata,Actinopterygii,Perciformes,Chaetodontidae,Chaetodon quadrimaculatus,Chaetodon quadrimaculatus,10,2,105.617,POINT (-159.7899932861328 -21.200000762939453)
ep_m1_public_data.fid-7cdaa17e_183dabd0b4f_-7951,912341108,Cook Islands,Rarotonga,Southern Cook/Austral Islands,Eastern Indo-Pacific,Cook Islands (southern),PAC10,"Avatiu W, Rarotonga",-21.2,-159.79,2012-08-01,10,RLS,20,15:00:00,,,1,2,Chordata,Actinopterygii,Perciformes,Chaetodontidae,Chaetodon quadrimaculatus,Chaetodon quadrimaculatus,12.5,2,205.5481,POINT (-159.7899932861328 -21.200000762939453)
ep_m1_public_data.fid-7cdaa17e_183dabd0b4f_-7950,912341108,Cook Islands,Rarotonga,Southern Cook/Austral Islands,Eastern Indo-Pacific,Cook Islands (southern),PAC10,"Avatiu W, Rarotonga",-21.2,-159.79,2012-08-01,10,RLS,20,15:00:00,,,1,2,Chordata,Actinopterygii,Perciformes,Labridae,Labroides dimidiatus,Labroides dimidiatus,5,1,1.9278,POINT (-159.7899932861328 -21.200000762939453)
ep_m1_public_data.fid-7cdaa17e_183dabd0b4f_-794f,912341108,Cook Islands,Rarotonga,Southern Cook/Austral Islands,Eastern Indo-Pacific,Cook Islands (southern),PAC10,"Avatiu W, Rarotonga",-21.2,-159.79,2012-08-01,10,RLS,20,15:00:00,,,1,2,Chordata,Actinopterygii,Perciformes,Labridae,Macropharyngodon meleagris,Macropharyngodon meleagris,7.5,1,8.5433,POINT (-159.7899932861328 -21.200000762939453)
ep_m1_public_data.fid-7cdaa17e_183dabd0b4f_-794e,912341108,Cook Islands,Rarotonga,Southern Cook/Austral Islands,Eastern Indo-Pacific,Cook Islands (southern),PAC10,"Avatiu W, Rarotonga",-21.2,-159.79,2012-08-01,10,RLS,20,15:00:00,,,1,2,Chordata,Actinopterygii,Perciformes,Labridae,Thalassoma lutescens,Thalassoma lutescens,12.5,2,60.9848,POINT (-159.7899932861328 -21.200000762939453)
ep_m1_public_data.fid-7cdaa17e_183dabd0b4f_-794d,912341108,Cook Islands,Rarotonga,Southern Cook/Austral Islands,Eastern Indo-Pacific,Cook Islands (southern),PAC10,"Avatiu W, Rarotonga",-21.2,-159.79,2012-08-01,10,RLS,20,15:00:00,,,1,2,Chordata,Actinopterygii,Perciformes,Labridae,Thalassoma lutescens,Thalassoma lutescens,20,3,349.2528,POINT (-159.7899932861328 -21.200000762939453)
ep_m1_public_data.fid-7cdaa17e_183dabd0b4f_-794c,912341108,Cook Islands,Rarotonga,Southern Cook/Austral Islands,Eastern Indo-Pacific,Cook Islands (southern),PAC10,"Avatiu W, Rarotonga",-21.2,-159.79,2012-08-01,10,RLS,20,15:00:00,,,1,2,Chordata,Actinopterygii,Perciformes,Microdesmidae,Nemateleotris magnifica,Nemateleotris magnifica,5,4,11.2882,POINT (-159.7899932861328 -21.200000762939453)
ep_m1_public_data.fid-7cdaa17e_183dabd0b4f_-794b,912341108,Cook Islands,Rarotonga,Southern Cook/Austral Islands,Eastern Indo-Pacific,Cook Islands (southern),PAC10,"Avatiu W, Rarotonga",-21.2,-159.79,2012-08-01,10,RLS,20,15:00:00,,,1,2,Chordata,Actinopterygii,Perciformes,Pomacentridae,Pomacentrus fuscidorsalis,Pomacentrus fuscidorsalis,2.5,15,5.7136,POINT (-159.7899932861328 -21.200000762939453)
ep_m1_public_data.fid-7cdaa17e_183dabd0b4f_-794a,912341109,Cook Islands,Rarotonga,Southern Cook/Austral Islands,Eastern Indo-Pacific,Cook Islands (southern),PAC10,"Avatiu W, Rarotonga",-21.2,-159.79,2012-08-01,10.1,RLS,20,15:00:00,,,1,1,Chordata,Actinopterygii,Perciformes,Acanthuridae,Acanthurus nigrofuscus,Acanthurus nigrofuscus,5,4,12.6541,POINT (-159.7899932861328 -21.200000762939453)
ep_m1_public_data.fid-7cdaa17e_183dabd0b4f_-7949,912341109,Cook Islands,Rarotonga,Southern Cook/Austral Islands,Eastern Indo-Pacific,Cook Islands (southern),PAC10,"Avatiu W, Rarotonga",-21.2,-159.79,2012-08-01,10.1,RLS,20,15:00:00,,,1,1,Chordata,Actinopterygii,Perciformes,Acanthuridae,Ctenochaetus striatus,Ctenochaetus striatus,12.5,15,930.9761,POINT (-159.7899932861328 -21.200000762939453)
ep_m1_public_data.fid-7cdaa17e_183dabd0b4f_-7948,912341109,Cook Islands,Rarotonga,Southern Cook/Austral Islands,Eastern Indo-Pacific,Cook Islands (southern),PAC10,"Avatiu W, Rarotonga",-21.2,-159.79,2012-08-01,10.1,RLS,20,15:00:00,,,1,1,Chordata,Actinopterygii,Perciformes,Blenniidae,Cirripectes alboapicalis,Cirripectes alboapicalis,2.5,2,0.885,POINT (-159.7899932861328 -21.200000762939453)
ep_m1_public_data.fid-7cdaa17e_183dabd0b4f_-7947,912341109,Cook Islands,Rarotonga,Southern Cook/Austral Islands,Eastern Indo-Pacific,Cook Islands (southern),PAC10,"Avatiu W, Rarotonga",-21.2,-159.79,2012-08-01,10.1,RLS,20,15:00:00,,,1,1,Chordata,Actinopterygii,Perciformes,Cirrhitidae,Paracirrhites arcatus,Paracirrhites arcatus,12.5,1,63.9375,POINT (-159.7899932861328 -21.200000762939453)
ep_m1_public_data.fid-7cdaa17e_183dabd0b4f_-7946,912341109,Cook Islands,Rarotonga,Southern Cook/Austral Islands,Eastern Indo-Pacific,Cook Islands (southern),PAC10,"Avatiu W, Rarotonga",-21.2,-159.79,2012-08-01,10.1,RLS,20,15:00:00,,,1,1,Chordata,Actinopterygii,Perciformes,Labridae,Halichoeres ornatissimus,Halichoeres ornatissimus,5,2,5.1897,POINT (-159.7899932861328 -21.200000762939453)
ep_m1_public_data.fid-7cdaa17e_183dabd0b4f_-7945,912341109,Cook Islands,Rarotonga,Southern Cook/Austral Islands,Eastern Indo-Pacific,Cook Islands (southern),PAC10,"Avatiu W, Rarotonga",-21.2,-159.79,2012-08-01,10.1,RLS,20,15:00:00,,,1,1,Chordata,Actinopterygii,Perciformes,Labridae,Thalassoma lutescens,Thalassoma lutescens,15,4,212.3836,POINT (-159.7899932861328 -21.200000762939453)
ep_m1_public_data.fid-7cdaa17e_183dabd0b4f_-7944,912341109,Cook Islands,Rarotonga,Southern Cook/Austral Islands,Eastern Indo-Pacific,Cook Islands (southern),PAC10,"Avatiu W, Rarotonga",-21.2,-159.79,2012-08-01,10.1,RLS,20,15:00:00,,,1,1,Chordata,Actinopterygii,Perciformes,Labridae,Thalassoma quinquevittatum,Thalassoma quinquevittatum,12.5,2,93.825,POINT (-159.7899932861328 -21.200000762939453)
ep_m1_public_data.fid-7cdaa17e_183dabd0b4f_-7943,912341109,Cook Islands,Rarotonga,Southern Cook/Austral Islands,Eastern Indo-Pacific,Cook Islands (southern),PAC10,"Avatiu W, Rarotonga",-21.2,-159.79,2012-08-01,10.1,RLS,20,15:00:00,,,1,1,Chordata,Actinopterygii,Perciformes,Pomacentridae,Pomacentrus fuscidorsalis,Pomacentrus fuscidorsalis,2.5,22,8.38,POINT (-159.7899932861328 -21.200000762939453)
ep_m1_public_data.fid-7cdaa17e_183dabd0b4f_-7942,912341109,Cook Islands,Rarotonga,Southern Cook/Austral Islands,Eastern Indo-Pacific,Cook Islands (southern),PAC10,"Avatiu W, Rarotonga",-21.2,-159.79,2012-08-01,10.1,RLS,20,15:00:00,,,1,1,Chordata,Actinopterygii,Tetraodontiformes,Balistidae,Sufflamen bursa,Sufflamen bursa,10,1,45.5757,POINT (-159.7899932861328 -21.200000762939453)
ep_m1_public_data.fid-7cdaa17e_183dabd0b4f_-7941,912341109,Cook Islands,Rarotonga,Southern Cook/Austral Islands,Eastern Indo-Pacific,Cook Islands (southern),PAC10,"Avatiu W, Rarotonga",-21.2,-159.79,2012-08-01,10.1,RLS,20,15:00:00,,,1,2,Chordata,Actinopterygii,Perciformes,Acanthuridae,Ctenochaetus striatus,Ctenochaetus striatus,15,35,3797.0603,POINT (-159.7899932861328 -21.200000762939453)
ep_m1_public_data.fid-7cdaa17e_183dabd0b4f_-7940,912341109,Cook Islands,Rarotonga,Southern Cook/Austral Islands,Eastern Indo-Pacific,Cook Islands (southern),PAC10,"Avatiu W, Rarotonga",-21.2,-159.79,2012-08-01,10.1,RLS,20,15:00:00,,,1,2,Chordata,Actinopterygii,Perciformes,Acanthuridae,Ctenochaetus striatus,Ctenochaetus striatus,20,45,10762.26,POINT (-159.7899932861328 -21.200000762939453)
ep_m1_public_data.fid-7cdaa17e_183dabd0b4f_-793f,912341109,Cook Islands,Rarotonga,Southern Cook/Austral Islands,Eastern Indo-Pacific,Cook Islands (southern),PAC10,"Avatiu W, Rarotonga",-21.2,-159.79,2012-08-01,10.1,RLS,20,15:00:00,,,1,2,Chordata,Actinopterygii,Perciformes,Labridae,Thalassoma lutescens,Thalassoma lutescens,12.5,3,91.4772,POINT (-159.7899932861328 -21.200000762939453)
ep_m1_public_data.fid-7cdaa17e_183dabd0b4f_-793e,912341109,Cook Islands,Rarotonga,Southern Cook/Austral Islands,Eastern Indo-Pacific,Cook Islands (southern),PAC10,"Avatiu W, Rarotonga",-21.2,-159.79,2012-08-01,10.1,RLS,20,15:00:00,,,1,2,Chordata,Actinopterygii,Perciformes,Labridae,Thalassoma quinquevittatum,Thalassoma quinquevittatum,12.5,2,93.825,POINT (-159.7899932861328 -21.200000762939453)
ep_m1_public_data.fid-7cdaa17e_183dabd0b4f_-793d,912341109,Cook Islands,Rarotonga,Southern Cook/Austral Islands,Eastern Indo-Pacific,Cook Islands (southern),PAC10,"Avatiu W, Rarotonga",-21.2,-159.79,2012-08-01,10.1,RLS,20,15:00:00,,,1,2,Chordata,Actinopterygii,Perciformes,Microdesmidae,Nemateleotris magnifica,Nemateleotris magnifica,5,2,5.6441,POINT (-159.7899932861328 -21.200000762939453)
ep_m1_public_data.fid-7cdaa17e_183dabd0b4f_-793c,912341109,Cook Islands,Rarotonga,Southern Cook/Austral Islands,Eastern Indo-Pacific,Cook Islands (southern),PAC10,"Avatiu W, Rarotonga",-21.2,-159.79,2012-08-01,10.1,RLS,20,15:00:00,,,1,2,Chordata,Actinopterygii,Perciformes,Pomacentridae,Chromis vanderbilti,Chromis vanderbilti,2.5,6,2.423,POINT (-159.7899932861328 -21.200000762939453)
ep_m1_public_data.fid-7cdaa17e_183dabd0b4f_-793b,912341109,Cook Islands,Rarotonga,Southern Cook/Austral Islands,Eastern Indo-Pacific,Cook Islands (southern),PAC10,"Avatiu W, Rarotonga",-21.2,-159.79,2012-08-01,10.1,RLS,20,15:00:00,,,1,2,Chordata,Actinopterygii,Perciformes,Pomacentridae,Pomacentrus vaiuli,Pomacentrus vaiuli,5,2,7.0534,POINT (-159.7899932861328 -21.200000762939453)
ep_m1_public_data.fid-7cdaa17e_183dabd0b4f_-793a,912341109,Cook Islands,Rarotonga,Southern Cook/Austral Islands,Eastern Indo-Pacific,Cook Islands (southern),PAC10,"Avatiu W, Rarotonga",-21.2,-159.79,2012-08-01,10.1,RLS,20,15:00:00,,,1,2,Chordata,Actinopterygii,Perciformes,Pomacentridae,Stegastes fasciolatus,Stegastes fasciolatus,7.5,2,37.7855,POINT (-159.7899932861328 -21.200000762939453)
ep_m1_public_data.fid-7cdaa17e_183dabd0b4f_-7939,912341109,Cook Islands,Rarotonga,Southern Cook/Austral Islands,Eastern Indo-Pacific,Cook Islands (southern),PAC10,"Avatiu W, Rarotonga",-21.2,-159.79,2012-08-01,10.1,RLS,20,15:00:00,,,1,2,Chordata,Actinopterygii,Perciformes,Pomacentridae,Stegastes fasciolatus,Stegastes fasciolatus,10,3,133.3091,POINT (-159.7899932861328 -21.200000762939453)
ep_m1_public_data.fid-7cdaa17e_183dabd0b4f_-7938,912341109,Cook Islands,Rarotonga,Southern Cook/Austral Islands,Eastern Indo-Pacific,Cook Islands (southern),PAC10,"Avatiu W, Rarotonga",-21.2,-159.79,2012-08-01,10.1,RLS,20,15:00:00,,,1,2,Chordata,Actinopterygii,Perciformes,Zanclidae,Zanclus cornutus,Zanclus cornutus,25,1,955.282,POINT (-159.7899932861328 -21.200000762939453)
ep_m1_public_data.fid-7cdaa17e_183dabd0b4f_-7937,912341107,Cook Islands,Rarotonga,Southern Cook/Austral Islands,Eastern Indo-Pacific,Cook Islands (southern),PAC9,"Avarua, Rarotonga",-21.2,-159.77,2012-07-31,17,RLS,25,09:00:00,,,1,1,Chordata,Actinopterygii,Perciformes,Labridae,Thalassoma lutescens,Thalassoma lutescens,10,8,123.7318,POINT (-159.77000427246094 -21.200000762939453)
ep_m1_public_data.fid-7cdaa17e_183dabd0b4f_-7936,912341108,Cook Islands,Rarotonga,Southern Cook/Austral Islands,Eastern Indo-Pacific,Cook Islands (southern),PAC10,"Avatiu W, Rarotonga",-21.2,-159.79,2012-08-01,10,RLS,20,15:00:00,,,1,1,Chordata,Actinopterygii,Tetraodontiformes,Tetraodontidae,Canthigaster papua,Canthigaster papua,5,2,12.8266,POINT (-159.7899932861328 -21.200000762939453)
ep_m1_public_data.fid-7cdaa17e_183dabd0b4f_-7935,912341108,Cook Islands,Rarotonga,Southern Cook/Austral Islands,Eastern Indo-Pacific,Cook Islands (southern),PAC10,"Avatiu W, Rarotonga",-21.2,-159.79,2012-08-01,10,RLS,20,15:00:00,,,1,2,Chordata,Actinopterygii,Perciformes,Acanthuridae,Acanthurus nigrofuscus,Acanthurus nigrofuscus,5,25,79.0879,POINT (-159.7899932861328 -21.200000762939453)
ep_m1_public_data.fid-7cdaa17e_183dabd0b4f_-7934,912341109,Cook Islands,Rarotonga,Southern Cook/Austral Islands,Eastern Indo-Pacific,Cook Islands (southern),PAC10,"Avatiu W, Rarotonga",-21.2,-159.79,2012-08-01,10.1,RLS,20,15:00:00,,,1,1,Chordata,Actinopterygii,Perciformes,Acanthuridae,Ctenochaetus striatus,Ctenochaetus striatus,20,65,15545.486,POINT (-159.7899932861328 -21.200000762939453)
ep_m1_public_data.fid-7cdaa17e_183dabd0b4f_-7933,912341109,Cook Islands,Rarotonga,Southern Cook/Austral Islands,Eastern Indo-Pacific,Cook Islands (southern),PAC10,"Avatiu W, Rarotonga",-21.2,-159.79,2012-08-01,10.1,RLS,20,15:00:00,,,1,2,Chordata,Actinopterygii,Perciformes,Acanthuridae,Acanthurus nigrofuscus,Acanthurus nigrofuscus,7.5,16,191.2128,POINT (-159.7899932861328 -21.200000762939453)
ep_m1_public_data.fid-7cdaa17e_183dabd0b4f_-7932,912341107,Cook Islands,Rarotonga,Southern Cook/Austral Islands,Eastern Indo-Pacific,Cook Islands (southern),PAC9,"Avarua, Rarotonga",-21.2,-159.77,2012-07-31,17,RLS,25,09:00:00,,,1,1,Chordata,Actinopterygii,Perciformes,Labridae,Thalassoma lutescens,Thalassoma lutescens,20,2,232.8352,POINT (-159.77000427246094 -21.200000762939453)
ep_m1_public_data.fid-7cdaa17e_183dabd0b4f_-7931,912341107,Cook Islands,Rarotonga,Southern Cook/Austral Islands,Eastern Indo-Pacific,Cook Islands (southern),PAC9,"Avarua, Rarotonga",-21.2,-159.77,2012-07-31,17,RLS,25,09:00:00,,,1,1,Chordata,Actinopterygii,Tetraodontiformes,Balistidae,Sufflamen bursa,Sufflamen bursa,15,1,151.7121,POINT (-159.77000427246094 -21.200000762939453)
ep_m1_public_data.fid-7cdaa17e_183dabd0b4f_-7930,912341107,Cook Islands,Rarotonga,Southern Cook/Austral Islands,Eastern Indo-Pacific,Cook Islands (southern),PAC9,"Avarua, Rarotonga",-21.2,-159.77,2012-07-31,17,RLS,25,09:00:00,,,1,2,Chordata,Actinopterygii,Perciformes,Pomacentridae,Pomacentrus fuscidorsalis,Pomacentrus fuscidorsalis,2.5,1,0.3809,POINT (-159.77000427246094 -21.200000762939453)
ep_m1_public_data.fid-7cdaa17e_183dabd0b4f_-792f,912341107,Cook Islands,Rarotonga,Southern Cook/Austral Islands,Eastern Indo-Pacific,Cook Islands (southern),PAC9,"Avarua, Rarotonga",-21.2,-159.77,2012-07-31,17,RLS,25,09:00:00,,,1,2,Chordata,Actinopterygii,Perciformes,Serranidae,Cephalopholis argus,Cephalopholis argus,30,1,484.7344,POINT (-159.77000427246094 -21.200000762939453)
ep_m1_public_data.fid-7cdaa17e_183dabd0b4f_-792e,912341108,Cook Islands,Rarotonga,Southern Cook/Austral Islands,Eastern Indo-Pacific,Cook Islands (southern),PAC10,"Avatiu W, Rarotonga",-21.2,-159.79,2012-08-01,10,RLS,20,15:00:00,,,1,2,Chordata,Actinopterygii,Perciformes,Pomacentridae,Stegastes fasciolatus,Stegastes fasciolatus,7.5,8,151.1422,POINT (-159.7899932861328 -21.200000762939453)
ep_m1_public_data.fid-7cdaa17e_183dabd0b4f_-792d,912341109,Cook Islands,Rarotonga,Southern Cook/Austral Islands,Eastern Indo-Pacific,Cook Islands (southern),PAC10,"Avatiu W, Rarotonga",-21.2,-159.79,2012-08-01,10.1,RLS,20,15:00:00,,,1,1,Chordata,Actinopterygii,Perciformes,Labridae,Halichoeres ornatissimus,Halichoeres ornatissimus,7.5,4,36.9417,POINT (-159.7899932861328 -21.200000762939453)
ep_m1_public_data.fid-7cdaa17e_183dabd0b4f_-792c,912341107,Cook Islands,Rarotonga,Southern Cook/Austral Islands,Eastern Indo-Pacific,Cook Islands (southern),PAC9,"Avarua, Rarotonga",-21.2,-159.77,2012-07-31,17,RLS,25,09:00:00,,,1,1,Chordata,Actinopterygii,Perciformes,Labridae,Thalassoma lutescens,Thalassoma lutescens,7.5,2,12.8931,POINT (-159.77000427246094 -21.200000762939453)
ep_m1_public_data.fid-7cdaa17e_183dabd0b4f_-792b,912341107,Cook Islands,Rarotonga,Southern Cook/Austral Islands,Eastern Indo-Pacific,Cook Islands (southern),PAC9,"Avarua, Rarotonga",-21.2,-159.77,2012-07-31,17,RLS,25,09:00:00,,,1,2,Chordata,Actinopterygii,Perciformes,Acanthuridae,Ctenochaetus striatus,Ctenochaetus striatus,10,14,438.6721,POINT (-159.77000427246094 -21.200000762939453)
ep_m1_public_data.fid-7cdaa17e_183dabd0b4f_-792a,912341107,Cook Islands,Rarotonga,Southern Cook/Austral Islands,Eastern Indo-Pacific,Cook Islands (southern),PAC9,"Avarua, Rarotonga",-21.2,-159.77,2012-07-31,17,RLS,25,09:00:00,,,1,2,Chordata,Actinopterygii,Perciformes,Acanthuridae,Ctenochaetus striatus,Ctenochaetus striatus,20,8,1913.2906,POINT (-159.77000427246094 -21.200000762939453)
ep_m1_public_data.fid-7cdaa17e_183dabd0b4f_-7929,912341107,Cook Islands,Rarotonga,Southern Cook/Austral Islands,Eastern Indo-Pacific,Cook Islands (southern),PAC9,"Avarua, Rarotonga",-21.2,-159.77,2012-07-31,17,RLS,25,09:00:00,,,1,2,Chordata,Actinopterygii,Perciformes,Labridae,Thalassoma lutescens,Thalassoma lutescens,20,4,465.6704,POINT (-159.77000427246094 -21.200000762939453)
ep_m1_public_data.fid-7cdaa17e_183dabd0b4f_-7928,912341108,Cook Islands,Rarotonga,Southern Cook/Austral Islands,Eastern Indo-Pacific,Cook Islands (southern),PAC10,"Avatiu W, Rarotonga",-21.2,-159.79,2012-08-01,10,RLS,20,15:00:00,,,1,1,Chordata,Actinopterygii,Perciformes,Labridae,Halichoeres ornatissimus,Halichoeres ornatissimus,10,8,181.857,POINT (-159.7899932861328 -21.200000762939453)
ep_m1_public_data.fid-7cdaa17e_183dabd0b4f_-7927,912341108,Cook Islands,Rarotonga,Southern Cook/Austral Islands,Eastern Indo-Pacific,Cook Islands (southern),PAC10,"Avatiu W, Rarotonga",-21.2,-159.79,2012-08-01,10,RLS,20,15:00:00,,,1,2,Chordata,Actinopterygii,Perciformes,Labridae,Halichoeres ornatissimus,Halichoeres ornatissimus,10,4,90.9285,POINT (-159.7899932861328 -21.200000762939453)
ep_m1_public_data.fid-7cdaa17e_183dabd0b4f_-7926,912341108,Cook Islands,Rarotonga,Southern Cook/Austral Islands,Eastern Indo-Pacific,Cook Islands (southern),PAC10,"Avatiu W, Rarotonga",-21.2,-159.79,2012-08-01,10,RLS,20,15:00:00,,,1,2,Chordata,Actinopterygii,Perciformes,Pomacentridae,Chromis agilis,Chromis agilis,2.5,4,1.6153,POINT (-159.7899932861328 -21.200000762939453)
ep_m1_public_data.fid-7cdaa17e_183dabd0b4f_-7925,912341109,Cook Islands,Rarotonga,Southern Cook/Austral Islands,Eastern Indo-Pacific,Cook Islands (southern),PAC10,"Avatiu W, Rarotonga",-21.2,-159.79,2012-08-01,10.1,RLS,20,15:00:00,,,1,1,Chordata,Actinopterygii,Perciformes,Pomacanthidae,Centropyge flavissima,Centropyge flavissima,7.5,1,22.8598,POINT (-159.7899932861328 -21.200000762939453)
ep_m1_public_data.fid-7cdaa17e_183dabd0b4f_-7924,912341107,Cook Islands,Rarotonga,Southern Cook/Austral Islands,Eastern Indo-Pacific,Cook Islands (southern),PAC9,"Avarua, Rarotonga",-21.2,-159.77,2012-07-31,17,RLS,25,09:00:00,,,1,1,Chordata,Actinopterygii,Perciformes,Acanthuridae,Ctenochaetus striatus,Ctenochaetus striatus,15,18,1952.7739,POINT (-159.77000427246094 -21.200000762939453)
ep_m1_public_data.fid-7cdaa17e_183dabd0b4f_-7923,912341107,Cook Islands,Rarotonga,Southern Cook/Austral Islands,Eastern Indo-Pacific,Cook Islands (southern),PAC9,"Avarua, Rarotonga",-21.2,-159.77,2012-07-31,17,RLS,25,09:00:00,,,1,1,Chordata,Actinopterygii,Perciformes,Labridae,Coris aygula,Coris aygula,20,1,159.246,POINT (-159.77000427246094 -21.200000762939453)
ep_m1_public_data.fid-7cdaa17e_183dabd0b4f_-7922,912341107,Cook Islands,Rarotonga,Southern Cook/Austral Islands,Eastern Indo-Pacific,Cook Islands (southern),PAC9,"Avarua, Rarotonga",-21.2,-159.77,2012-07-31,17,RLS,25,09:00:00,,,1,2,Chordata,Actinopterygii,Perciformes,Labridae,Pseudocheilinus octotaenia,Pseudocheilinus octotaenia,7.5,2,17.0865,POINT (-159.77000427246094 -21.200000762939453)
ep_m1_public_data.fid-7cdaa17e_183dabd0b4f_-7921,912341107,Cook Islands,Rarotonga,Southern Cook/Austral Islands,Eastern Indo-Pacific,Cook Islands (southern),PAC9,"Avarua, Rarotonga",-21.2,-159.77,2012-07-31,17,RLS,25,09:00:00,,,1,2,Chordata,Actinopterygii,Perciformes,Pomacentridae,Pomacentrus vaiuli,Pomacentrus vaiuli,5,4,14.1069,POINT (-159.77000427246094 -21.200000762939453)
ep_m1_public_data.fid-7cdaa17e_183dabd0b4f_-7920,912341107,Cook Islands,Rarotonga,Southern Cook/Austral Islands,Eastern Indo-Pacific,Cook Islands (southern),PAC9,"Avarua, Rarotonga",-21.2,-159.77,2012-07-31,17,RLS,25,09:00:00,,,1,2,Chordata,Actinopterygii,Perciformes,Serranidae,Pseudanthias olivaceus,Pseudanthias olivaceus,2.5,16,6.5524,POINT (-159.77000427246094 -21.200000762939453)
ep_m1_public_data.fid-7cdaa17e_183dabd0b4f_-791f,912341108,Cook Islands,Rarotonga,Southern Cook/Austral Islands,Eastern Indo-Pacific,Cook Islands (southern),PAC10,"Avatiu W, Rarotonga",-21.2,-159.79,2012-08-01,10,RLS,20,15:00:00,,,1,1,Chordata,Actinopterygii,Perciformes,Labridae,Thalassoma lutescens,Thalassoma lutescens,15,5,265.4795,POINT (-159.7899932861328 -21.200000762939453)
ep_m1_public_data.fid-7cdaa17e_183dabd0b4f_-791e,912341108,Cook Islands,Rarotonga,Southern Cook/Austral Islands,Eastern Indo-Pacific,Cook Islands (southern),PAC10,"Avatiu W, Rarotonga",-21.2,-159.79,2012-08-01,10,RLS,20,15:00:00,,,1,1,Chordata,Actinopterygii,Perciformes,Pinguipedidae,Parapercis millepunctata,Parapercis millepunctata,15,1,62.4316,POINT (-159.7899932861328 -21.200000762939453)
ep_m1_public_data.fid-7cdaa17e_183dabd0b4f_-791d,912341108,Cook Islands,Rarotonga,Southern Cook/Austral Islands,Eastern Indo-Pacific,Cook Islands (southern),PAC10,"Avatiu W, Rarotonga",-21.2,-159.79,2012-08-01,10,RLS,20,15:00:00,,,1,2,Chordata,Actinopterygii,Perciformes,Pomacentridae,Stegastes fasciolatus,Stegastes fasciolatus,10,8,355.4909,POINT (-159.7899932861328 -21.200000762939453)
ep_m1_public_data.fid-7cdaa17e_183dabd0b4f_-791c,912341109,Cook Islands,Rarotonga,Southern Cook/Austral Islands,Eastern Indo-Pacific,Cook Islands (southern),PAC10,"Avatiu W, Rarotonga",-21.2,-159.79,2012-08-01,10.1,RLS,20,15:00:00,,,1,2,Chordata,Actinopterygii,Perciformes,Scaridae,Chlorurus sordidus,Chlorurus sordidus,30,2,1228.2533,POINT (-159.7899932861328 -21.200000762939453)
