ep_m1_public_data.fid-7cdaa17e_183dabd0b4f_-79e2,912341108,Cook Islands,Rarotonga,Southern Cook/Austral Islands,Eastern Indo-Pacific,Cook Islands (southern),PAC10,"Avatiu W, Rarotonga",-21.2,-159.79,8/1/2012,10,RLS,20,15:00:00,,,1,1,Chordata,Actinopterygii,Perciformes,Acanthuridae,Acanthurus nigrofuscus,Acanthurus nigrofuscus,10,46,1411.5751,POINT (-159.7899932861328 -21.200000762939453)
ep_m1_public_data.fid-7cdaa17e_183dabd0b4f_-79e1,912341108,Cook Islands,Rarotonga,Southern Cook/Austral Islands,Eastern Indo-Pacific,Cook Islands (southern),PAC10,"Avatiu W, Rarotonga",-21.2,-159.79,8/1/2012,10,RLS,20,15:00:00,,,1,1,Chordata,Actinopterygii,Perciformes,Acanthuridae,Acanthurus nigrofuscus,Acanthurus nigrofuscus,12.5,12,765.2413,POINT (-159.7899932861328 -21.200000762939453)
ep_m1_public_data.fid-7cdaa17e_183dabd0b4f_-79e0,912341108,Cook Islands,Rarotonga,Southern Cook/Austral Islands,Eastern Indo-Pacific,Cook Islands (southern),PAC10,"Avatiu W, Rarotonga",-21.2,-159.79,8/1/2012,10,RLS,20,15:00:00,,,1,1,Chordata,Actinopterygii,Perciformes,Acanthuridae,Ctenochaetus striatus,Ctenochaetus striatus,15,24,2603.6985,POINT (-159.7899932861328 -21.200000762939453)
ep_m1_public_data.fid-7cdaa17e_183dabd0b4f_-79df,912341108,Cook Islands,Rarotonga,Southern Cook/Austral Islands,Eastern Indo-Pacific,Cook Islands (southern),PAC10,"Avatiu W, Rarotonga",-21.2,-159.79,8/1/2012,10,RLS,20,15:00:00,,,1,1,Chordata,Actinopterygii,Perciformes,Acanthuridae,Ctenochaetus striatus,Ctenochaetus striatus,20,25,5979.033,POINT (-159.7899932861328 -21.200000762939453)
ep_m1_public_data.fid-7cdaa17e_183dabd0b4f_-79de,912341108,Cook Islands,Rarotonga,Southern Cook/Austral Islands,Eastern Indo-Pacific,Cook Islands (southern),PAC10,"Avatiu W, Rarotonga",-21.2,-159.79,8/1/2012,10,RLS,20,15:00:00,,,1,1,Chordata,Actinopterygii,Perciformes,Acanthuridae,Ctenochaetus striatus,Ctenochaetus striatus,25,11,4038.772,POINT (-159.7899932861328 -21.200000762939453)
ep_m1_public_data.fid-7cdaa17e_183dabd0b4f_-79dd,912341108,Cook Islands,Rarotonga,Southern Cook/Austral Islands,Eastern Indo-Pacific,Cook Islands (southern),PAC10,"Avatiu W, Rarotonga",-21.2,-159.79,8/1/2012,10,RLS,20,15:00:00,,,1,1,Chordata,Actinopterygii,Perciformes,Labridae,Halichoeres marginatus,Halichoeres marginatus,10,1,25.6213,POINT (-159.7899932861328 -21.200000762939453)
ep_m1_public_data.fid-7cdaa17e_183dabd0b4f_-79dc,912341108,Cook Islands,Rarotonga,Southern Cook/Austral Islands,Eastern Indo-Pacific,Cook Islands (southern),PAC10,"Avatiu W, Rarotonga",-21.2,-159.79,8/1/2012,10,RLS,20,15:00:00,,,1,1,Chordata,Actinopterygii,Perciformes,Labridae,Halichoeres ornatissimus,Halichoeres ornatissimus,7.5,12,110.8251,POINT (-159.7899932861328 -21.200000762939453)
ep_m1_public_data.fid-7cdaa17e_183dabd0b4f_-79db,912341108,Cook Islands,Rarotonga,Southern Cook/Austral Islands,Eastern Indo-Pacific,Cook Islands (southern),PAC10,"Avatiu W, Rarotonga",-21.2,-159.79,8/1/2012,10,RLS,20,15:00:00,,,1,1,Chordata,Actinopterygii,Perciformes,Labridae,Thalassoma lutescens,Thalassoma lutescens,12.5,2,60.9848,POINT (-159.7899932861328 -21.200000762939453)
ep_m1_public_data.fid-7cdaa17e_183dabd0b4f_-79da,912341108,Cook Islands,Rarotonga,Southern Cook/Austral Islands,Eastern Indo-Pacific,Cook Islands (southern),PAC10,"Avatiu W, Rarotonga",-21.2,-159.79,8/1/2012,10,RLS,20,15:00:00,,,1,1,Chordata,Actinopterygii,Perciformes,Labridae,Thalassoma quinquevittatum,Thalassoma quinquevittatum,12.5,1,46.9125,POINT (-159.7899932861328 -21.200000762939453)
ep_m1_public_data.fid-7cdaa17e_183dabd0b4f_-79d9,912341108,Cook Islands,Rarotonga,Southern Cook/Austral Islands,Eastern Indo-Pacific,Cook Islands (southern),PAC10,"Avatiu W, Rarotonga",-21.2,-159.79,8/1/2012,10,RLS,20,15:00:00,,,1,1,Chordata,Actinopterygii,Perciformes,Pomacentridae,Chromis xanthura,Chromis xanthura,2.5,5,2.0192,POINT (-159.7899932861328 -21.200000762939453)
ep_m1_public_data.fid-7cdaa17e_183dabd0b4f_-79d8,912341108,Cook Islands,Rarotonga,Southern Cook/Austral Islands,Eastern Indo-Pacific,Cook Islands (southern),PAC10,"Avatiu W, Rarotonga",-21.2,-159.79,8/1/2012,10,RLS,20,15:00:00,,,1,1,Chordata,Actinopterygii,Perciformes,Pomacentridae,Pomacentrus fuscidorsalis,Pomacentrus fuscidorsalis,2.5,33,12.57,POINT (-159.7899932861328 -21.200000762939453)
ep_m1_public_data.fid-7cdaa17e_183dabd0b4f_-79d7,912341108,Cook Islands,Rarotonga,Southern Cook/Austral Islands,Eastern Indo-Pacific,Cook Islands (southern),PAC10,"Avatiu W, Rarotonga",-21.2,-159.79,8/1/2012,10,RLS,20,15:00:00,,,1,1,Chordata,Actinopterygii,Perciformes,Pomacentridae,Pomacentrus fuscidorsalis,Pomacentrus fuscidorsalis,5,6,15.6433,POINT (-159.7899932861328 -21.200000762939453)
ep_m1_public_data.fid-7cdaa17e_183dabd0b4f_-79d6,912341108,Cook Islands,Rarotonga,Southern Cook/Austral Islands,Eastern Indo-Pacific,Cook Islands (southern),PAC10,"Avatiu W, Rarotonga",-21.2,-159.79,8/1/2012,10,RLS,20,15:00:00,,,1,1,Chordata,Actinopterygii,Perciformes,Pomacentridae,Stegastes fasciolatus,Stegastes fasciolatus,10,15,666.5455,POINT (-159.7899932861328 -21.200000762939453)
ep_m1_public_data.fid-7cdaa17e_183dabd0b4f_-79d5,912341108,Cook Islands,Rarotonga,Southern Cook/Austral Islands,Eastern Indo-Pacific,Cook Islands (southern),PAC10,"Avatiu W, Rarotonga",-21.2,-159.79,8/1/2012,10,RLS,20,15:00:00,,,1,2,Chordata,Actinopterygii,Perciformes,Acanthuridae,Ctenochaetus striatus,Ctenochaetus striatus,12.5,14,868.9111,POINT (-159.7899932861328 -21.200000762939453)
ep_m1_public_data.fid-7cdaa17e_183dabd0b4f_-79d4,912341108,Cook Islands,Rarotonga,Southern Cook/Austral Islands,Eastern Indo-Pacific,Cook Islands (southern),PAC10,"Avatiu W, Rarotonga",-21.2,-159.79,8/1/2012,10,RLS,20,15:00:00,,,1,2,Chordata,Actinopterygii,Perciformes,Chaetodontidae,Heniochus monoceros,Heniochus monoceros,25,1,638.7691,POINT (-159.7899932861328 -21.200000762939453)
ep_m1_public_data.fid-7cdaa17e_183dabd0b4f_-79d3,912341108,Cook Islands,Rarotonga,Southern Cook/Austral Islands,Eastern Indo-Pacific,Cook Islands (southern),PAC10,"Avatiu W, Rarotonga",-21.2,-159.79,8/1/2012,10,RLS,20,15:00:00,,,1,2,Chordata,Actinopterygii,Perciformes,Labridae,Halichoeres ornatissimus,Halichoeres ornatissimus,5,12,31.1384,POINT (-159.7899932861328 -21.200000762939453)
ep_m1_public_data.fid-7cdaa17e_183dabd0b4f_-79d2,912341108,Cook Islands,Rarotonga,Southern Cook/Austral Islands,Eastern Indo-Pacific,Cook Islands (southern),PAC10,"Avatiu W, Rarotonga",-21.2,-159.79,8/1/2012,10,RLS,20,15:00:00,,,1,2,Chordata,Actinopterygii,Perciformes,Labridae,Halichoeres ornatissimus,Halichoeres ornatissimus,7.5,8,73.8834,POINT (-159.7899932861328 -21.200000762939453)
ep_m1_public_data.fid-7cdaa17e_183dabd0b4f_-79d1,912341108,Cook Islands,Rarotonga,Southern Cook/Austral Islands,Eastern Indo-Pacific,Cook Islands (southern),PAC10,"Avatiu W, Rarotonga",-21.2,-159.79,8/1/2012,10,RLS,20,15:00:00,,,1,2,Chordata,Actinopterygii,Perciformes,Labridae,Labroides dimidiatus,Labroides dimidiatus,7.5,2,14.2902,POINT (-159.7899932861328 -21.200000762939453)
ep_m1_public_data.fid-7cdaa17e_183dabd0b4f_-79d0,912341108,Cook Islands,Rarotonga,Southern Cook/Austral Islands,Eastern Indo-Pacific,Cook Islands (southern),PAC10,"Avatiu W, Rarotonga",-21.2,-159.79,8/1/2012,10,RLS,20,15:00:00,,,1,2,Chordata,Actinopterygii,Perciformes,Labridae,Labroides rubrolabiatus,Labroides rubrolabiatus,5,1,1.9278,POINT (-159.7899932861328 -21.200000762939453)
ep_m1_public_data.fid-7cdaa17e_183dabd0b4f_-79cf,912341108,Cook Islands,Rarotonga,Southern Cook/Austral Islands,Eastern Indo-Pacific,Cook Islands (southern),PAC10,"Avatiu W, Rarotonga",-21.2,-159.79,8/1/2012,10,RLS,20,15:00:00,,,1,2,Chordata,Actinopterygii,Perciformes,Labridae,Thalassoma lutescens,Thalassoma lutescens,15,2,106.1918,POINT (-159.7899932861328 -21.200000762939453)
ep_m1_public_data.fid-7cdaa17e_183dabd0b4f_-79ce,912341108,Cook Islands,Rarotonga,Southern Cook/Austral Islands,Eastern Indo-Pacific,Cook Islands (southern),PAC10,"Avatiu W, Rarotonga",-21.2,-159.79,8/1/2012,10,RLS,20,15:00:00,,,1,2,Chordata,Actinopterygii,Perciformes,Mullidae,Parupeneus insularis,Parupeneus insularis,15,1,53.3441,POINT (-159.7899932861328 -21.200000762939453)
ep_m1_public_data.fid-7cdaa17e_183dabd0b4f_-79cd,912341108,Cook Islands,Rarotonga,Southern Cook/Austral Islands,Eastern Indo-Pacific,Cook Islands (southern),PAC10,"Avatiu W, Rarotonga",-21.2,-159.79,8/1/2012,10,RLS,20,15:00:00,,,1,2,Chordata,Actinopterygii,Perciformes,Pomacanthidae,Centropyge flavissima,Centropyge flavissima,7.5,1,22.8598,POINT (-159.7899932861328 -21.200000762939453)
ep_m1_public_data.fid-7cdaa17e_183dabd0b4f_-79cc,912341108,Cook Islands,Rarotonga,Southern Cook/Austral Islands,Eastern Indo-Pacific,Cook Islands (southern),PAC10,"Avatiu W, Rarotonga",-21.2,-159.79,8/1/2012,10,RLS,20,15:00:00,,,1,2,Chordata,Actinopterygii,Perciformes,Pomacentridae,Chromis acares,Chromis acares,2.5,25,10.0958,POINT (-159.7899932861328 -21.200000762939453)
ep_m1_public_data.fid-7cdaa17e_183dabd0b4f_-79cb,912341108,Cook Islands,Rarotonga,Southern Cook/Austral Islands,Eastern Indo-Pacific,Cook Islands (southern),PAC10,"Avatiu W, Rarotonga",-21.2,-159.79,8/1/2012,10,RLS,20,15:00:00,,,1,2,Chordata,Actinopterygii,Perciformes,Pomacentridae,Chromis agilis,Chromis agilis,5,6,22.5301,POINT (-159.7899932861328 -21.200000762939453)
ep_m1_public_data.fid-7cdaa17e_183dabd0b4f_-79ca,912341108,Cook Islands,Rarotonga,Southern Cook/Austral Islands,Eastern Indo-Pacific,Cook Islands (southern),PAC10,"Avatiu W, Rarotonga",-21.2,-159.79,8/1/2012,10,RLS,20,15:00:00,,,1,2,Chordata,Actinopterygii,Perciformes,Pomacentridae,Chromis xanthura,Chromis xanthura,2.5,8,3.2306,POINT (-159.7899932861328 -21.200000762939453)
ep_m1_public_data.fid-7cdaa17e_183dabd0b4f_-79c9,912341108,Cook Islands,Rarotonga,Southern Cook/Austral Islands,Eastern Indo-Pacific,Cook Islands (southern),PAC10,"Avatiu W, Rarotonga",-21.2,-159.79,8/1/2012,10,RLS,20,15:00:00,,,1,2,Chordata,Actinopterygii,Perciformes,Pomacentridae,Pomacentrus vaiuli,Pomacentrus vaiuli,5,1,3.5267,POINT (-159.7899932861328 -21.200000762939453)
ep_m1_public_data.fid-7cdaa17e_183dabd0b4f_-79c8,912341108,Cook Islands,Rarotonga,Southern Cook/Austral Islands,Eastern Indo-Pacific,Cook Islands (southern),PAC10,"Avatiu W, Rarotonga",-21.2,-159.79,8/1/2012,10,RLS,20,15:00:00,,,1,2,Chordata,Actinopterygii,Perciformes,Scaridae,Chlorurus sordidus,Chlorurus sordidus,35,1,848.7292,POINT (-159.7899932861328 -21.200000762939453)
ep_m1_public_data.fid-7cdaa17e_183dabd0b4f_-79c7,912341108,Cook Islands,Rarotonga,Southern Cook/Austral Islands,Eastern Indo-Pacific,Cook Islands (southern),PAC10,"Avatiu W, Rarotonga",-21.2,-159.79,8/1/2012,10,RLS,20,15:00:00,,,1,2,Chordata,Actinopterygii,Perciformes,Scaridae,Scarus forsteni,Scarus forsteni,35,1,730.7797,POINT (-159.7899932861328 -21.200000762939453)
ep_m1_public_data.fid-7cdaa17e_183dabd0b4f_-79c6,912341108,Cook Islands,Rarotonga,Southern Cook/Austral Islands,Eastern Indo-Pacific,Cook Islands (southern),PAC10,"Avatiu W, Rarotonga",-21.2,-159.79,8/1/2012,10,RLS,20,15:00:00,,,1,2,Chordata,Actinopterygii,Perciformes,Scaridae,Scarus schlegeli,Scarus schlegeli,35,1,761.4329,POINT (-159.7899932861328 -21.200000762939453)
ep_m1_public_data.fid-7cdaa17e_183dabd0b4f_-79c5,912341108,Cook Islands,Rarotonga,Southern Cook/Austral Islands,Eastern Indo-Pacific,Cook Islands (southern),PAC10,"Avatiu W, Rarotonga",-21.2,-159.79,8/1/2012,10,RLS,20,15:00:00,,,1,2,Chordata,Actinopterygii,Perciformes,Serranidae,Cephalopholis urodeta,Cephalopholis urodeta,20,1,201.1213,POINT (-159.7899932861328 -21.200000762939453)
ep_m1_public_data.fid-7cdaa17e_183dabd0b4f_-79c4,912341108,Cook Islands,Rarotonga,Southern Cook/Austral Islands,Eastern Indo-Pacific,Cook Islands (southern),PAC10,"Avatiu W, Rarotonga",-21.2,-159.79,8/1/2012,10,RLS,20,15:00:00,,,1,2,Chordata,Actinopterygii,Scorpaeniformes,Scorpaenidae,Pterois radiata,Pterois radiata,20,1,270.4168,POINT (-159.7899932861328 -21.200000762939453)
ep_m1_public_data.fid-7cdaa17e_183dabd0b4f_-7993,912341108,Cook Islands,Rarotonga,Southern Cook/Austral Islands,Eastern Indo-Pacific,Cook Islands (southern),PAC10,"Avatiu W, Rarotonga",-21.2,-159.79,8/1/2012,10,RLS,20,15:00:00,,,1,1,Chordata,Actinopterygii,Perciformes,Acanthuridae,Ctenochaetus striatus,Ctenochaetus striatus,12.5,18,1117.1714,POINT (-159.7899932861328 -21.200000762939453)
ep_m1_public_data.fid-7cdaa17e_183dabd0b4f_-7992,912341108,Cook Islands,Rarotonga,Southern Cook/Austral Islands,Eastern Indo-Pacific,Cook Islands (southern),PAC10,"Avatiu W, Rarotonga",-21.2,-159.79,8/1/2012,10,RLS,20,15:00:00,,,1,1,Chordata,Actinopterygii,Perciformes,Chaetodontidae,Chaetodon quadrimaculatus,Chaetodon quadrimaculatus,10,2,105.617,POINT (-159.7899932861328 -21.200000762939453)
ep_m1_public_data.fid-7cdaa17e_183dabd0b4f_-7991,912341108,Cook Islands,Rarotonga,Southern Cook/Austral Islands,Eastern Indo-Pacific,Cook Islands (southern),PAC10,"Avatiu W, Rarotonga",-21.2,-159.79,8/1/2012,10,RLS,20,15:00:00,,,1,1,Chordata,Actinopterygii,Perciformes,Chaetodontidae,Chaetodon unimaculatus,Chaetodon unimaculatus,12.5,2,228.8884,POINT (-159.7899932861328 -21.200000762939453)
ep_m1_public_data.fid-7cdaa17e_183dabd0b4f_-7990,912341108,Cook Islands,Rarotonga,Southern Cook/Austral Islands,Eastern Indo-Pacific,Cook Islands (southern),PAC10,"Avatiu W, Rarotonga",-21.2,-159.79,8/1/2012,10,RLS,20,15:00:00,,,1,1,Chordata,Actinopterygii,Perciformes,Microdesmidae,Nemateleotris magnifica,Nemateleotris magnifica,5,8,22.5763,POINT (-159.7899932861328 -21.200000762939453)
ep_m1_public_data.fid-7cdaa17e_183dabd0b4f_-798f,912341108,Cook Islands,Rarotonga,Southern Cook/Austral Islands,Eastern Indo-Pacific,Cook Islands (southern),PAC10,"Avatiu W, Rarotonga",-21.2,-159.79,8/1/2012,10,RLS,20,15:00:00,,,1,1,Chordata,Actinopterygii,Perciformes,Pomacentridae,Chromis agilis,Chromis agilis,5,4,15.0201,POINT (-159.7899932861328 -21.200000762939453)
ep_m1_public_data.fid-7cdaa17e_183dabd0b4f_-798e,912341108,Cook Islands,Rarotonga,Southern Cook/Austral Islands,Eastern Indo-Pacific,Cook Islands (southern),PAC10,"Avatiu W, Rarotonga",-21.2,-159.79,8/1/2012,10,RLS,20,15:00:00,,,1,1,Chordata,Actinopterygii,Tetraodontiformes,Tetraodontidae,Canthigaster amboinensis,Canthigaster amboinensis,7.5,1,21.2364,POINT (-159.7899932861328 -21.200000762939453)
ep_m1_public_data.fid-7cdaa17e_183dabd0b4f_-798d,912341108,Cook Islands,Rarotonga,Southern Cook/Austral Islands,Eastern Indo-Pacific,Cook Islands (southern),PAC10,"Avatiu W, Rarotonga",-21.2,-159.79,8/1/2012,10,RLS,20,15:00:00,,,1,2,Chordata,Actinopterygii,Perciformes,Acanthuridae,Ctenochaetus striatus,Ctenochaetus striatus,15,22,2386.7236,POINT (-159.7899932861328 -21.200000762939453)
ep_m1_public_data.fid-7cdaa17e_183dabd0b4f_-798c,912341108,Cook Islands,Rarotonga,Southern Cook/Austral Islands,Eastern Indo-Pacific,Cook Islands (southern),PAC10,"Avatiu W, Rarotonga",-21.2,-159.79,8/1/2012,10,RLS,20,15:00:00,,,1,2,Chordata,Actinopterygii,Perciformes,Acanthuridae,Ctenochaetus striatus,Ctenochaetus striatus,25,12,4405.933,POINT (-159.7899932861328 -21.200000762939453)
ep_m1_public_data.fid-7cdaa17e_183dabd0b4f_-798b,912341108,Cook Islands,Rarotonga,Southern Cook/Austral Islands,Eastern Indo-Pacific,Cook Islands (southern),PAC10,"Avatiu W, Rarotonga",-21.2,-159.79,8/1/2012,10,RLS,20,15:00:00,,,1,2,Chordata,Actinopterygii,Perciformes,Chaetodontidae,Chaetodon reticulatus,Chaetodon reticulatus,15,2,354.1525,POINT (-159.7899932861328 -21.200000762939453)
ep_m1_public_data.fid-7cdaa17e_183dabd0b4f_-798a,912341108,Cook Islands,Rarotonga,Southern Cook/Austral Islands,Eastern Indo-Pacific,Cook Islands (southern),PAC10,"Avatiu W, Rarotonga",-21.2,-159.79,8/1/2012,10,RLS,20,15:00:00,,,1,2,Chordata,Actinopterygii,Perciformes,Labridae,Halichoeres marginatus,Halichoeres marginatus,5,1,2.4037,POINT (-159.7899932861328 -21.200000762939453)
ep_m1_public_data.fid-7cdaa17e_183dabd0b4f_-7989,912341108,Cook Islands,Rarotonga,Southern Cook/Austral Islands,Eastern Indo-Pacific,Cook Islands (southern),PAC10,"Avatiu W, Rarotonga",-21.2,-159.79,8/1/2012,10,RLS,20,15:00:00,,,1,2,Chordata,Actinopterygii,Perciformes,Pomacentridae,Chromis vanderbilti,Chromis vanderbilti,2.5,16,6.4613,POINT (-159.7899932861328 -21.200000762939453)
ep_m1_public_data.fid-7cdaa17e_183dabd0b4f_-7988,912341108,Cook Islands,Rarotonga,Southern Cook/Austral Islands,Eastern Indo-Pacific,Cook Islands (southern),PAC10,"Avatiu W, Rarotonga",-21.2,-159.79,8/1/2012,10,RLS,20,15:00:00,,,1,2,Chordata,Actinopterygii,Perciformes,Scaridae,Chlorurus sordidus,Chlorurus sordidus,30,1,614.1267,POINT (-159.7899932861328 -21.200000762939453)
ep_m1_public_data.fid-7cdaa17e_183dabd0b4f_-7987,912341108,Cook Islands,Rarotonga,Southern Cook/Austral Islands,Eastern Indo-Pacific,Cook Islands (southern),PAC10,"Avatiu W, Rarotonga",-21.2,-159.79,8/1/2012,10,RLS,20,15:00:00,,,1,2,Chordata,Actinopterygii,Perciformes,Serranidae,Cephalopholis argus,Cephalopholis argus,25,1,324.6233,POINT (-159.7899932861328 -21.200000762939453)
ep_m1_public_data.fid-7cdaa17e_183dabd0b4f_-7986,912341108,Cook Islands,Rarotonga,Southern Cook/Austral Islands,Eastern Indo-Pacific,Cook Islands (southern),PAC10,"Avatiu W, Rarotonga",-21.2,-159.79,8/1/2012,10,RLS,20,15:00:00,,,1,2,Chordata,Actinopterygii,Perciformes,Serranidae,Pseudanthias olivaceus,Pseudanthias olivaceus,2.5,1,0.4095,POINT (-159.7899932861328 -21.200000762939453)
ep_m1_public_data.fid-7cdaa17e_183dabd0b4f_-7962,912341108,Cook Islands,Rarotonga,Southern Cook/Austral Islands,Eastern Indo-Pacific,Cook Islands (southern),PAC10,"Avatiu W, Rarotonga",-21.2,-159.79,8/1/2012,10,RLS,20,15:00:00,,,1,1,Chordata,Actinopterygii,Perciformes,Acanthuridae,Acanthurus nigrofuscus,Acanthurus nigrofuscus,5,25,79.0879,POINT (-159.7899932861328 -21.200000762939453)
ep_m1_public_data.fid-7cdaa17e_183dabd0b4f_-7961,912341108,Cook Islands,Rarotonga,Southern Cook/Austral Islands,Eastern Indo-Pacific,Cook Islands (southern),PAC10,"Avatiu W, Rarotonga",-21.2,-159.79,8/1/2012,10,RLS,20,15:00:00,,,1,1,Chordata,Actinopterygii,Perciformes,Acanthuridae,Acanthurus nigrofuscus,Acanthurus nigrofuscus,7.5,45,537.7859,POINT (-159.7899932861328 -21.200000762939453)
ep_m1_public_data.fid-7cdaa17e_183dabd0b4f_-7960,912341108,Cook Islands,Rarotonga,Southern Cook/Austral Islands,Eastern Indo-Pacific,Cook Islands (southern),PAC10,"Avatiu W, Rarotonga",-21.2,-159.79,8/1/2012,10,RLS,20,15:00:00,,,1,1,Chordata,Actinopterygii,Perciformes,Chaetodontidae,Heniochus chrysostomus,Heniochus chrysostomus,20,1,464.666,POINT (-159.7899932861328 -21.200000762939453)
ep_m1_public_data.fid-7cdaa17e_183dabd0b4f_-795f,912341108,Cook Islands,Rarotonga,Southern Cook/Austral Islands,Eastern Indo-Pacific,Cook Islands (southern),PAC10,"Avatiu W, Rarotonga",-21.2,-159.79,8/1/2012,10,RLS,20,15:00:00,,,1,1,Chordata,Actinopterygii,Perciformes,Cirrhitidae,Paracirrhites arcatus,Paracirrhites arcatus,10,2,63.7848,POINT (-159.7899932861328 -21.200000762939453)
ep_m1_public_data.fid-7cdaa17e_183dabd0b4f_-795e,912341108,Cook Islands,Rarotonga,Southern Cook/Austral Islands,Eastern Indo-Pacific,Cook Islands (southern),PAC10,"Avatiu W, Rarotonga",-21.2,-159.79,8/1/2012,10,RLS,20,15:00:00,,,1,1,Chordata,Actinopterygii,Perciformes,Labridae,Halichoeres ornatissimus,Halichoeres ornatissimus,5,2,5.1897,POINT (-159.7899932861328 -21.200000762939453)
ep_m1_public_data.fid-7cdaa17e_183dabd0b4f_-795d,912341108,Cook Islands,Rarotonga,Southern Cook/Austral Islands,Eastern Indo-Pacific,Cook Islands (southern),PAC10,"Avatiu W, Rarotonga",-21.2,-159.79,8/1/2012,10,RLS,20,15:00:00,,,1,1,Chordata,Actinopterygii,Perciformes,Labridae,Labroides dimidiatus,Labroides dimidiatus,7.5,1,7.1451,POINT (-159.7899932861328 -21.200000762939453)
ep_m1_public_data.fid-7cdaa17e_183dabd0b4f_-795c,912341108,Cook Islands,Rarotonga,Southern Cook/Austral Islands,Eastern Indo-Pacific,Cook Islands (southern),PAC10,"Avatiu W, Rarotonga",-21.2,-159.79,8/1/2012,10,RLS,20,15:00:00,,,1,1,Chordata,Actinopterygii,Perciformes,Labridae,Thalassoma lutescens,Thalassoma lutescens,20,3,349.2528,POINT (-159.7899932861328 -21.200000762939453)
ep_m1_public_data.fid-7cdaa17e_183dabd0b4f_-795b,912341108,Cook Islands,Rarotonga,Southern Cook/Austral Islands,Eastern Indo-Pacific,Cook Islands (southern),PAC10,"Avatiu W, Rarotonga",-21.2,-159.79,8/1/2012,10,RLS,20,15:00:00,,,1,1,Chordata,Actinopterygii,Perciformes,Mullidae,Parupeneus multifasciatus,Parupeneus multifasciatus,20,1,122.1762,POINT (-159.7899932861328 -21.200000762939453)
ep_m1_public_data.fid-7cdaa17e_183dabd0b4f_-795a,912341108,Cook Islands,Rarotonga,Southern Cook/Austral Islands,Eastern Indo-Pacific,Cook Islands (southern),PAC10,"Avatiu W, Rarotonga",-21.2,-159.79,8/1/2012,10,RLS,20,15:00:00,,,1,1,Chordata,Actinopterygii,Perciformes,Pomacentridae,Chromis vanderbilti,Chromis vanderbilti,2.5,28,11.3072,POINT (-159.7899932861328 -21.200000762939453)
ep_m1_public_data.fid-7cdaa17e_183dabd0b4f_-7959,912341108,Cook Islands,Rarotonga,Southern Cook/Austral Islands,Eastern Indo-Pacific,Cook Islands (southern),PAC10,"Avatiu W, Rarotonga",-21.2,-159.79,8/1/2012,10,RLS,20,15:00:00,,,1,1,Chordata,Actinopterygii,Perciformes,Pomacentridae,Plectroglyphidodon johnstonianus,Plectroglyphidodon johnstonianus,5,3,20.6206,POINT (-159.7899932861328 -21.200000762939453)
ep_m1_public_data.fid-7cdaa17e_183dabd0b4f_-7958,912341108,Cook Islands,Rarotonga,Southern Cook/Austral Islands,Eastern Indo-Pacific,Cook Islands (southern),PAC10,"Avatiu W, Rarotonga",-21.2,-159.79,8/1/2012,10,RLS,20,15:00:00,,,1,1,Chordata,Actinopterygii,Perciformes,Pomacentridae,Pomacentrus vaiuli,Pomacentrus vaiuli,5,2,7.0534,POINT (-159.7899932861328 -21.200000762939453)
ep_m1_public_data.fid-7cdaa17e_183dabd0b4f_-7957,912341108,Cook Islands,Rarotonga,Southern Cook/Austral Islands,Eastern Indo-Pacific,Cook Islands (southern),PAC10,"Avatiu W, Rarotonga",-21.2,-159.79,8/1/2012,10,RLS,20,15:00:00,,,1,1,Chordata,Actinopterygii,Perciformes,Pomacentridae,Pomacentrus vaiuli,Pomacentrus vaiuli,7.5,2,20.4724,POINT (-159.7899932861328 -21.200000762939453)
ep_m1_public_data.fid-7cdaa17e_183dabd0b4f_-7956,912341108,Cook Islands,Rarotonga,Southern Cook/Austral Islands,Eastern Indo-Pacific,Cook Islands (southern),PAC10,"Avatiu W, Rarotonga",-21.2,-159.79,8/1/2012,10,RLS,20,15:00:00,,,1,1,Chordata,Actinopterygii,Perciformes,Pomacentridae,Stegastes fasciolatus,Stegastes fasciolatus,7.5,12,226.7133,POINT (-159.7899932861328 -21.200000762939453)
ep_m1_public_data.fid-7cdaa17e_183dabd0b4f_-7955,912341108,Cook Islands,Rarotonga,Southern Cook/Austral Islands,Eastern Indo-Pacific,Cook Islands (southern),PAC10,"Avatiu W, Rarotonga",-21.2,-159.79,8/1/2012,10,RLS,20,15:00:00,,,1,2,Chordata,Actinopterygii,Perciformes,Acanthuridae,Acanthurus nigrofuscus,Acanthurus nigrofuscus,7.5,95,1135.3259,POINT (-159.7899932861328 -21.200000762939453)
ep_m1_public_data.fid-7cdaa17e_183dabd0b4f_-7954,912341108,Cook Islands,Rarotonga,Southern Cook/Austral Islands,Eastern Indo-Pacific,Cook Islands (southern),PAC10,"Avatiu W, Rarotonga",-21.2,-159.79,8/1/2012,10,RLS,20,15:00:00,,,1,2,Chordata,Actinopterygii,Perciformes,Acanthuridae,Acanthurus nigrofuscus,Acanthurus nigrofuscus,10,25,767.1603,POINT (-159.7899932861328 -21.200000762939453)
ep_m1_public_data.fid-7cdaa17e_183dabd0b4f_-7953,912341108,Cook Islands,Rarotonga,Southern Cook/Austral Islands,Eastern Indo-Pacific,Cook Islands (southern),PAC10,"Avatiu W, Rarotonga",-21.2,-159.79,8/1/2012,10,RLS,20,15:00:00,,,1,2,Chordata,Actinopterygii,Perciformes,Acanthuridae,Ctenochaetus striatus,Ctenochaetus striatus,20,18,4304.904,POINT (-159.7899932861328 -21.200000762939453)
ep_m1_public_data.fid-7cdaa17e_183dabd0b4f_-7952,912341108,Cook Islands,Rarotonga,Southern Cook/Austral Islands,Eastern Indo-Pacific,Cook Islands (southern),PAC10,"Avatiu W, Rarotonga",-21.2,-159.79,8/1/2012,10,RLS,20,15:00:00,,,1,2,Chordata,Actinopterygii,Perciformes,Chaetodontidae,Chaetodon quadrimaculatus,Chaetodon quadrimaculatus,10,2,105.617,POINT (-159.7899932861328 -21.200000762939453)
ep_m1_public_data.fid-7cdaa17e_183dabd0b4f_-7951,912341108,Cook Islands,Rarotonga,Southern Cook/Austral Islands,Eastern Indo-Pacific,Cook Islands (southern),PAC10,"Avatiu W, Rarotonga",-21.2,-159.79,8/1/2012,10,RLS,20,15:00:00,,,1,2,Chordata,Actinopterygii,Perciformes,Chaetodontidae,Chaetodon quadrimaculatus,Chaetodon quadrimaculatus,12.5,2,205.5481,POINT (-159.7899932861328 -21.200000762939453)
ep_m1_public_data.fid-7cdaa17e_183dabd0b4f_-7950,912341108,Cook Islands,Rarotonga,Southern Cook/Austral Islands,Eastern Indo-Pacific,Cook Islands (southern),PAC10,"Avatiu W, Rarotonga",-21.2,-159.79,8/1/2012,10,RLS,20,15:00:00,,,1,2,Chordata,Actinopterygii,Perciformes,Labridae,Labroides dimidiatus,Labroides dimidiatus,5,1,1.9278,POINT (-159.7899932861328 -21.200000762939453)
ep_m1_public_data.fid-7cdaa17e_183dabd0b4f_-794f,912341108,Cook Islands,Rarotonga,Southern Cook/Austral Islands,Eastern Indo-Pacific,Cook Islands (southern),PAC10,"Avatiu W, Rarotonga",-21.2,-159.79,8/1/2012,10,RLS,20,15:00:00,,,1,2,Chordata,Actinopterygii,Perciformes,Labridae,Macropharyngodon meleagris,Macropharyngodon meleagris,7.5,1,8.5433,POINT (-159.7899932861328 -21.200000762939453)
ep_m1_public_data.fid-7cdaa17e_183dabd0b4f_-794e,912341108,Cook Islands,Rarotonga,Southern Cook/Austral Islands,Eastern Indo-Pacific,Cook Islands (southern),PAC10,"Avatiu W, Rarotonga",-21.2,-159.79,8/1/2012,10,RLS,20,15:00:00,,,1,2,Chordata,Actinopterygii,Perciformes,Labridae,Thalassoma lutescens,Thalassoma lutescens,12.5,2,60.9848,POINT (-159.7899932861328 -21.200000762939453)
ep_m1_public_data.fid-7cdaa17e_183dabd0b4f_-794d,912341108,Cook Islands,Rarotonga,Southern Cook/Austral Islands,Eastern Indo-Pacific,Cook Islands (southern),PAC10,"Avatiu W, Rarotonga",-21.2,-159.79,8/1/2012,10,RLS,20,15:00:00,,,1,2,Chordata,Actinopterygii,Perciformes,Labridae,Thalassoma lutescens,Thalassoma lutescens,20,3,349.2528,POINT (-159.7899932861328 -21.200000762939453)
ep_m1_public_data.fid-7cdaa17e_183dabd0b4f_-794c,912341108,Cook Islands,Rarotonga,Southern Cook/Austral Islands,Eastern Indo-Pacific,Cook Islands (southern),PAC10,"Avatiu W, Rarotonga",-21.2,-159.79,8/1/2012,10,RLS,20,15:00:00,,,1,2,Chordata,Actinopterygii,Perciformes,Microdesmidae,Nemateleotris magnifica,Nemateleotris magnifica,5,4,11.2882,POINT (-159.7899932861328 -21.200000762939453)
ep_m1_public_data.fid-7cdaa17e_183dabd0b4f_-794b,912341108,Cook Islands,Rarotonga,Southern Cook/Austral Islands,Eastern Indo-Pacific,Cook Islands (southern),PAC10,"Avatiu W, Rarotonga",-21.2,-159.79,8/1/2012,10,RLS,20,15:00:00,,,1,2,Chordata,Actinopterygii,Perciformes,Pomacentridae,Pomacentrus fuscidorsalis,Pomacentrus fuscidorsalis,2.5,15,5.7136,POINT (-159.7899932861328 -21.200000762939453)
ep_m1_public_data.fid-7cdaa17e_183dabd0b4f_-7936,912341108,Cook Islands,Rarotonga,Southern Cook/Austral Islands,Eastern Indo-Pacific,Cook Islands (southern),PAC10,"Avatiu W, Rarotonga",-21.2,-159.79,8/1/2012,10,RLS,20,15:00:00,,,1,1,Chordata,Actinopterygii,Tetraodontiformes,Tetraodontidae,Canthigaster papua,Canthigaster papua,5,2,12.8266,POINT (-159.7899932861328 -21.200000762939453)
ep_m1_public_data.fid-7cdaa17e_183dabd0b4f_-7935,912341108,Cook Islands,Rarotonga,Southern Cook/Austral Islands,Eastern Indo-Pacific,Cook Islands (southern),PAC10,"Avatiu W, Rarotonga",-21.2,-159.79,8/1/2012,10,RLS,20,15:00:00,,,1,2,Chordata,Actinopterygii,Perciformes,Acanthuridae,Acanthurus nigrofuscus,Acanthurus nigrofuscus,5,25,79.0879,POINT (-159.7899932861328 -21.200000762939453)
ep_m1_public_data.fid-7cdaa17e_183dabd0b4f_-792e,912341108,Cook Islands,Rarotonga,Southern Cook/Austral Islands,Eastern Indo-Pacific,Cook Islands (southern),PAC10,"Avatiu W, Rarotonga",-21.2,-159.79,8/1/2012,10,RLS,20,15:00:00,,,1,2,Chordata,Actinopterygii,Perciformes,Pomacentridae,Stegastes fasciolatus,Stegastes fasciolatus,7.5,8,151.1422,POINT (-159.7899932861328 -21.200000762939453)
ep_m1_public_data.fid-7cdaa17e_183dabd0b4f_-7928,912341108,Cook Islands,Rarotonga,Southern Cook/Austral Islands,Eastern Indo-Pacific,Cook Islands (southern),PAC10,"Avatiu W, Rarotonga",-21.2,-159.79,8/1/2012,10,RLS,20,15:00:00,,,1,1,Chordata,Actinopterygii,Perciformes,Labridae,Halichoeres ornatissimus,Halichoeres ornatissimus,10,8,181.857,POINT (-159.7899932861328 -21.200000762939453)
ep_m1_public_data.fid-7cdaa17e_183dabd0b4f_-7927,912341108,Cook Islands,Rarotonga,Southern Cook/Austral Islands,Eastern Indo-Pacific,Cook Islands (southern),PAC10,"Avatiu W, Rarotonga",-21.2,-159.79,8/1/2012,10,RLS,20,15:00:00,,,1,2,Chordata,Actinopterygii,Perciformes,Labridae,Halichoeres ornatissimus,Halichoeres ornatissimus,10,4,90.9285,POINT (-159.7899932861328 -21.200000762939453)
ep_m1_public_data.fid-7cdaa17e_183dabd0b4f_-7926,912341108,Cook Islands,Rarotonga,Southern Cook/Austral Islands,Eastern Indo-Pacific,Cook Islands (southern),PAC10,"Avatiu W, Rarotonga",-21.2,-159.79,8/1/2012,10,RLS,20,15:00:00,,,1,2,Chordata,Actinopterygii,Perciformes,Pomacentridae,Chromis agilis,Chromis agilis,2.5,4,1.6153,POINT (-159.7899932861328 -21.200000762939453)
ep_m1_public_data.fid-7cdaa17e_183dabd0b4f_-791f,912341108,Cook Islands,Rarotonga,Southern Cook/Austral Islands,Eastern Indo-Pacific,Cook Islands (southern),PAC10,"Avatiu W, Rarotonga",-21.2,-159.79,8/1/2012,10,RLS,20,15:00:00,,,1,1,Chordata,Actinopterygii,Perciformes,Labridae,Thalassoma lutescens,Thalassoma lutescens,15,5,265.4795,POINT (-159.7899932861328 -21.200000762939453)
ep_m1_public_data.fid-7cdaa17e_183dabd0b4f_-791e,912341108,Cook Islands,Rarotonga,Southern Cook/Austral Islands,Eastern Indo-Pacific,Cook Islands (southern),PAC10,"Avatiu W, Rarotonga",-21.2,-159.79,8/1/2012,10,RLS,20,15:00:00,,,1,1,Chordata,Actinopterygii,Perciformes,Pinguipedidae,Parapercis millepunctata,Parapercis millepunctata,15,1,62.4316,POINT (-159.7899932861328 -21.200000762939453)
ep_m1_public_data.fid-7cdaa17e_183dabd0b4f_-791d,912341108,Cook Islands,Rarotonga,Southern Cook/Austral Islands,Eastern Indo-Pacific,Cook Islands (southern),PAC10,"Avatiu W, Rarotonga",-21.2,-159.79,8/1/2012,10,RLS,20,15:00:00,,,1,2,Chordata,Actinopterygii,Perciformes,Pomacentridae,Stegastes fasciolatus,Stegastes fasciolatus,10,8,355.4909,POINT (-159.7899932861328 -21.200000762939453)
,,,,,,,,,,,,,,,,,,,,,,,,,,11.44230769,731,40080.3442,
