ep_m1_public_data.fid--6d42ff34_183dac69041_17e4,689003044,French Polynesia,Society Islands,Tuamotus,Eastern Indo-Pacific,Society Islands,FP20,Fakarava Bommie,-16.08,-145.69,6/20/2009,6.5,RLS,,,,,1,2,Chordata,Actinopterygii,Tetraodontiformes,Tetraodontidae,Canthigaster valentini,Canthigaster valentini,5,2,14.3151,POINT (-145.69000244140625 -16.079999923706055)
ep_m1_public_data.fid--6d42ff34_183dac69041_17e5,689003044,French Polynesia,Society Islands,Tuamotus,Eastern Indo-Pacific,Society Islands,FP20,Fakarava Bommie,-16.08,-145.69,6/20/2009,6.5,RLS,,,,,1,2,Chordata,Actinopterygii,Perciformes,Acanthuridae,Acanthurus thompsoni,Acanthurus thompsoni,15,1,124.4528,POINT (-145.69000244140625 -16.079999923706055)
ep_m1_public_data.fid--6d42ff34_183dac69041_17e6,689003044,French Polynesia,Society Islands,Tuamotus,Eastern Indo-Pacific,Society Islands,FP20,Fakarava Bommie,-16.08,-145.69,6/20/2009,6.5,RLS,,,,,1,2,Chordata,Actinopterygii,Perciformes,Acanthuridae,Naso lituratus,Naso lituratus,30,1,373.6932,POINT (-145.69000244140625 -16.079999923706055)
ep_m1_public_data.fid--6d42ff34_183dac69041_17e7,689003044,French Polynesia,Society Islands,Tuamotus,Eastern Indo-Pacific,Society Islands,FP20,Fakarava Bommie,-16.08,-145.69,6/20/2009,6.5,RLS,,,,,1,2,Chordata,Actinopterygii,Perciformes,Chaetodontidae,Chaetodon citrinellus,Chaetodon citrinellus,7.5,4,71.4756,POINT (-145.69000244140625 -16.079999923706055)
ep_m1_public_data.fid--6d42ff34_183dac69041_17e8,689003044,French Polynesia,Society Islands,Tuamotus,Eastern Indo-Pacific,Society Islands,FP20,Fakarava Bommie,-16.08,-145.69,6/20/2009,6.5,RLS,,,,,1,2,Chordata,Actinopterygii,Perciformes,Pomacentridae,Chromis viridis,Chromis viridis,2.5,200,104.0564,POINT (-145.69000244140625 -16.079999923706055)
ep_m1_public_data.fid--6d42ff34_183dac69041_17fb,689003044,French Polynesia,Society Islands,Tuamotus,Eastern Indo-Pacific,Society Islands,FP20,Fakarava Bommie,-16.08,-145.69,6/20/2009,6.5,RLS,,,,,1,1,Chordata,Actinopterygii,Beryciformes,Holocentridae,Sargocentron caudimaculatum,Sargocentron caudimaculatum,12.5,1,64.4948,POINT (-145.69000244140625 -16.079999923706055)
ep_m1_public_data.fid--6d42ff34_183dac69041_17fc,689003044,French Polynesia,Society Islands,Tuamotus,Eastern Indo-Pacific,Society Islands,FP20,Fakarava Bommie,-16.08,-145.69,6/20/2009,6.5,RLS,,,,,1,1,Chordata,Actinopterygii,Perciformes,Acanthuridae,Acanthurus xanthopterus,Acanthurus xanthopterus,35,2,1294.3855,POINT (-145.69000244140625 -16.079999923706055)
ep_m1_public_data.fid--6d42ff34_183dac69041_17fd,689003044,French Polynesia,Society Islands,Tuamotus,Eastern Indo-Pacific,Society Islands,FP20,Fakarava Bommie,-16.08,-145.69,6/20/2009,6.5,RLS,,,,,1,1,Chordata,Actinopterygii,Perciformes,Acanthuridae,Ctenochaetus striatus,Ctenochaetus striatus,10,10,313.3372,POINT (-145.69000244140625 -16.079999923706055)
ep_m1_public_data.fid--6d42ff34_183dac69041_17fe,689003044,French Polynesia,Society Islands,Tuamotus,Eastern Indo-Pacific,Society Islands,FP20,Fakarava Bommie,-16.08,-145.69,6/20/2009,6.5,RLS,,,,,1,1,Chordata,Actinopterygii,Perciformes,Acanthuridae,Ctenochaetus striatus,Ctenochaetus striatus,15,5,542.4372,POINT (-145.69000244140625 -16.079999923706055)
ep_m1_public_data.fid--6d42ff34_183dac69041_17ff,689003044,French Polynesia,Society Islands,Tuamotus,Eastern Indo-Pacific,Society Islands,FP20,Fakarava Bommie,-16.08,-145.69,6/20/2009,6.5,RLS,,,,,1,1,Chordata,Actinopterygii,Perciformes,Chaetodontidae,Chaetodon auriga,Chaetodon auriga,12.5,2,171.6222,POINT (-145.69000244140625 -16.079999923706055)
ep_m1_public_data.fid--6d42ff34_183dac69041_1800,689003044,French Polynesia,Society Islands,Tuamotus,Eastern Indo-Pacific,Society Islands,FP20,Fakarava Bommie,-16.08,-145.69,6/20/2009,6.5,RLS,,,,,1,1,Chordata,Actinopterygii,Perciformes,Labridae,Labroides dimidiatus,Labroides dimidiatus,2.5,5,1.0266,POINT (-145.69000244140625 -16.079999923706055)
ep_m1_public_data.fid--6d42ff34_183dac69041_1801,689003044,French Polynesia,Society Islands,Tuamotus,Eastern Indo-Pacific,Society Islands,FP20,Fakarava Bommie,-16.08,-145.69,6/20/2009,6.5,RLS,,,,,1,1,Chordata,Actinopterygii,Perciformes,Labridae,Labroides dimidiatus,Labroides dimidiatus,5,1,1.9278,POINT (-145.69000244140625 -16.079999923706055)
ep_m1_public_data.fid--6d42ff34_183dac69041_1802,689003044,French Polynesia,Society Islands,Tuamotus,Eastern Indo-Pacific,Society Islands,FP20,Fakarava Bommie,-16.08,-145.69,6/20/2009,6.5,RLS,,,,,1,1,Chordata,Actinopterygii,Perciformes,Labridae,Thalassoma hardwicke,Thalassoma hardwicke,7.5,4,30.9854,POINT (-145.69000244140625 -16.079999923706055)
ep_m1_public_data.fid--6d42ff34_183dac69041_1803,689003044,French Polynesia,Society Islands,Tuamotus,Eastern Indo-Pacific,Society Islands,FP20,Fakarava Bommie,-16.08,-145.69,6/20/2009,6.5,RLS,,,,,1,1,Chordata,Actinopterygii,Perciformes,Lutjanidae,Lutjanus gibbus,Lutjanus gibbus,30,2,934.2556,POINT (-145.69000244140625 -16.079999923706055)
ep_m1_public_data.fid--6d42ff34_183dac69041_1804,689003044,French Polynesia,Society Islands,Tuamotus,Eastern Indo-Pacific,Society Islands,FP20,Fakarava Bommie,-16.08,-145.69,6/20/2009,6.5,RLS,,,,,1,1,Chordata,Actinopterygii,Perciformes,Pomacentridae,Chromis margaritifer,Chromis margaritifer,2.5,30,10.2408,POINT (-145.69000244140625 -16.079999923706055)
ep_m1_public_data.fid--6d42ff34_183dac69041_1805,689003044,French Polynesia,Society Islands,Tuamotus,Eastern Indo-Pacific,Society Islands,FP20,Fakarava Bommie,-16.08,-145.69,6/20/2009,6.5,RLS,,,,,1,1,Chordata,Actinopterygii,Perciformes,Pomacentridae,Dascyllus flavicaudus,Dascyllus flavicaudus,2.5,200,145.8427,POINT (-145.69000244140625 -16.079999923706055)
ep_m1_public_data.fid--6d42ff34_183dac69041_1806,689003044,French Polynesia,Society Islands,Tuamotus,Eastern Indo-Pacific,Society Islands,FP20,Fakarava Bommie,-16.08,-145.69,6/20/2009,6.5,RLS,,,,,1,1,Chordata,Actinopterygii,Perciformes,Scaridae,Scarus niger,Scarus niger,25,1,270.4282,POINT (-145.69000244140625 -16.079999923706055)
ep_m1_public_data.fid--6d42ff34_183dac69041_1807,689003044,French Polynesia,Society Islands,Tuamotus,Eastern Indo-Pacific,Society Islands,FP20,Fakarava Bommie,-16.08,-145.69,6/20/2009,6.5,RLS,,,,,1,1,Chordata,Actinopterygii,Perciformes,Scaridae,Scarus psittacus,Scarus psittacus,25,2,721.9797,POINT (-145.69000244140625 -16.079999923706055)
ep_m1_public_data.fid--6d42ff34_183dac69041_1808,689003044,French Polynesia,Society Islands,Tuamotus,Eastern Indo-Pacific,Society Islands,FP20,Fakarava Bommie,-16.08,-145.69,6/20/2009,6.5,RLS,,,,,1,1,Chordata,Actinopterygii,Syngnathiformes,Aulostomidae,Aulostomus chinensis,Aulostomus chinensis,50,1,139.3032,POINT (-145.69000244140625 -16.079999923706055)
ep_m1_public_data.fid--6d42ff34_183dac69041_1809,689003044,French Polynesia,Society Islands,Tuamotus,Eastern Indo-Pacific,Society Islands,FP20,Fakarava Bommie,-16.08,-145.69,6/20/2009,6.5,RLS,,,,,1,1,Chordata,Actinopterygii,Tetraodontiformes,Tetraodontidae,Canthigaster bennetti,Canthigaster bennetti,5,3,19.24,POINT (-145.69000244140625 -16.079999923706055)
ep_m1_public_data.fid--6d42ff34_183dac69041_180a,689003044,French Polynesia,Society Islands,Tuamotus,Eastern Indo-Pacific,Society Islands,FP20,Fakarava Bommie,-16.08,-145.69,6/20/2009,6.5,RLS,,,,,1,2,Chordata,Actinopterygii,Beryciformes,Holocentridae,Myripristis violacea,Myripristis violacea,12.5,10,844.2456,POINT (-145.69000244140625 -16.079999923706055)
ep_m1_public_data.fid--6d42ff34_183dac69041_180b,689003044,French Polynesia,Society Islands,Tuamotus,Eastern Indo-Pacific,Society Islands,FP20,Fakarava Bommie,-16.08,-145.69,6/20/2009,6.5,RLS,,,,,1,2,Chordata,Actinopterygii,Perciformes,Acanthuridae,Zebrasoma scopas,Zebrasoma scopas,10,20,988.3538,POINT (-145.69000244140625 -16.079999923706055)
ep_m1_public_data.fid--6d42ff34_183dac69041_180c,689003044,French Polynesia,Society Islands,Tuamotus,Eastern Indo-Pacific,Society Islands,FP20,Fakarava Bommie,-16.08,-145.69,6/20/2009,6.5,RLS,,,,,1,2,Chordata,Actinopterygii,Perciformes,Chaetodontidae,Chaetodon pelewensis,Chaetodon pelewensis,7.5,18,381.3447,POINT (-145.69000244140625 -16.079999923706055)
ep_m1_public_data.fid--6d42ff34_183dac69041_180d,689003044,French Polynesia,Society Islands,Tuamotus,Eastern Indo-Pacific,Society Islands,FP20,Fakarava Bommie,-16.08,-145.69,6/20/2009,6.5,RLS,,,,,1,2,Chordata,Actinopterygii,Perciformes,Chaetodontidae,Heniochus chrysostomus,Heniochus chrysostomus,12.5,20,2209.3552,POINT (-145.69000244140625 -16.079999923706055)
ep_m1_public_data.fid--6d42ff34_183dac69041_180e,689003044,French Polynesia,Society Islands,Tuamotus,Eastern Indo-Pacific,Society Islands,FP20,Fakarava Bommie,-16.08,-145.69,6/20/2009,6.5,RLS,,,,,1,2,Chordata,Actinopterygii,Perciformes,Labridae,Halichoeres hortulanus,Halichoeres hortulanus,7.5,1,9.985,POINT (-145.69000244140625 -16.079999923706055)
ep_m1_public_data.fid--6d42ff34_183dac69041_180f,689003044,French Polynesia,Society Islands,Tuamotus,Eastern Indo-Pacific,Society Islands,FP20,Fakarava Bommie,-16.08,-145.69,6/20/2009,6.5,RLS,,,,,1,2,Chordata,Actinopterygii,Perciformes,Labridae,Labroides dimidiatus,Labroides dimidiatus,2.5,3,0.616,POINT (-145.69000244140625 -16.079999923706055)
ep_m1_public_data.fid--6d42ff34_183dac69041_1810,689003044,French Polynesia,Society Islands,Tuamotus,Eastern Indo-Pacific,Society Islands,FP20,Fakarava Bommie,-16.08,-145.69,6/20/2009,6.5,RLS,,,,,1,2,Chordata,Actinopterygii,Perciformes,Labridae,Labroides dimidiatus,Labroides dimidiatus,5,2,3.8556,POINT (-145.69000244140625 -16.079999923706055)
ep_m1_public_data.fid--6d42ff34_183dac69041_1811,689003044,French Polynesia,Society Islands,Tuamotus,Eastern Indo-Pacific,Society Islands,FP20,Fakarava Bommie,-16.08,-145.69,6/20/2009,6.5,RLS,,,,,1,2,Chordata,Actinopterygii,Perciformes,Labridae,Pseudocheilinus hexataenia,Pseudocheilinus hexataenia,2.5,2,0.6767,POINT (-145.69000244140625 -16.079999923706055)
ep_m1_public_data.fid--6d42ff34_183dac69041_1812,689003044,French Polynesia,Society Islands,Tuamotus,Eastern Indo-Pacific,Society Islands,FP20,Fakarava Bommie,-16.08,-145.69,6/20/2009,6.5,RLS,,,,,1,2,Chordata,Actinopterygii,Perciformes,Labridae,Thalassoma hardwicke,Thalassoma hardwicke,5,2,4.6316,POINT (-145.69000244140625 -16.079999923706055)
ep_m1_public_data.fid--6d42ff34_183dac69041_1813,689003044,French Polynesia,Society Islands,Tuamotus,Eastern Indo-Pacific,Society Islands,FP20,Fakarava Bommie,-16.08,-145.69,6/20/2009,6.5,RLS,,,,,1,2,Chordata,Actinopterygii,Perciformes,Mullidae,Parupeneus multifasciatus,Parupeneus multifasciatus,12.5,6,178.2325,POINT (-145.69000244140625 -16.079999923706055)
ep_m1_public_data.fid--6d42ff34_183dac69041_1814,689003044,French Polynesia,Society Islands,Tuamotus,Eastern Indo-Pacific,Society Islands,FP20,Fakarava Bommie,-16.08,-145.69,6/20/2009,6.5,RLS,,,,,1,2,Chordata,Actinopterygii,Perciformes,Scaridae,Scarus schlegeli,Scarus schlegeli,20,1,259.5793,POINT (-145.69000244140625 -16.079999923706055)
ep_m1_public_data.fid--6d42ff34_183dac69041_1834,689003044,French Polynesia,Society Islands,Tuamotus,Eastern Indo-Pacific,Society Islands,FP20,Fakarava Bommie,-16.08,-145.69,6/20/2009,6.5,RLS,,,,,1,1,Chordata,Actinopterygii,Perciformes,Chaetodontidae,Chaetodon citrinellus,Chaetodon citrinellus,7.5,2,35.7378,POINT (-145.69000244140625 -16.079999923706055)
ep_m1_public_data.fid--6d42ff34_183dac69041_1835,689003044,French Polynesia,Society Islands,Tuamotus,Eastern Indo-Pacific,Society Islands,FP20,Fakarava Bommie,-16.08,-145.69,6/20/2009,6.5,RLS,,,,,1,1,Chordata,Actinopterygii,Perciformes,Serranidae,Cephalopholis argus,Cephalopholis argus,20,1,207.9898,POINT (-145.69000244140625 -16.079999923706055)
ep_m1_public_data.fid--6d42ff34_183dac69041_1836,689003044,French Polynesia,Society Islands,Tuamotus,Eastern Indo-Pacific,Society Islands,FP20,Fakarava Bommie,-16.08,-145.69,6/20/2009,6.5,RLS,,,,,1,2,Chordata,Actinopterygii,Perciformes,Labridae,Thalassoma amblycephalum,Thalassoma amblycephalum,2.5,40,15.012,POINT (-145.69000244140625 -16.079999923706055)
ep_m1_public_data.fid--6d42ff34_183dac69041_1837,689003044,French Polynesia,Society Islands,Tuamotus,Eastern Indo-Pacific,Society Islands,FP20,Fakarava Bommie,-16.08,-145.69,6/20/2009,6.5,RLS,,,,,1,2,Chordata,Actinopterygii,Perciformes,Scaridae,Hipposcarus longiceps,Hipposcarus longiceps,30,1,305.6823,POINT (-145.69000244140625 -16.079999923706055)
ep_m1_public_data.fid--6d42ff34_183dac69041_1840,689003044,French Polynesia,Society Islands,Tuamotus,Eastern Indo-Pacific,Society Islands,FP20,Fakarava Bommie,-16.08,-145.69,6/20/2009,6.5,RLS,,,,,1,1,Chordata,Actinopterygii,Tetraodontiformes,Tetraodontidae,Canthigaster janthinoptera,Canthigaster janthinoptera,5,2,12.8266,POINT (-145.69000244140625 -16.079999923706055)
ep_m1_public_data.fid--6d42ff34_183dac69041_1841,689003044,French Polynesia,Society Islands,Tuamotus,Eastern Indo-Pacific,Society Islands,FP20,Fakarava Bommie,-16.08,-145.69,6/20/2009,6.5,RLS,,,,,1,2,Chordata,Actinopterygii,Perciformes,Scaridae,Scarus psittacus,Scarus psittacus,40,1,899.1772,POINT (-145.69000244140625 -16.079999923706055)
ep_m1_public_data.fid--6d42ff34_183dac69041_1849,689003044,French Polynesia,Society Islands,Tuamotus,Eastern Indo-Pacific,Society Islands,FP20,Fakarava Bommie,-16.08,-145.69,6/20/2009,6.5,RLS,,,,,1,1,Chordata,Actinopterygii,Perciformes,Pomacentridae,Dascyllus aruanus,Dascyllus aruanus,5,20,141.6095,POINT (-145.69000244140625 -16.079999923706055)
ep_m1_public_data.fid--6d42ff34_183dac69041_184a,689003044,French Polynesia,Society Islands,Tuamotus,Eastern Indo-Pacific,Society Islands,FP20,Fakarava Bommie,-16.08,-145.69,6/20/2009,6.5,RLS,,,,,1,1,Chordata,Actinopterygii,Perciformes,Pomacentridae,Dascyllus flavicaudus,Dascyllus flavicaudus,5,60,383.8248,POINT (-145.69000244140625 -16.079999923706055)
ep_m1_public_data.fid--6d42ff34_183dac69041_184b,689003044,French Polynesia,Society Islands,Tuamotus,Eastern Indo-Pacific,Society Islands,FP20,Fakarava Bommie,-16.08,-145.69,6/20/2009,6.5,RLS,,,,,1,1,Chordata,Actinopterygii,Perciformes,Serranidae,Cephalopholis argus,Cephalopholis argus,25,1,324.6233,POINT (-145.69000244140625 -16.079999923706055)
ep_m1_public_data.fid--6d42ff34_183dac69041_184c,689003044,French Polynesia,Society Islands,Tuamotus,Eastern Indo-Pacific,Society Islands,FP20,Fakarava Bommie,-16.08,-145.69,6/20/2009,6.5,RLS,,,,,1,2,Chordata,Actinopterygii,Perciformes,Pomacentridae,Dascyllus aruanus,Dascyllus aruanus,5,10,70.8047,POINT (-145.69000244140625 -16.079999923706055)
ep_m1_public_data.fid--6d42ff34_183dac69041_1860,689003044,French Polynesia,Society Islands,Tuamotus,Eastern Indo-Pacific,Society Islands,FP20,Fakarava Bommie,-16.08,-145.69,6/20/2009,6.5,RLS,,,,,1,1,Chordata,Actinopterygii,Aulopiformes,Synodontidae,Synodus variegatus,Synodus variegatus,15,1,52.7003,POINT (-145.69000244140625 -16.079999923706055)
ep_m1_public_data.fid--6d42ff34_183dac69041_1861,689003044,French Polynesia,Society Islands,Tuamotus,Eastern Indo-Pacific,Society Islands,FP20,Fakarava Bommie,-16.08,-145.69,6/20/2009,6.5,RLS,,,,,1,1,Chordata,Actinopterygii,Beryciformes,Holocentridae,Sargocentron spiniferum,Sargocentron spiniferum,15,2,222.1231,POINT (-145.69000244140625 -16.079999923706055)
ep_m1_public_data.fid--6d42ff34_183dac69041_1862,689003044,French Polynesia,Society Islands,Tuamotus,Eastern Indo-Pacific,Society Islands,FP20,Fakarava Bommie,-16.08,-145.69,6/20/2009,6.5,RLS,,,,,1,1,Chordata,Actinopterygii,Perciformes,Acanthuridae,Acanthurus thompsoni,Acanthurus thompsoni,50,1,2140.4255,POINT (-145.69000244140625 -16.079999923706055)
ep_m1_public_data.fid--6d42ff34_183dac69041_1863,689003044,French Polynesia,Society Islands,Tuamotus,Eastern Indo-Pacific,Society Islands,FP20,Fakarava Bommie,-16.08,-145.69,6/20/2009,6.5,RLS,,,,,1,1,Chordata,Actinopterygii,Perciformes,Acanthuridae,Naso lituratus,Naso lituratus,30,2,747.3864,POINT (-145.69000244140625 -16.079999923706055)
ep_m1_public_data.fid--6d42ff34_183dac69041_1864,689003044,French Polynesia,Society Islands,Tuamotus,Eastern Indo-Pacific,Society Islands,FP20,Fakarava Bommie,-16.08,-145.69,6/20/2009,6.5,RLS,,,,,1,1,Chordata,Actinopterygii,Perciformes,Acanthuridae,Zebrasoma scopas,Zebrasoma scopas,10,3,148.2531,POINT (-145.69000244140625 -16.079999923706055)
ep_m1_public_data.fid--6d42ff34_183dac69041_1865,689003044,French Polynesia,Society Islands,Tuamotus,Eastern Indo-Pacific,Society Islands,FP20,Fakarava Bommie,-16.08,-145.69,6/20/2009,6.5,RLS,,,,,1,1,Chordata,Actinopterygii,Perciformes,Chaetodontidae,Chaetodon lunulatus,Chaetodon lunulatus,5,2,13.3494,POINT (-145.69000244140625 -16.079999923706055)
ep_m1_public_data.fid--6d42ff34_183dac69041_1866,689003044,French Polynesia,Society Islands,Tuamotus,Eastern Indo-Pacific,Society Islands,FP20,Fakarava Bommie,-16.08,-145.69,6/20/2009,6.5,RLS,,,,,1,1,Chordata,Actinopterygii,Perciformes,Cirrhitidae,Paracirrhites arcatus,Paracirrhites arcatus,7.5,1,13.0093,POINT (-145.69000244140625 -16.079999923706055)
ep_m1_public_data.fid--6d42ff34_183dac69041_1867,689003044,French Polynesia,Society Islands,Tuamotus,Eastern Indo-Pacific,Society Islands,FP20,Fakarava Bommie,-16.08,-145.69,6/20/2009,6.5,RLS,,,,,1,1,Chordata,Actinopterygii,Perciformes,Labridae,Labroides bicolor,Labroides bicolor,7.5,1,7.1451,POINT (-145.69000244140625 -16.079999923706055)
ep_m1_public_data.fid--6d42ff34_183dac69041_1868,689003044,French Polynesia,Society Islands,Tuamotus,Eastern Indo-Pacific,Society Islands,FP20,Fakarava Bommie,-16.08,-145.69,6/20/2009,6.5,RLS,,,,,1,1,Chordata,Actinopterygii,Perciformes,Mullidae,Parupeneus multifasciatus,Parupeneus multifasciatus,12.5,9,267.3487,POINT (-145.69000244140625 -16.079999923706055)
ep_m1_public_data.fid--6d42ff34_183dac69041_1869,689003044,French Polynesia,Society Islands,Tuamotus,Eastern Indo-Pacific,Society Islands,FP20,Fakarava Bommie,-16.08,-145.69,6/20/2009,6.5,RLS,,,,,1,1,Chordata,Actinopterygii,Perciformes,Pomacanthidae,Centropyge flavissima,Centropyge flavissima,5,40,,POINT (-145.69000244140625 -16.079999923706055)
ep_m1_public_data.fid--6d42ff34_183dac69041_186a,689003044,French Polynesia,Society Islands,Tuamotus,Eastern Indo-Pacific,Society Islands,FP20,Fakarava Bommie,-16.08,-145.69,6/20/2009,6.5,RLS,,,,,1,1,Chordata,Actinopterygii,Perciformes,Pomacentridae,Chromis atripectoralis,Chromis atripectoralis,5,1000,3714.8052,POINT (-145.69000244140625 -16.079999923706055)
ep_m1_public_data.fid--6d42ff34_183dac69041_186b,689003044,French Polynesia,Society Islands,Tuamotus,Eastern Indo-Pacific,Society Islands,FP20,Fakarava Bommie,-16.08,-145.69,6/20/2009,6.5,RLS,,,,,1,1,Chordata,Actinopterygii,Perciformes,Pomacentridae,Chromis atripectoralis,Chromis atripectoralis,7.5,200,2821.5151,POINT (-145.69000244140625 -16.079999923706055)
ep_m1_public_data.fid--6d42ff34_183dac69041_186c,689003044,French Polynesia,Society Islands,Tuamotus,Eastern Indo-Pacific,Society Islands,FP20,Fakarava Bommie,-16.08,-145.69,6/20/2009,6.5,RLS,,,,,1,1,Chordata,Actinopterygii,Perciformes,Pomacentridae,Dascyllus aruanus,Dascyllus aruanus,2.5,200,178.3666,POINT (-145.69000244140625 -16.079999923706055)
ep_m1_public_data.fid--6d42ff34_183dac69041_186d,689003044,French Polynesia,Society Islands,Tuamotus,Eastern Indo-Pacific,Society Islands,FP20,Fakarava Bommie,-16.08,-145.69,6/20/2009,6.5,RLS,,,,,1,1,Chordata,Actinopterygii,Perciformes,Serranidae,Cephalopholis argus,Cephalopholis argus,12.5,1,51.2424,POINT (-145.69000244140625 -16.079999923706055)
ep_m1_public_data.fid--6d42ff34_183dac69041_186e,689003044,French Polynesia,Society Islands,Tuamotus,Eastern Indo-Pacific,Society Islands,FP20,Fakarava Bommie,-16.08,-145.69,6/20/2009,6.5,RLS,,,,,1,1,Chordata,Actinopterygii,Tetraodontiformes,Balistidae,Balistapus undulatus,Balistapus undulatus,20,1,239.803,POINT (-145.69000244140625 -16.079999923706055)
ep_m1_public_data.fid--6d42ff34_183dac69041_186f,689003044,French Polynesia,Society Islands,Tuamotus,Eastern Indo-Pacific,Society Islands,FP20,Fakarava Bommie,-16.08,-145.69,6/20/2009,6.5,RLS,,,,,1,1,Chordata,Actinopterygii,Tetraodontiformes,Tetraodontidae,Canthigaster valentini,Canthigaster valentini,5,1,7.1576,POINT (-145.69000244140625 -16.079999923706055)
ep_m1_public_data.fid--6d42ff34_183dac69041_1870,689003044,French Polynesia,Society Islands,Tuamotus,Eastern Indo-Pacific,Society Islands,FP20,Fakarava Bommie,-16.08,-145.69,6/20/2009,6.5,RLS,,,,,1,2,Chordata,Actinopterygii,Beryciformes,Holocentridae,Myripristis violacea,Myripristis violacea,15,20,2885.969,POINT (-145.69000244140625 -16.079999923706055)
ep_m1_public_data.fid--6d42ff34_183dac69041_1871,689003044,French Polynesia,Society Islands,Tuamotus,Eastern Indo-Pacific,Society Islands,FP20,Fakarava Bommie,-16.08,-145.69,6/20/2009,6.5,RLS,,,,,1,2,Chordata,Actinopterygii,Beryciformes,Holocentridae,Neoniphon sammara,Neoniphon sammara,15,2,170.9196,POINT (-145.69000244140625 -16.079999923706055)
ep_m1_public_data.fid--6d42ff34_183dac69041_1872,689003044,French Polynesia,Society Islands,Tuamotus,Eastern Indo-Pacific,Society Islands,FP20,Fakarava Bommie,-16.08,-145.69,6/20/2009,6.5,RLS,,,,,1,2,Chordata,Actinopterygii,Perciformes,Acanthuridae,Ctenochaetus flavicauda,Ctenochaetus flavicauda,7.5,1,13.268,POINT (-145.69000244140625 -16.079999923706055)
ep_m1_public_data.fid--6d42ff34_183dac69041_1873,689003044,French Polynesia,Society Islands,Tuamotus,Eastern Indo-Pacific,Society Islands,FP20,Fakarava Bommie,-16.08,-145.69,6/20/2009,6.5,RLS,,,,,1,2,Chordata,Actinopterygii,Perciformes,Chaetodontidae,Chaetodon lunulatus,Chaetodon lunulatus,5,2,13.3494,POINT (-145.69000244140625 -16.079999923706055)
ep_m1_public_data.fid--6d42ff34_183dac69041_1874,689003044,French Polynesia,Society Islands,Tuamotus,Eastern Indo-Pacific,Society Islands,FP20,Fakarava Bommie,-16.08,-145.69,6/20/2009,6.5,RLS,,,,,1,2,Chordata,Actinopterygii,Perciformes,Chaetodontidae,Chaetodon ulietensis,Chaetodon ulietensis,10,1,39.2941,POINT (-145.69000244140625 -16.079999923706055)
ep_m1_public_data.fid--6d42ff34_183dac69041_1875,689003044,French Polynesia,Society Islands,Tuamotus,Eastern Indo-Pacific,Society Islands,FP20,Fakarava Bommie,-16.08,-145.69,6/20/2009,6.5,RLS,,,,,1,2,Chordata,Actinopterygii,Perciformes,Chaetodontidae,Chaetodon vagabundus,Chaetodon vagabundus,7.5,1,19.0989,POINT (-145.69000244140625 -16.079999923706055)
ep_m1_public_data.fid--6d42ff34_183dac69041_1876,689003044,French Polynesia,Society Islands,Tuamotus,Eastern Indo-Pacific,Society Islands,FP20,Fakarava Bommie,-16.08,-145.69,6/20/2009,6.5,RLS,,,,,1,2,Chordata,Actinopterygii,Perciformes,Labridae,Halichoeres marginatus,Halichoeres marginatus,7.5,1,9.5953,POINT (-145.69000244140625 -16.079999923706055)
ep_m1_public_data.fid--6d42ff34_183dac69041_1877,689003044,French Polynesia,Society Islands,Tuamotus,Eastern Indo-Pacific,Society Islands,FP20,Fakarava Bommie,-16.08,-145.69,6/20/2009,6.5,RLS,,,,,1,2,Chordata,Actinopterygii,Perciformes,Labridae,Labroides bicolor,Labroides bicolor,5,1,1.9278,POINT (-145.69000244140625 -16.079999923706055)
ep_m1_public_data.fid--6d42ff34_183dac69041_1878,689003044,French Polynesia,Society Islands,Tuamotus,Eastern Indo-Pacific,Society Islands,FP20,Fakarava Bommie,-16.08,-145.69,6/20/2009,6.5,RLS,,,,,1,2,Chordata,Actinopterygii,Perciformes,Labridae,Labroides bicolor,Labroides bicolor,7.5,1,7.1451,POINT (-145.69000244140625 -16.079999923706055)
ep_m1_public_data.fid--6d42ff34_183dac69041_1879,689003044,French Polynesia,Society Islands,Tuamotus,Eastern Indo-Pacific,Society Islands,FP20,Fakarava Bommie,-16.08,-145.69,6/20/2009,6.5,RLS,,,,,1,2,Chordata,Actinopterygii,Perciformes,Labridae,Thalassoma hardwicke,Thalassoma hardwicke,2.5,1,0.2939,POINT (-145.69000244140625 -16.079999923706055)
ep_m1_public_data.fid--6d42ff34_183dac69041_187a,689003044,French Polynesia,Society Islands,Tuamotus,Eastern Indo-Pacific,Society Islands,FP20,Fakarava Bommie,-16.08,-145.69,6/20/2009,6.5,RLS,,,,,1,2,Chordata,Actinopterygii,Perciformes,Labridae,Thalassoma hardwicke,Thalassoma hardwicke,12.5,1,35.4619,POINT (-145.69000244140625 -16.079999923706055)
ep_m1_public_data.fid--6d42ff34_183dac69041_187b,689003044,French Polynesia,Society Islands,Tuamotus,Eastern Indo-Pacific,Society Islands,FP20,Fakarava Bommie,-16.08,-145.69,6/20/2009,6.5,RLS,,,,,1,2,Chordata,Actinopterygii,Perciformes,Lutjanidae,Aphareus furca,Aphareus furca,35,1,323.5683,POINT (-145.69000244140625 -16.079999923706055)
ep_m1_public_data.fid--6d42ff34_183dac69041_187c,689003044,French Polynesia,Society Islands,Tuamotus,Eastern Indo-Pacific,Society Islands,FP20,Fakarava Bommie,-16.08,-145.69,6/20/2009,6.5,RLS,,,,,1,2,Chordata,Actinopterygii,Perciformes,Lutjanidae,Lutjanus fulvus,Lutjanus fulvus,25,1,332.7673,POINT (-145.69000244140625 -16.079999923706055)
ep_m1_public_data.fid--6d42ff34_183dac69041_187d,689003044,French Polynesia,Society Islands,Tuamotus,Eastern Indo-Pacific,Society Islands,FP20,Fakarava Bommie,-16.08,-145.69,6/20/2009,6.5,RLS,,,,,1,2,Chordata,Actinopterygii,Perciformes,Pomacanthidae,Centropyge flavissima,Centropyge flavissima,5,20,,POINT (-145.69000244140625 -16.079999923706055)
ep_m1_public_data.fid--6d42ff34_183dac69041_187e,689003044,French Polynesia,Society Islands,Tuamotus,Eastern Indo-Pacific,Society Islands,FP20,Fakarava Bommie,-16.08,-145.69,6/20/2009,6.5,RLS,,,,,1,2,Chordata,Actinopterygii,Perciformes,Pomacentridae,Chromis margaritifer,Chromis margaritifer,5,50,128.8214,POINT (-145.69000244140625 -16.079999923706055)
ep_m1_public_data.fid--6d42ff34_183dac69041_187f,689003044,French Polynesia,Society Islands,Tuamotus,Eastern Indo-Pacific,Society Islands,FP20,Fakarava Bommie,-16.08,-145.69,6/20/2009,6.5,RLS,,,,,1,2,Chordata,Actinopterygii,Perciformes,Pomacentridae,Dascyllus flavicaudus,Dascyllus flavicaudus,5,200,1279.416,POINT (-145.69000244140625 -16.079999923706055)
ep_m1_public_data.fid--6d42ff34_183dac69041_1880,689003044,French Polynesia,Society Islands,Tuamotus,Eastern Indo-Pacific,Society Islands,FP20,Fakarava Bommie,-16.08,-145.69,6/20/2009,6.5,RLS,,,,,1,2,Chordata,Actinopterygii,Perciformes,Scaridae,Chlorurus sordidus,Chlorurus sordidus,20,2,557.5913,POINT (-145.69000244140625 -16.079999923706055)
ep_m1_public_data.fid--6d42ff34_183dac69041_1881,689003044,French Polynesia,Society Islands,Tuamotus,Eastern Indo-Pacific,Society Islands,FP20,Fakarava Bommie,-16.08,-145.69,6/20/2009,6.5,RLS,,,,,1,2,Chordata,Actinopterygii,Perciformes,Scaridae,Hipposcarus longiceps,Hipposcarus longiceps,25,2,422.1074,POINT (-145.69000244140625 -16.079999923706055)
ep_m1_public_data.fid--6d42ff34_183dac69041_18d6,689003044,French Polynesia,Society Islands,Tuamotus,Eastern Indo-Pacific,Society Islands,FP20,Fakarava Bommie,-16.08,-145.69,6/20/2009,6.5,RLS,,,,,1,1,Chordata,Actinopterygii,Beryciformes,Holocentridae,Myripristis violacea,Myripristis violacea,12.5,8,675.3965,POINT (-145.69000244140625 -16.079999923706055)
ep_m1_public_data.fid--6d42ff34_183dac69041_18d7,689003044,French Polynesia,Society Islands,Tuamotus,Eastern Indo-Pacific,Society Islands,FP20,Fakarava Bommie,-16.08,-145.69,6/20/2009,6.5,RLS,,,,,1,1,Chordata,Actinopterygii,Beryciformes,Holocentridae,Sargocentron spiniferum,Sargocentron spiniferum,20,1,239.709,POINT (-145.69000244140625 -16.079999923706055)
ep_m1_public_data.fid--6d42ff34_183dac69041_18d8,689003044,French Polynesia,Society Islands,Tuamotus,Eastern Indo-Pacific,Society Islands,FP20,Fakarava Bommie,-16.08,-145.69,6/20/2009,6.5,RLS,,,,,1,1,Chordata,Actinopterygii,Perciformes,Acanthuridae,Ctenochaetus striatus,Ctenochaetus striatus,7.5,5,64.9075,POINT (-145.69000244140625 -16.079999923706055)
ep_m1_public_data.fid--6d42ff34_183dac69041_18d9,689003044,French Polynesia,Society Islands,Tuamotus,Eastern Indo-Pacific,Society Islands,FP20,Fakarava Bommie,-16.08,-145.69,6/20/2009,6.5,RLS,,,,,1,1,Chordata,Actinopterygii,Perciformes,Acanthuridae,Ctenochaetus striatus,Ctenochaetus striatus,12.5,20,1241.3015,POINT (-145.69000244140625 -16.079999923706055)
ep_m1_public_data.fid--6d42ff34_183dac69041_18da,689003044,French Polynesia,Society Islands,Tuamotus,Eastern Indo-Pacific,Society Islands,FP20,Fakarava Bommie,-16.08,-145.69,6/20/2009,6.5,RLS,,,,,1,1,Chordata,Actinopterygii,Perciformes,Chaetodontidae,Chaetodon citrinellus,Chaetodon citrinellus,5,1,5.6631,POINT (-145.69000244140625 -16.079999923706055)
ep_m1_public_data.fid--6d42ff34_183dac69041_18db,689003044,French Polynesia,Society Islands,Tuamotus,Eastern Indo-Pacific,Society Islands,FP20,Fakarava Bommie,-16.08,-145.69,6/20/2009,6.5,RLS,,,,,1,1,Chordata,Actinopterygii,Perciformes,Chaetodontidae,Chaetodon pelewensis,Chaetodon pelewensis,7.5,11,233.044,POINT (-145.69000244140625 -16.079999923706055)
ep_m1_public_data.fid--6d42ff34_183dac69041_18dc,689003044,French Polynesia,Society Islands,Tuamotus,Eastern Indo-Pacific,Society Islands,FP20,Fakarava Bommie,-16.08,-145.69,6/20/2009,6.5,RLS,,,,,1,1,Chordata,Actinopterygii,Perciformes,Labridae,Stethojulis bandanensis,Stethojulis bandanensis,5,2,6.1989,POINT (-145.69000244140625 -16.079999923706055)
ep_m1_public_data.fid--6d42ff34_183dac69041_18dd,689003044,French Polynesia,Society Islands,Tuamotus,Eastern Indo-Pacific,Society Islands,FP20,Fakarava Bommie,-16.08,-145.69,6/20/2009,6.5,RLS,,,,,1,1,Chordata,Actinopterygii,Perciformes,Lutjanidae,Lutjanus gibbus,Lutjanus gibbus,15,1,90.2035,POINT (-145.69000244140625 -16.079999923706055)
ep_m1_public_data.fid--6d42ff34_183dac69041_18de,689003044,French Polynesia,Society Islands,Tuamotus,Eastern Indo-Pacific,Society Islands,FP20,Fakarava Bommie,-16.08,-145.69,6/20/2009,6.5,RLS,,,,,1,1,Chordata,Actinopterygii,Perciformes,Lutjanidae,Lutjanus gibbus,Lutjanus gibbus,35,1,657.5747,POINT (-145.69000244140625 -16.079999923706055)
ep_m1_public_data.fid--6d42ff34_183dac69041_18df,689003044,French Polynesia,Society Islands,Tuamotus,Eastern Indo-Pacific,Society Islands,FP20,Fakarava Bommie,-16.08,-145.69,6/20/2009,6.5,RLS,,,,,1,1,Chordata,Actinopterygii,Perciformes,Pomacentridae,Chromis margaritifer,Chromis margaritifer,5,30,77.2929,POINT (-145.69000244140625 -16.079999923706055)
ep_m1_public_data.fid--6d42ff34_183dac69041_18e0,689003044,French Polynesia,Society Islands,Tuamotus,Eastern Indo-Pacific,Society Islands,FP20,Fakarava Bommie,-16.08,-145.69,6/20/2009,6.5,RLS,,,,,1,1,Chordata,Actinopterygii,Perciformes,Pomacentridae,Chromis viridis,Chromis viridis,2.5,800,416.2256,POINT (-145.69000244140625 -16.079999923706055)
ep_m1_public_data.fid--6d42ff34_183dac69041_18e1,689003044,French Polynesia,Society Islands,Tuamotus,Eastern Indo-Pacific,Society Islands,FP20,Fakarava Bommie,-16.08,-145.69,6/20/2009,6.5,RLS,,,,,1,1,Chordata,Actinopterygii,Perciformes,Pomacentridae,Chromis viridis,Chromis viridis,5,300,1165.0568,POINT (-145.69000244140625 -16.079999923706055)
ep_m1_public_data.fid--6d42ff34_183dac69041_18e2,689003044,French Polynesia,Society Islands,Tuamotus,Eastern Indo-Pacific,Society Islands,FP20,Fakarava Bommie,-16.08,-145.69,6/20/2009,6.5,RLS,,,,,1,1,Chordata,Actinopterygii,Perciformes,Scaridae,Scarus altipinnis,Scarus altipinnis,20,1,234.7106,POINT (-145.69000244140625 -16.079999923706055)
ep_m1_public_data.fid--6d42ff34_183dac69041_18e3,689003044,French Polynesia,Society Islands,Tuamotus,Eastern Indo-Pacific,Society Islands,FP20,Fakarava Bommie,-16.08,-145.69,6/20/2009,6.5,RLS,,,,,1,1,Chordata,Actinopterygii,Perciformes,Scaridae,Scarus schlegeli,Scarus schlegeli,10,3,115.9658,POINT (-145.69000244140625 -16.079999923706055)
ep_m1_public_data.fid--6d42ff34_183dac69041_18e4,689003044,French Polynesia,Society Islands,Tuamotus,Eastern Indo-Pacific,Society Islands,FP20,Fakarava Bommie,-16.08,-145.69,6/20/2009,6.5,RLS,,,,,1,1,Chordata,Actinopterygii,Perciformes,Serranidae,Plectropomus laevis,Plectropomus laevis,35,1,476.6152,POINT (-145.69000244140625 -16.079999923706055)
ep_m1_public_data.fid--6d42ff34_183dac69041_18e5,689003044,French Polynesia,Society Islands,Tuamotus,Eastern Indo-Pacific,Society Islands,FP20,Fakarava Bommie,-16.08,-145.69,6/20/2009,6.5,RLS,,,,,1,1,Chordata,Actinopterygii,Perciformes,Serranidae,Plectropomus laevis,Plectropomus laevis,75,1,4782.0176,POINT (-145.69000244140625 -16.079999923706055)
ep_m1_public_data.fid--6d42ff34_183dac69041_18e6,689003044,French Polynesia,Society Islands,Tuamotus,Eastern Indo-Pacific,Society Islands,FP20,Fakarava Bommie,-16.08,-145.69,6/20/2009,6.5,RLS,,,,,1,1,Chordata,Actinopterygii,Perciformes,Zanclidae,Zanclus cornutus,Zanclus cornutus,15,1,249.7961,POINT (-145.69000244140625 -16.079999923706055)
ep_m1_public_data.fid--6d42ff34_183dac69041_18e7,689003044,French Polynesia,Society Islands,Tuamotus,Eastern Indo-Pacific,Society Islands,FP20,Fakarava Bommie,-16.08,-145.69,6/20/2009,6.5,RLS,,,,,1,2,Chordata,Actinopterygii,Beryciformes,Holocentridae,Myripristis kuntee,Myripristis kuntee,15,5,711.0976,POINT (-145.69000244140625 -16.079999923706055)
ep_m1_public_data.fid--6d42ff34_183dac69041_18e8,689003044,French Polynesia,Society Islands,Tuamotus,Eastern Indo-Pacific,Society Islands,FP20,Fakarava Bommie,-16.08,-145.69,6/20/2009,6.5,RLS,,,,,1,2,Chordata,Actinopterygii,Perciformes,Acanthuridae,Acanthurus nigroris,Acanthurus nigroris,7.5,1,15.2153,POINT (-145.69000244140625 -16.079999923706055)
ep_m1_public_data.fid--6d42ff34_183dac69041_18e9,689003044,French Polynesia,Society Islands,Tuamotus,Eastern Indo-Pacific,Society Islands,FP20,Fakarava Bommie,-16.08,-145.69,6/20/2009,6.5,RLS,,,,,1,2,Chordata,Actinopterygii,Perciformes,Acanthuridae,Zebrasoma scopas,Zebrasoma scopas,7.5,5,104.4506,POINT (-145.69000244140625 -16.079999923706055)
ep_m1_public_data.fid--6d42ff34_183dac69041_18ea,689003044,French Polynesia,Society Islands,Tuamotus,Eastern Indo-Pacific,Society Islands,FP20,Fakarava Bommie,-16.08,-145.69,6/20/2009,6.5,RLS,,,,,1,2,Chordata,Actinopterygii,Perciformes,Chaetodontidae,Chaetodon lunulatus,Chaetodon lunulatus,7.5,6,134.2883,POINT (-145.69000244140625 -16.079999923706055)
ep_m1_public_data.fid--6d42ff34_183dac69041_18eb,689003044,French Polynesia,Society Islands,Tuamotus,Eastern Indo-Pacific,Society Islands,FP20,Fakarava Bommie,-16.08,-145.69,6/20/2009,6.5,RLS,,,,,1,2,Chordata,Actinopterygii,Perciformes,Chaetodontidae,Chaetodon pelewensis,Chaetodon pelewensis,5,2,13.2233,POINT (-145.69000244140625 -16.079999923706055)
ep_m1_public_data.fid--6d42ff34_183dac69041_18ec,689003044,French Polynesia,Society Islands,Tuamotus,Eastern Indo-Pacific,Society Islands,FP20,Fakarava Bommie,-16.08,-145.69,6/20/2009,6.5,RLS,,,,,1,2,Chordata,Actinopterygii,Perciformes,Chaetodontidae,Chaetodon vagabundus,Chaetodon vagabundus,10,2,89.8423,POINT (-145.69000244140625 -16.079999923706055)
ep_m1_public_data.fid--6d42ff34_183dac69041_18ed,689003044,French Polynesia,Society Islands,Tuamotus,Eastern Indo-Pacific,Society Islands,FP20,Fakarava Bommie,-16.08,-145.69,6/20/2009,6.5,RLS,,,,,1,2,Chordata,Actinopterygii,Perciformes,Labridae,Thalassoma hardwicke,Thalassoma hardwicke,7.5,15,116.1951,POINT (-145.69000244140625 -16.079999923706055)
ep_m1_public_data.fid--6d42ff34_183dac69041_18ee,689003044,French Polynesia,Society Islands,Tuamotus,Eastern Indo-Pacific,Society Islands,FP20,Fakarava Bommie,-16.08,-145.69,6/20/2009,6.5,RLS,,,,,1,2,Chordata,Actinopterygii,Perciformes,Lutjanidae,Lutjanus bohar,Lutjanus bohar,40,1,812.6231,POINT (-145.69000244140625 -16.079999923706055)
ep_m1_public_data.fid--6d42ff34_183dac69041_18ef,689003044,French Polynesia,Society Islands,Tuamotus,Eastern Indo-Pacific,Society Islands,FP20,Fakarava Bommie,-16.08,-145.69,6/20/2009,6.5,RLS,,,,,1,2,Chordata,Actinopterygii,Perciformes,Lutjanidae,Lutjanus gibbus,Lutjanus gibbus,30,5,2335.6392,POINT (-145.69000244140625 -16.079999923706055)
ep_m1_public_data.fid--6d42ff34_183dac69041_18f0,689003044,French Polynesia,Society Islands,Tuamotus,Eastern Indo-Pacific,Society Islands,FP20,Fakarava Bommie,-16.08,-145.69,6/20/2009,6.5,RLS,,,,,1,2,Chordata,Actinopterygii,Perciformes,Pomacanthidae,Centropyge flavissima,Centropyge flavissima,7.5,5,,POINT (-145.69000244140625 -16.079999923706055)
ep_m1_public_data.fid--6d42ff34_183dac69041_18f1,689003044,French Polynesia,Society Islands,Tuamotus,Eastern Indo-Pacific,Society Islands,FP20,Fakarava Bommie,-16.08,-145.69,6/20/2009,6.5,RLS,,,,,1,2,Chordata,Actinopterygii,Perciformes,Pomacentridae,Chromis atripectoralis,Chromis atripectoralis,7.5,360,5078.727,POINT (-145.69000244140625 -16.079999923706055)
ep_m1_public_data.fid--6d42ff34_183dac69041_18f2,689003044,French Polynesia,Society Islands,Tuamotus,Eastern Indo-Pacific,Society Islands,FP20,Fakarava Bommie,-16.08,-145.69,6/20/2009,6.5,RLS,,,,,1,2,Chordata,Actinopterygii,Perciformes,Scaridae,Chlorurus sordidus,Chlorurus sordidus,12.5,5,377.0433,POINT (-145.69000244140625 -16.079999923706055)
ep_m1_public_data.fid--6d42ff34_183dac69041_18f3,689003044,French Polynesia,Society Islands,Tuamotus,Eastern Indo-Pacific,Society Islands,FP20,Fakarava Bommie,-16.08,-145.69,6/20/2009,6.5,RLS,,,,,1,2,Chordata,Actinopterygii,Perciformes,Scaridae,Scarus schlegeli,Scarus schlegeli,10,8,309.2421,POINT (-145.69000244140625 -16.079999923706055)
ep_m1_public_data.fid--6d42ff34_183dac69041_18f4,689003044,French Polynesia,Society Islands,Tuamotus,Eastern Indo-Pacific,Society Islands,FP20,Fakarava Bommie,-16.08,-145.69,6/20/2009,6.5,RLS,,,,,1,2,Chordata,Actinopterygii,Perciformes,Serranidae,Epinephelus polyphekadion,Epinephelus polyphekadion,40,1,746.1237,POINT (-145.69000244140625 -16.079999923706055)
ep_m1_public_data.fid--6d42ff34_183dac69041_18f5,689003044,French Polynesia,Society Islands,Tuamotus,Eastern Indo-Pacific,Society Islands,FP20,Fakarava Bommie,-16.08,-145.69,6/20/2009,6.5,RLS,,,,,1,2,Chordata,Actinopterygii,Syngnathiformes,Fistulariidae,Fistularia commersonii,Fistularia commersonii,75,1,197.9636,POINT (-145.69000244140625 -16.079999923706055)
ep_m1_public_data.fid--6d42ff34_183dac69041_193b,689003044,French Polynesia,Society Islands,Tuamotus,Eastern Indo-Pacific,Society Islands,FP20,Fakarava Bommie,-16.08,-145.69,6/20/2009,6.5,RLS,,,,,1,1,Chordata,Actinopterygii,Perciformes,Acanthuridae,Naso vlamingii,Naso vlamingii,35,1,695.5396,POINT (-145.69000244140625 -16.079999923706055)
ep_m1_public_data.fid--6d42ff34_183dac69041_193c,689003044,French Polynesia,Society Islands,Tuamotus,Eastern Indo-Pacific,Society Islands,FP20,Fakarava Bommie,-16.08,-145.69,6/20/2009,6.5,RLS,,,,,1,1,Chordata,Actinopterygii,Perciformes,Acanthuridae,Zebrasoma scopas,Zebrasoma scopas,7.5,4,83.5605,POINT (-145.69000244140625 -16.079999923706055)
ep_m1_public_data.fid--6d42ff34_183dac69041_193d,689003044,French Polynesia,Society Islands,Tuamotus,Eastern Indo-Pacific,Society Islands,FP20,Fakarava Bommie,-16.08,-145.69,6/20/2009,6.5,RLS,,,,,1,1,Chordata,Actinopterygii,Perciformes,Chaetodontidae,Chaetodon lunulatus,Chaetodon lunulatus,7.5,5,111.9069,POINT (-145.69000244140625 -16.079999923706055)
ep_m1_public_data.fid--6d42ff34_183dac69041_193e,689003044,French Polynesia,Society Islands,Tuamotus,Eastern Indo-Pacific,Society Islands,FP20,Fakarava Bommie,-16.08,-145.69,6/20/2009,6.5,RLS,,,,,1,1,Chordata,Actinopterygii,Perciformes,Chaetodontidae,Chaetodon vagabundus,Chaetodon vagabundus,10,2,89.8423,POINT (-145.69000244140625 -16.079999923706055)
ep_m1_public_data.fid--6d42ff34_183dac69041_193f,689003044,French Polynesia,Society Islands,Tuamotus,Eastern Indo-Pacific,Society Islands,FP20,Fakarava Bommie,-16.08,-145.69,6/20/2009,6.5,RLS,,,,,1,1,Chordata,Actinopterygii,Perciformes,Labridae,Halichoeres hortulanus,Halichoeres hortulanus,15,1,83.503,POINT (-145.69000244140625 -16.079999923706055)
ep_m1_public_data.fid--6d42ff34_183dac69041_1940,689003044,French Polynesia,Society Islands,Tuamotus,Eastern Indo-Pacific,Society Islands,FP20,Fakarava Bommie,-16.08,-145.69,6/20/2009,6.5,RLS,,,,,1,1,Chordata,Actinopterygii,Perciformes,Labridae,Thalassoma amblycephalum,Thalassoma amblycephalum,2.5,6,2.2518,POINT (-145.69000244140625 -16.079999923706055)
ep_m1_public_data.fid--6d42ff34_183dac69041_1941,689003044,French Polynesia,Society Islands,Tuamotus,Eastern Indo-Pacific,Society Islands,FP20,Fakarava Bommie,-16.08,-145.69,6/20/2009,6.5,RLS,,,,,1,1,Chordata,Actinopterygii,Perciformes,Labridae,Thalassoma hardwicke,Thalassoma hardwicke,5,2,4.6316,POINT (-145.69000244140625 -16.079999923706055)
ep_m1_public_data.fid--6d42ff34_183dac69041_1942,689003044,French Polynesia,Society Islands,Tuamotus,Eastern Indo-Pacific,Society Islands,FP20,Fakarava Bommie,-16.08,-145.69,6/20/2009,6.5,RLS,,,,,1,1,Chordata,Actinopterygii,Perciformes,Labridae,Thalassoma hardwicke,Thalassoma hardwicke,10,2,36.4917,POINT (-145.69000244140625 -16.079999923706055)
ep_m1_public_data.fid--6d42ff34_183dac69041_1943,689003044,French Polynesia,Society Islands,Tuamotus,Eastern Indo-Pacific,Society Islands,FP20,Fakarava Bommie,-16.08,-145.69,6/20/2009,6.5,RLS,,,,,1,1,Chordata,Actinopterygii,Perciformes,Scaridae,Chlorurus sordidus,Chlorurus sordidus,15,8,1036.5741,POINT (-145.69000244140625 -16.079999923706055)
ep_m1_public_data.fid--6d42ff34_183dac69041_1944,689003044,French Polynesia,Society Islands,Tuamotus,Eastern Indo-Pacific,Society Islands,FP20,Fakarava Bommie,-16.08,-145.69,6/20/2009,6.5,RLS,,,,,1,1,Chordata,Actinopterygii,Syngnathiformes,Fistulariidae,Fistularia commersonii,Fistularia commersonii,62.5,1,114.0656,POINT (-145.69000244140625 -16.079999923706055)
ep_m1_public_data.fid--6d42ff34_183dac69041_1945,689003044,French Polynesia,Society Islands,Tuamotus,Eastern Indo-Pacific,Society Islands,FP20,Fakarava Bommie,-16.08,-145.69,6/20/2009,6.5,RLS,,,,,1,2,Chordata,Actinopterygii,Perciformes,Acanthuridae,Ctenochaetus flavicauda,Ctenochaetus flavicauda,5,1,3.8885,POINT (-145.69000244140625 -16.079999923706055)
ep_m1_public_data.fid--6d42ff34_183dac69041_1946,689003044,French Polynesia,Society Islands,Tuamotus,Eastern Indo-Pacific,Society Islands,FP20,Fakarava Bommie,-16.08,-145.69,6/20/2009,6.5,RLS,,,,,1,2,Chordata,Actinopterygii,Perciformes,Labridae,Stethojulis bandanensis,Stethojulis bandanensis,5,1,3.0994,POINT (-145.69000244140625 -16.079999923706055)
ep_m1_public_data.fid--6d42ff34_183dac69041_1947,689003044,French Polynesia,Society Islands,Tuamotus,Eastern Indo-Pacific,Society Islands,FP20,Fakarava Bommie,-16.08,-145.69,6/20/2009,6.5,RLS,,,,,1,2,Chordata,Actinopterygii,Perciformes,Pomacentridae,Chromis atripectoralis,Chromis atripectoralis,5,800,2971.8442,POINT (-145.69000244140625 -16.079999923706055)
ep_m1_public_data.fid--6d42ff34_183dac69041_1948,689003044,French Polynesia,Society Islands,Tuamotus,Eastern Indo-Pacific,Society Islands,FP20,Fakarava Bommie,-16.08,-145.69,6/20/2009,6.5,RLS,,,,,1,2,Chordata,Actinopterygii,Perciformes,Pomacentridae,Chromis margaritifer,Chromis margaritifer,2.5,20,6.8272,POINT (-145.69000244140625 -16.079999923706055)
ep_m1_public_data.fid--6d42ff34_183dac69041_1949,689003044,French Polynesia,Society Islands,Tuamotus,Eastern Indo-Pacific,Society Islands,FP20,Fakarava Bommie,-16.08,-145.69,6/20/2009,6.5,RLS,,,,,1,2,Chordata,Actinopterygii,Perciformes,Pomacentridae,Dascyllus aruanus,Dascyllus aruanus,2.5,150,133.775,POINT (-145.69000244140625 -16.079999923706055)
ep_m1_public_data.fid--6d42ff34_183dac69041_194a,689003044,French Polynesia,Society Islands,Tuamotus,Eastern Indo-Pacific,Society Islands,FP20,Fakarava Bommie,-16.08,-145.69,6/20/2009,6.5,RLS,,,,,1,2,Chordata,Actinopterygii,Perciformes,Pomacentridae,Dascyllus flavicaudus,Dascyllus flavicaudus,2.5,80,58.3371,POINT (-145.69000244140625 -16.079999923706055)
ep_m1_public_data.fid--6d42ff34_183dac69041_194b,689003044,French Polynesia,Society Islands,Tuamotus,Eastern Indo-Pacific,Society Islands,FP20,Fakarava Bommie,-16.08,-145.69,6/20/2009,6.5,RLS,,,,,1,2,Chordata,Actinopterygii,Perciformes,Scaridae,Chlorurus sordidus,Chlorurus sordidus,15,15,1943.5763,POINT (-145.69000244140625 -16.079999923706055)
ep_m1_public_data.fid--6d42ff34_183dac69041_194c,689003044,French Polynesia,Society Islands,Tuamotus,Eastern Indo-Pacific,Society Islands,FP20,Fakarava Bommie,-16.08,-145.69,6/20/2009,6.5,RLS,,,,,1,2,Chordata,Actinopterygii,Perciformes,Scaridae,Scarus niger,Scarus niger,2.5,2,0.5583,POINT (-145.69000244140625 -16.079999923706055)
ep_m1_public_data.fid--6d42ff34_183dac69041_1a1b,689003044,French Polynesia,Society Islands,Tuamotus,Eastern Indo-Pacific,Society Islands,FP20,Fakarava Bommie,-16.08,-145.69,6/20/2009,6.5,RLS,,,,,1,1,Chordata,Actinopterygii,Perciformes,Chaetodontidae,Chaetodon pelewensis,Chaetodon pelewensis,5,4,26.4467,POINT (-145.69000244140625 -16.079999923706055)
ep_m1_public_data.fid--6d42ff34_183dac69041_1a1c,689003044,French Polynesia,Society Islands,Tuamotus,Eastern Indo-Pacific,Society Islands,FP20,Fakarava Bommie,-16.08,-145.69,6/20/2009,6.5,RLS,,,,,1,1,Chordata,Actinopterygii,Perciformes,Labridae,Stethojulis bandanensis,Stethojulis bandanensis,2.5,1,0.518,POINT (-145.69000244140625 -16.079999923706055)
ep_m1_public_data.fid--6d42ff34_183dac69041_1a20,689003044,French Polynesia,Society Islands,Tuamotus,Eastern Indo-Pacific,Society Islands,FP20,Fakarava Bommie,-16.08,-145.69,6/20/2009,6.5,RLS,,,,,1,1,Chordata,Actinopterygii,Perciformes,Scaridae,Chlorurus sordidus,Chlorurus sordidus,20,4,1115.1826,POINT (-145.69000244140625 -16.079999923706055)
ep_m1_public_data.fid--6d42ff34_183dac69041_1a21,689003044,French Polynesia,Society Islands,Tuamotus,Eastern Indo-Pacific,Society Islands,FP20,Fakarava Bommie,-16.08,-145.69,6/20/2009,6.5,RLS,,,,,1,2,Chordata,Actinopterygii,Beryciformes,Holocentridae,Myripristis kuntee,Myripristis kuntee,12.5,2,151.1432,POINT (-145.69000244140625 -16.079999923706055)
ep_m1_public_data.fid--6d42ff34_183dac69041_1a22,689003044,French Polynesia,Society Islands,Tuamotus,Eastern Indo-Pacific,Society Islands,FP20,Fakarava Bommie,-16.08,-145.69,6/20/2009,6.5,RLS,,,,,1,2,Chordata,Actinopterygii,Perciformes,Acanthuridae,Naso vlamingii,Naso vlamingii,35,6,4173.238,POINT (-145.69000244140625 -16.079999923706055)
ep_m1_public_data.fid--6d42ff34_183dac69041_1a23,689003044,French Polynesia,Society Islands,Tuamotus,Eastern Indo-Pacific,Society Islands,FP20,Fakarava Bommie,-16.08,-145.69,6/20/2009,6.5,RLS,,,,,1,2,Chordata,Actinopterygii,Perciformes,Labridae,Thalassoma hardwicke,Thalassoma hardwicke,10,6,109.4751,POINT (-145.69000244140625 -16.079999923706055)
,,,,,,,,,,,,,,,,,,,,,,,,,,13.98854962,5206,64222.52,
