ep_m1_public_data.fid--6d42ff34_183dac69041_20be,912342152,French Polynesia,Iles Tuamotu,Tuamotus,Eastern Indo-Pacific,Tuamotos,FP58,Toau Bommie 3,-15.95,-145.88,7/4/2012,4.5,RLS,18,8:00:00,,,1,1,Chordata,Actinopterygii,Aulopiformes,Synodontidae,Synodus variegatus,Synodus variegatus,7.5,1,4.8863,POINT (-145.8800048828125 -15.949999809265137)
ep_m1_public_data.fid--6d42ff34_183dac69041_20bf,912342152,French Polynesia,Iles Tuamotu,Tuamotus,Eastern Indo-Pacific,Tuamotos,FP58,Toau Bommie 3,-15.95,-145.88,7/4/2012,4.5,RLS,18,8:00:00,,,1,1,Chordata,Actinopterygii,Perciformes,Acanthuridae,Ctenochaetus flavicauda,Ctenochaetus flavicauda,7.5,1,31.6953,POINT (-145.8800048828125 -15.949999809265137)
ep_m1_public_data.fid--6d42ff34_183dac69041_20c0,912342152,French Polynesia,Iles Tuamotu,Tuamotus,Eastern Indo-Pacific,Tuamotos,FP58,Toau Bommie 3,-15.95,-145.88,7/4/2012,4.5,RLS,18,8:00:00,,,1,1,Chordata,Actinopterygii,Perciformes,Acanthuridae,Ctenochaetus striatus,Ctenochaetus striatus,7.5,21,658.0081,POINT (-145.8800048828125 -15.949999809265137)
ep_m1_public_data.fid--6d42ff34_183dac69041_20c1,912342152,French Polynesia,Iles Tuamotu,Tuamotus,Eastern Indo-Pacific,Tuamotos,FP58,Toau Bommie 3,-15.95,-145.88,7/4/2012,4.5,RLS,18,8:00:00,,,1,1,Chordata,Actinopterygii,Perciformes,Acanthuridae,Naso unicornis,Naso unicornis,7.5,1,242.0131,POINT (-145.8800048828125 -15.949999809265137)
ep_m1_public_data.fid--6d42ff34_183dac69041_20c2,912342152,French Polynesia,Iles Tuamotu,Tuamotus,Eastern Indo-Pacific,Tuamotos,FP58,Toau Bommie 3,-15.95,-145.88,7/4/2012,4.5,RLS,18,8:00:00,,,1,1,Chordata,Actinopterygii,Perciformes,Acanthuridae,Naso vlamingii,Naso vlamingii,7.5,2,713.1508,POINT (-145.8800048828125 -15.949999809265137)
ep_m1_public_data.fid--6d42ff34_183dac69041_20c3,912342152,French Polynesia,Iles Tuamotu,Tuamotus,Eastern Indo-Pacific,Tuamotos,FP58,Toau Bommie 3,-15.95,-145.88,7/4/2012,4.5,RLS,18,8:00:00,,,1,1,Chordata,Actinopterygii,Perciformes,Chaetodontidae,Chaetodon citrinellus,Chaetodon citrinellus,7.5,3,121.1422,POINT (-145.8800048828125 -15.949999809265137)
ep_m1_public_data.fid--6d42ff34_183dac69041_20c4,912342152,French Polynesia,Iles Tuamotu,Tuamotus,Eastern Indo-Pacific,Tuamotos,FP58,Toau Bommie 3,-15.95,-145.88,7/4/2012,4.5,RLS,18,8:00:00,,,1,1,Chordata,Actinopterygii,Perciformes,Chaetodontidae,Chaetodon lunulatus,Chaetodon lunulatus,7.5,4,211.234,POINT (-145.8800048828125 -15.949999809265137)
ep_m1_public_data.fid--6d42ff34_183dac69041_20c5,912342152,French Polynesia,Iles Tuamotu,Tuamotus,Eastern Indo-Pacific,Tuamotos,FP58,Toau Bommie 3,-15.95,-145.88,7/4/2012,4.5,RLS,18,8:00:00,,,1,1,Chordata,Actinopterygii,Perciformes,Chaetodontidae,Forcipiger flavissimus,Forcipiger flavissimus,7.5,1,19.4531,POINT (-145.8800048828125 -15.949999809265137)
ep_m1_public_data.fid--6d42ff34_183dac69041_20c6,912342152,French Polynesia,Iles Tuamotu,Tuamotus,Eastern Indo-Pacific,Tuamotos,FP58,Toau Bommie 3,-15.95,-145.88,7/4/2012,4.5,RLS,18,8:00:00,,,1,1,Chordata,Actinopterygii,Perciformes,Echeneidae,Remora remora,Remora remora,7.5,1,13.4849,POINT (-145.8800048828125 -15.949999809265137)
ep_m1_public_data.fid--6d42ff34_183dac69041_20c7,912342152,French Polynesia,Iles Tuamotu,Tuamotus,Eastern Indo-Pacific,Tuamotos,FP58,Toau Bommie 3,-15.95,-145.88,7/4/2012,4.5,RLS,18,8:00:00,,,1,1,Chordata,Actinopterygii,Perciformes,Labridae,Cheilinus undulatus,Cheilinus undulatus,7.5,1,515.3537,POINT (-145.8800048828125 -15.949999809265137)
ep_m1_public_data.fid--6d42ff34_183dac69041_20c8,912342152,French Polynesia,Iles Tuamotu,Tuamotus,Eastern Indo-Pacific,Tuamotos,FP58,Toau Bommie 3,-15.95,-145.88,7/4/2012,4.5,RLS,18,8:00:00,,,1,1,Chordata,Actinopterygii,Perciformes,Labridae,Cheilinus undulatus,Cheilinus undulatus,7.5,1,899.7655,POINT (-145.8800048828125 -15.949999809265137)
ep_m1_public_data.fid--6d42ff34_183dac69041_20c9,912342152,French Polynesia,Iles Tuamotu,Tuamotus,Eastern Indo-Pacific,Tuamotos,FP58,Toau Bommie 3,-15.95,-145.88,7/4/2012,4.5,RLS,18,8:00:00,,,1,1,Chordata,Actinopterygii,Perciformes,Labridae,Halichoeres hortulanus,Halichoeres hortulanus,7.5,1,83.503,POINT (-145.8800048828125 -15.949999809265137)
ep_m1_public_data.fid--6d42ff34_183dac69041_20ca,912342152,French Polynesia,Iles Tuamotu,Tuamotus,Eastern Indo-Pacific,Tuamotos,FP58,Toau Bommie 3,-15.95,-145.88,7/4/2012,4.5,RLS,18,8:00:00,,,1,1,Chordata,Actinopterygii,Perciformes,Labridae,Labroides bicolor,Labroides bicolor,7.5,1,1.9278,POINT (-145.8800048828125 -15.949999809265137)
ep_m1_public_data.fid--6d42ff34_183dac69041_20cb,912342152,French Polynesia,Iles Tuamotu,Tuamotus,Eastern Indo-Pacific,Tuamotos,FP58,Toau Bommie 3,-15.95,-145.88,7/4/2012,4.5,RLS,18,8:00:00,,,1,1,Chordata,Actinopterygii,Perciformes,Labridae,Labroides bicolor,Labroides bicolor,7.5,1,7.1451,POINT (-145.8800048828125 -15.949999809265137)
ep_m1_public_data.fid--6d42ff34_183dac69041_20cc,912342152,French Polynesia,Iles Tuamotu,Tuamotus,Eastern Indo-Pacific,Tuamotos,FP58,Toau Bommie 3,-15.95,-145.88,7/4/2012,4.5,RLS,18,8:00:00,,,1,1,Chordata,Actinopterygii,Perciformes,Labridae,Thalassoma amblycephalum,Thalassoma amblycephalum,7.5,1,0.3753,POINT (-145.8800048828125 -15.949999809265137)
ep_m1_public_data.fid--6d42ff34_183dac69041_20cd,912342152,French Polynesia,Iles Tuamotu,Tuamotus,Eastern Indo-Pacific,Tuamotos,FP58,Toau Bommie 3,-15.95,-145.88,7/4/2012,4.5,RLS,18,8:00:00,,,1,1,Chordata,Actinopterygii,Perciformes,Labridae,Thalassoma hardwicke,Thalassoma hardwicke,7.5,2,15.4927,POINT (-145.8800048828125 -15.949999809265137)
ep_m1_public_data.fid--6d42ff34_183dac69041_20ce,912342152,French Polynesia,Iles Tuamotu,Tuamotus,Eastern Indo-Pacific,Tuamotos,FP58,Toau Bommie 3,-15.95,-145.88,7/4/2012,4.5,RLS,18,8:00:00,,,1,1,Chordata,Actinopterygii,Perciformes,Labridae,Thalassoma hardwicke,Thalassoma hardwicke,7.5,21,1281.6909,POINT (-145.8800048828125 -15.949999809265137)
ep_m1_public_data.fid--6d42ff34_183dac69041_20cf,912342152,French Polynesia,Iles Tuamotu,Tuamotus,Eastern Indo-Pacific,Tuamotos,FP58,Toau Bommie 3,-15.95,-145.88,7/4/2012,4.5,RLS,18,8:00:00,,,1,1,Chordata,Actinopterygii,Perciformes,Lethrinidae,Monotaxis grandoculis,Monotaxis grandoculis,7.5,3,320.6279,POINT (-145.8800048828125 -15.949999809265137)
ep_m1_public_data.fid--6d42ff34_183dac69041_20d0,912342152,French Polynesia,Iles Tuamotu,Tuamotus,Eastern Indo-Pacific,Tuamotos,FP58,Toau Bommie 3,-15.95,-145.88,7/4/2012,4.5,RLS,18,8:00:00,,,1,1,Chordata,Actinopterygii,Perciformes,Lutjanidae,Lutjanus bohar,Lutjanus bohar,7.5,1,638.6807,POINT (-145.8800048828125 -15.949999809265137)
ep_m1_public_data.fid--6d42ff34_183dac69041_20d1,912342152,French Polynesia,Iles Tuamotu,Tuamotus,Eastern Indo-Pacific,Tuamotos,FP58,Toau Bommie 3,-15.95,-145.88,7/4/2012,4.5,RLS,18,8:00:00,,,1,1,Chordata,Actinopterygii,Perciformes,Lutjanidae,Lutjanus bohar,Lutjanus bohar,7.5,1,1612.8638,POINT (-145.8800048828125 -15.949999809265137)
ep_m1_public_data.fid--6d42ff34_183dac69041_20d2,912342152,French Polynesia,Iles Tuamotu,Tuamotus,Eastern Indo-Pacific,Tuamotos,FP58,Toau Bommie 3,-15.95,-145.88,7/4/2012,4.5,RLS,18,8:00:00,,,1,1,Chordata,Actinopterygii,Perciformes,Pomacentridae,Chromis viridis,Chromis viridis,7.5,40,20.8113,POINT (-145.8800048828125 -15.949999809265137)
ep_m1_public_data.fid--6d42ff34_183dac69041_20d3,912342152,French Polynesia,Iles Tuamotu,Tuamotus,Eastern Indo-Pacific,Tuamotos,FP58,Toau Bommie 3,-15.95,-145.88,7/4/2012,4.5,RLS,18,8:00:00,,,1,1,Chordata,Actinopterygii,Perciformes,Scaridae,Chlorurus microrhinos,Chlorurus microrhinos,7.5,1,610.3858,POINT (-145.8800048828125 -15.949999809265137)
ep_m1_public_data.fid--6d42ff34_183dac69041_20d4,912342152,French Polynesia,Iles Tuamotu,Tuamotus,Eastern Indo-Pacific,Tuamotos,FP58,Toau Bommie 3,-15.95,-145.88,7/4/2012,4.5,RLS,18,8:00:00,,,1,1,Chordata,Actinopterygii,Perciformes,Scaridae,Chlorurus microrhinos,Chlorurus microrhinos,7.5,1,850.621,POINT (-145.8800048828125 -15.949999809265137)
ep_m1_public_data.fid--6d42ff34_183dac69041_20d5,912342152,French Polynesia,Iles Tuamotu,Tuamotus,Eastern Indo-Pacific,Tuamotos,FP58,Toau Bommie 3,-15.95,-145.88,7/4/2012,4.5,RLS,18,8:00:00,,,1,1,Chordata,Actinopterygii,Perciformes,Scaridae,Chlorurus sordidus,Chlorurus sordidus,7.5,10,754.0866,POINT (-145.8800048828125 -15.949999809265137)
ep_m1_public_data.fid--6d42ff34_183dac69041_20d6,912342152,French Polynesia,Iles Tuamotu,Tuamotus,Eastern Indo-Pacific,Tuamotos,FP58,Toau Bommie 3,-15.95,-145.88,7/4/2012,4.5,RLS,18,8:00:00,,,1,1,Chordata,Actinopterygii,Perciformes,Scaridae,Chlorurus sordidus,Chlorurus sordidus,7.5,6,777.4305,POINT (-145.8800048828125 -15.949999809265137)
ep_m1_public_data.fid--6d42ff34_183dac69041_20d7,912342152,French Polynesia,Iles Tuamotu,Tuamotus,Eastern Indo-Pacific,Tuamotos,FP58,Toau Bommie 3,-15.95,-145.88,7/4/2012,4.5,RLS,18,8:00:00,,,1,1,Chordata,Actinopterygii,Perciformes,Scaridae,Hipposcarus longiceps,Hipposcarus longiceps,7.5,2,76.6773,POINT (-145.8800048828125 -15.949999809265137)
ep_m1_public_data.fid--6d42ff34_183dac69041_20d8,912342152,French Polynesia,Iles Tuamotu,Tuamotus,Eastern Indo-Pacific,Tuamotos,FP58,Toau Bommie 3,-15.95,-145.88,7/4/2012,4.5,RLS,18,8:00:00,,,1,1,Chordata,Actinopterygii,Perciformes,Scaridae,Hipposcarus longiceps,Hipposcarus longiceps,7.5,7,458.6155,POINT (-145.8800048828125 -15.949999809265137)
ep_m1_public_data.fid--6d42ff34_183dac69041_20d9,912342152,French Polynesia,Iles Tuamotu,Tuamotus,Eastern Indo-Pacific,Tuamotos,FP58,Toau Bommie 3,-15.95,-145.88,7/4/2012,4.5,RLS,18,8:00:00,,,1,1,Chordata,Actinopterygii,Perciformes,Scaridae,Scarus ghobban,Scarus ghobban,7.5,2,362.4093,POINT (-145.8800048828125 -15.949999809265137)
ep_m1_public_data.fid--6d42ff34_183dac69041_20da,912342152,French Polynesia,Iles Tuamotu,Tuamotus,Eastern Indo-Pacific,Tuamotos,FP58,Toau Bommie 3,-15.95,-145.88,7/4/2012,4.5,RLS,18,8:00:00,,,1,1,Chordata,Actinopterygii,Perciformes,Scaridae,Scarus niger,Scarus niger,7.5,1,270.4282,POINT (-145.8800048828125 -15.949999809265137)
ep_m1_public_data.fid--6d42ff34_183dac69041_20db,912342152,French Polynesia,Iles Tuamotu,Tuamotus,Eastern Indo-Pacific,Tuamotos,FP58,Toau Bommie 3,-15.95,-145.88,7/4/2012,4.5,RLS,18,8:00:00,,,1,1,Chordata,Actinopterygii,Perciformes,Scaridae,Scarus schlegeli,Scarus schlegeli,7.5,6,231.9316,POINT (-145.8800048828125 -15.949999809265137)
ep_m1_public_data.fid--6d42ff34_183dac69041_20dc,912342152,French Polynesia,Iles Tuamotu,Tuamotus,Eastern Indo-Pacific,Tuamotos,FP58,Toau Bommie 3,-15.95,-145.88,7/4/2012,4.5,RLS,18,8:00:00,,,1,1,Chordata,Actinopterygii,Perciformes,Scaridae,Scarus schlegeli,Scarus schlegeli,7.5,3,371.2888,POINT (-145.8800048828125 -15.949999809265137)
ep_m1_public_data.fid--6d42ff34_183dac69041_20dd,912342152,French Polynesia,Iles Tuamotu,Tuamotus,Eastern Indo-Pacific,Tuamotos,FP58,Toau Bommie 3,-15.95,-145.88,7/4/2012,4.5,RLS,18,8:00:00,,,1,1,Chordata,Actinopterygii,Perciformes,Serranidae,Cephalopholis argus,Cephalopholis argus,7.5,1,207.9898,POINT (-145.8800048828125 -15.949999809265137)
ep_m1_public_data.fid--6d42ff34_183dac69041_20de,912342152,French Polynesia,Iles Tuamotu,Tuamotus,Eastern Indo-Pacific,Tuamotos,FP58,Toau Bommie 3,-15.95,-145.88,7/4/2012,4.5,RLS,18,8:00:00,,,1,1,Chordata,Actinopterygii,Perciformes,Serranidae,Cephalopholis argus,Cephalopholis argus,7.5,1,484.7344,POINT (-145.8800048828125 -15.949999809265137)
ep_m1_public_data.fid--6d42ff34_183dac69041_20df,912342152,French Polynesia,Iles Tuamotu,Tuamotus,Eastern Indo-Pacific,Tuamotos,FP58,Toau Bommie 3,-15.95,-145.88,7/4/2012,4.5,RLS,18,8:00:00,,,1,1,Chordata,Actinopterygii,Perciformes,Serranidae,Epinephelus merra,Epinephelus merra,7.5,3,250.5628,POINT (-145.8800048828125 -15.949999809265137)
ep_m1_public_data.fid--6d42ff34_183dac69041_20e0,912342152,French Polynesia,Iles Tuamotu,Tuamotus,Eastern Indo-Pacific,Tuamotos,FP58,Toau Bommie 3,-15.95,-145.88,7/4/2012,4.5,RLS,18,8:00:00,,,1,1,Chordata,Actinopterygii,Perciformes,Serranidae,Epinephelus merra,Epinephelus merra,7.5,2,359.1408,POINT (-145.8800048828125 -15.949999809265137)
ep_m1_public_data.fid--6d42ff34_183dac69041_20e1,912342152,French Polynesia,Iles Tuamotu,Tuamotus,Eastern Indo-Pacific,Tuamotos,FP58,Toau Bommie 3,-15.95,-145.88,7/4/2012,4.5,RLS,18,8:00:00,,,1,1,Chordata,Actinopterygii,Perciformes,Serranidae,Plectropomus laevis,Plectropomus laevis,7.5,1,476.6152,POINT (-145.8800048828125 -15.949999809265137)
ep_m1_public_data.fid--6d42ff34_183dac69041_20e2,912342152,French Polynesia,Iles Tuamotu,Tuamotus,Eastern Indo-Pacific,Tuamotos,FP58,Toau Bommie 3,-15.95,-145.88,7/4/2012,4.5,RLS,18,8:00:00,,,1,1,Chordata,Actinopterygii,Perciformes,Siganidae,Siganus argenteus,Siganus argenteus,7.5,1,153.6329,POINT (-145.8800048828125 -15.949999809265137)
ep_m1_public_data.fid--6d42ff34_183dac69041_20e3,912342152,French Polynesia,Iles Tuamotu,Tuamotus,Eastern Indo-Pacific,Tuamotos,FP58,Toau Bommie 3,-15.95,-145.88,7/4/2012,4.5,RLS,18,8:00:00,,,1,1,Chordata,Actinopterygii,Syngnathiformes,Aulostomidae,Aulostomus chinensis,Aulostomus chinensis,7.5,2,125.9785,POINT (-145.8800048828125 -15.949999809265137)
ep_m1_public_data.fid--6d42ff34_183dac69041_20e4,912342152,French Polynesia,Iles Tuamotu,Tuamotus,Eastern Indo-Pacific,Tuamotos,FP58,Toau Bommie 3,-15.95,-145.88,7/4/2012,4.5,RLS,18,8:00:00,,,1,1,Chordata,Actinopterygii,Tetraodontiformes,Balistidae,Balistapus undulatus,Balistapus undulatus,7.5,1,239.803,POINT (-145.8800048828125 -15.949999809265137)
ep_m1_public_data.fid--6d42ff34_183dac69041_20e5,912342152,French Polynesia,Iles Tuamotu,Tuamotus,Eastern Indo-Pacific,Tuamotos,FP58,Toau Bommie 3,-15.95,-145.88,7/4/2012,4.5,RLS,18,8:00:00,,,1,1,Chordata,Actinopterygii,Tetraodontiformes,Tetraodontidae,Canthigaster valentini,Canthigaster valentini,7.5,2,14.3151,POINT (-145.8800048828125 -15.949999809265137)
ep_m1_public_data.fid--6d42ff34_183dac69041_20e6,912342152,French Polynesia,Iles Tuamotu,Tuamotus,Eastern Indo-Pacific,Tuamotos,FP58,Toau Bommie 3,-15.95,-145.88,7/4/2012,4.5,RLS,18,8:00:00,,,1,2,Chordata,Actinopterygii,Anguilliformes,Muraenidae,Gymnothorax javanicus,Gymnothorax javanicus,7.5,1,19589.768,POINT (-145.8800048828125 -15.949999809265137)
ep_m1_public_data.fid--6d42ff34_183dac69041_20e7,912342152,French Polynesia,Iles Tuamotu,Tuamotus,Eastern Indo-Pacific,Tuamotos,FP58,Toau Bommie 3,-15.95,-145.88,7/4/2012,4.5,RLS,18,8:00:00,,,1,2,Chordata,Actinopterygii,Beryciformes,Holocentridae,Sargocentron spiniferum,Sargocentron spiniferum,7.5,1,239.709,POINT (-145.8800048828125 -15.949999809265137)
ep_m1_public_data.fid--6d42ff34_183dac69041_20e8,912342152,French Polynesia,Iles Tuamotu,Tuamotus,Eastern Indo-Pacific,Tuamotos,FP58,Toau Bommie 3,-15.95,-145.88,7/4/2012,4.5,RLS,18,8:00:00,,,1,2,Chordata,Actinopterygii,Perciformes,Acanthuridae,Acanthurus nigroris,Acanthurus nigroris,7.5,2,72.7991,POINT (-145.8800048828125 -15.949999809265137)
ep_m1_public_data.fid--6d42ff34_183dac69041_20e9,912342152,French Polynesia,Iles Tuamotu,Tuamotus,Eastern Indo-Pacific,Tuamotos,FP58,Toau Bommie 3,-15.95,-145.88,7/4/2012,4.5,RLS,18,8:00:00,,,1,2,Chordata,Actinopterygii,Perciformes,Acanthuridae,Acanthurus triostegus,Acanthurus triostegus,7.5,1,45.0129,POINT (-145.8800048828125 -15.949999809265137)
ep_m1_public_data.fid--6d42ff34_183dac69041_20ea,912342152,French Polynesia,Iles Tuamotu,Tuamotus,Eastern Indo-Pacific,Tuamotos,FP58,Toau Bommie 3,-15.95,-145.88,7/4/2012,4.5,RLS,18,8:00:00,,,1,2,Chordata,Actinopterygii,Perciformes,Acanthuridae,Ctenochaetus striatus,Ctenochaetus striatus,7.5,7,90.8704,POINT (-145.8800048828125 -15.949999809265137)
ep_m1_public_data.fid--6d42ff34_183dac69041_20eb,912342152,French Polynesia,Iles Tuamotu,Tuamotus,Eastern Indo-Pacific,Tuamotos,FP58,Toau Bommie 3,-15.95,-145.88,7/4/2012,4.5,RLS,18,8:00:00,,,1,2,Chordata,Actinopterygii,Perciformes,Acanthuridae,Ctenochaetus striatus,Ctenochaetus striatus,7.5,30,940.0115,POINT (-145.8800048828125 -15.949999809265137)
ep_m1_public_data.fid--6d42ff34_183dac69041_20ec,912342152,French Polynesia,Iles Tuamotu,Tuamotus,Eastern Indo-Pacific,Tuamotos,FP58,Toau Bommie 3,-15.95,-145.88,7/4/2012,4.5,RLS,18,8:00:00,,,1,2,Chordata,Actinopterygii,Perciformes,Acanthuridae,Naso unicornis,Naso unicornis,7.5,1,242.0131,POINT (-145.8800048828125 -15.949999809265137)
ep_m1_public_data.fid--6d42ff34_183dac69041_20ed,912342152,French Polynesia,Iles Tuamotu,Tuamotus,Eastern Indo-Pacific,Tuamotos,FP58,Toau Bommie 3,-15.95,-145.88,7/4/2012,4.5,RLS,18,8:00:00,,,1,2,Chordata,Actinopterygii,Perciformes,Acanthuridae,Naso unicornis,Naso unicornis,7.5,1,354.7898,POINT (-145.8800048828125 -15.949999809265137)
ep_m1_public_data.fid--6d42ff34_183dac69041_20ee,912342152,French Polynesia,Iles Tuamotu,Tuamotus,Eastern Indo-Pacific,Tuamotos,FP58,Toau Bommie 3,-15.95,-145.88,7/4/2012,4.5,RLS,18,8:00:00,,,1,2,Chordata,Actinopterygii,Perciformes,Acanthuridae,Zebrasoma velifer,Zebrasoma velifer,7.5,2,569.0706,POINT (-145.8800048828125 -15.949999809265137)
ep_m1_public_data.fid--6d42ff34_183dac69041_20ef,912342152,French Polynesia,Iles Tuamotu,Tuamotus,Eastern Indo-Pacific,Tuamotos,FP58,Toau Bommie 3,-15.95,-145.88,7/4/2012,4.5,RLS,18,8:00:00,,,1,2,Chordata,Actinopterygii,Perciformes,Chaetodontidae,Chaetodon lunulatus,Chaetodon lunulatus,7.5,2,105.617,POINT (-145.8800048828125 -15.949999809265137)
ep_m1_public_data.fid--6d42ff34_183dac69041_20f0,912342152,French Polynesia,Iles Tuamotu,Tuamotus,Eastern Indo-Pacific,Tuamotos,FP58,Toau Bommie 3,-15.95,-145.88,7/4/2012,4.5,RLS,18,8:00:00,,,1,2,Chordata,Actinopterygii,Perciformes,Chaetodontidae,Chaetodon pelewensis,Chaetodon pelewensis,7.5,1,21.1858,POINT (-145.8800048828125 -15.949999809265137)
ep_m1_public_data.fid--6d42ff34_183dac69041_20f1,912342152,French Polynesia,Iles Tuamotu,Tuamotus,Eastern Indo-Pacific,Tuamotos,FP58,Toau Bommie 3,-15.95,-145.88,7/4/2012,4.5,RLS,18,8:00:00,,,1,2,Chordata,Actinopterygii,Perciformes,Labridae,Cheilinus chlorourus,Cheilinus chlorourus,7.5,1,110.4432,POINT (-145.8800048828125 -15.949999809265137)
ep_m1_public_data.fid--6d42ff34_183dac69041_20f2,912342152,French Polynesia,Iles Tuamotu,Tuamotus,Eastern Indo-Pacific,Tuamotos,FP58,Toau Bommie 3,-15.95,-145.88,7/4/2012,4.5,RLS,18,8:00:00,,,1,2,Chordata,Actinopterygii,Perciformes,Labridae,Labroides dimidiatus,Labroides dimidiatus,7.5,1,1.9278,POINT (-145.8800048828125 -15.949999809265137)
ep_m1_public_data.fid--6d42ff34_183dac69041_20f3,912342152,French Polynesia,Iles Tuamotu,Tuamotus,Eastern Indo-Pacific,Tuamotos,FP58,Toau Bommie 3,-15.95,-145.88,7/4/2012,4.5,RLS,18,8:00:00,,,1,2,Chordata,Actinopterygii,Perciformes,Labridae,Thalassoma amblycephalum,Thalassoma amblycephalum,7.5,1,0.3753,POINT (-145.8800048828125 -15.949999809265137)
ep_m1_public_data.fid--6d42ff34_183dac69041_20f4,912342152,French Polynesia,Iles Tuamotu,Tuamotus,Eastern Indo-Pacific,Tuamotos,FP58,Toau Bommie 3,-15.95,-145.88,7/4/2012,4.5,RLS,18,8:00:00,,,1,2,Chordata,Actinopterygii,Perciformes,Labridae,Thalassoma hardwicke,Thalassoma hardwicke,7.5,3,23.239,POINT (-145.8800048828125 -15.949999809265137)
ep_m1_public_data.fid--6d42ff34_183dac69041_20f5,912342152,French Polynesia,Iles Tuamotu,Tuamotus,Eastern Indo-Pacific,Tuamotos,FP58,Toau Bommie 3,-15.95,-145.88,7/4/2012,4.5,RLS,18,8:00:00,,,1,2,Chordata,Actinopterygii,Perciformes,Labridae,Thalassoma hardwicke,Thalassoma hardwicke,7.5,2,70.9238,POINT (-145.8800048828125 -15.949999809265137)
ep_m1_public_data.fid--6d42ff34_183dac69041_20f6,912342152,French Polynesia,Iles Tuamotu,Tuamotus,Eastern Indo-Pacific,Tuamotos,FP58,Toau Bommie 3,-15.95,-145.88,7/4/2012,4.5,RLS,18,8:00:00,,,1,2,Chordata,Actinopterygii,Perciformes,Lutjanidae,Aprion virescens,Aprion virescens,7.5,3,3163.2722,POINT (-145.8800048828125 -15.949999809265137)
ep_m1_public_data.fid--6d42ff34_183dac69041_20f7,912342152,French Polynesia,Iles Tuamotu,Tuamotus,Eastern Indo-Pacific,Tuamotos,FP58,Toau Bommie 3,-15.95,-145.88,7/4/2012,4.5,RLS,18,8:00:00,,,1,2,Chordata,Actinopterygii,Perciformes,Lutjanidae,Lutjanus monostigma,Lutjanus monostigma,7.5,1,409.9223,POINT (-145.8800048828125 -15.949999809265137)
ep_m1_public_data.fid--6d42ff34_183dac69041_20f8,912342152,French Polynesia,Iles Tuamotu,Tuamotus,Eastern Indo-Pacific,Tuamotos,FP58,Toau Bommie 3,-15.95,-145.88,7/4/2012,4.5,RLS,18,8:00:00,,,1,2,Chordata,Actinopterygii,Perciformes,Mullidae,Parupeneus multifasciatus,Parupeneus multifasciatus,7.5,1,53.3441,POINT (-145.8800048828125 -15.949999809265137)
ep_m1_public_data.fid--6d42ff34_183dac69041_20f9,912342152,French Polynesia,Iles Tuamotu,Tuamotus,Eastern Indo-Pacific,Tuamotos,FP58,Toau Bommie 3,-15.95,-145.88,7/4/2012,4.5,RLS,18,8:00:00,,,1,2,Chordata,Actinopterygii,Perciformes,Mullidae,Parupeneus multifasciatus,Parupeneus multifasciatus,7.5,1,122.1762,POINT (-145.8800048828125 -15.949999809265137)
ep_m1_public_data.fid--6d42ff34_183dac69041_20fa,912342152,French Polynesia,Iles Tuamotu,Tuamotus,Eastern Indo-Pacific,Tuamotos,FP58,Toau Bommie 3,-15.95,-145.88,7/4/2012,4.5,RLS,18,8:00:00,,,1,2,Chordata,Actinopterygii,Perciformes,Scaridae,Chlorurus sordidus,Chlorurus sordidus,7.5,7,527.8606,POINT (-145.8800048828125 -15.949999809265137)
ep_m1_public_data.fid--6d42ff34_183dac69041_20fb,912342152,French Polynesia,Iles Tuamotu,Tuamotus,Eastern Indo-Pacific,Tuamotos,FP58,Toau Bommie 3,-15.95,-145.88,7/4/2012,4.5,RLS,18,8:00:00,,,1,2,Chordata,Actinopterygii,Perciformes,Scaridae,Chlorurus sordidus,Chlorurus sordidus,7.5,3,836.387,POINT (-145.8800048828125 -15.949999809265137)
ep_m1_public_data.fid--6d42ff34_183dac69041_20fc,912342152,French Polynesia,Iles Tuamotu,Tuamotus,Eastern Indo-Pacific,Tuamotos,FP58,Toau Bommie 3,-15.95,-145.88,7/4/2012,4.5,RLS,18,8:00:00,,,1,2,Chordata,Actinopterygii,Perciformes,Scaridae,Hipposcarus longiceps,Hipposcarus longiceps,7.5,1,65.5165,POINT (-145.8800048828125 -15.949999809265137)
ep_m1_public_data.fid--6d42ff34_183dac69041_20fd,912342152,French Polynesia,Iles Tuamotu,Tuamotus,Eastern Indo-Pacific,Tuamotos,FP58,Toau Bommie 3,-15.95,-145.88,7/4/2012,4.5,RLS,18,8:00:00,,,1,2,Chordata,Actinopterygii,Perciformes,Scaridae,Hipposcarus longiceps,Hipposcarus longiceps,7.5,2,279.7653,POINT (-145.8800048828125 -15.949999809265137)
ep_m1_public_data.fid--6d42ff34_183dac69041_20fe,912342152,French Polynesia,Iles Tuamotu,Tuamotus,Eastern Indo-Pacific,Tuamotos,FP58,Toau Bommie 3,-15.95,-145.88,7/4/2012,4.5,RLS,18,8:00:00,,,1,2,Chordata,Actinopterygii,Perciformes,Scaridae,Scarus altipinnis,Scarus altipinnis,7.5,2,717.2357,POINT (-145.8800048828125 -15.949999809265137)
ep_m1_public_data.fid--6d42ff34_183dac69041_20ff,912342152,French Polynesia,Iles Tuamotu,Tuamotus,Eastern Indo-Pacific,Tuamotos,FP58,Toau Bommie 3,-15.95,-145.88,7/4/2012,4.5,RLS,18,8:00:00,,,1,2,Chordata,Actinopterygii,Perciformes,Scaridae,Scarus ghobban,Scarus ghobban,7.5,5,237.4125,POINT (-145.8800048828125 -15.949999809265137)
ep_m1_public_data.fid--6d42ff34_183dac69041_2100,912342152,French Polynesia,Iles Tuamotu,Tuamotus,Eastern Indo-Pacific,Tuamotos,FP58,Toau Bommie 3,-15.95,-145.88,7/4/2012,4.5,RLS,18,8:00:00,,,1,2,Chordata,Actinopterygii,Perciformes,Scaridae,Scarus schlegeli,Scarus schlegeli,7.5,6,231.9316,POINT (-145.8800048828125 -15.949999809265137)
ep_m1_public_data.fid--6d42ff34_183dac69041_2101,912342152,French Polynesia,Iles Tuamotu,Tuamotus,Eastern Indo-Pacific,Tuamotos,FP58,Toau Bommie 3,-15.95,-145.88,7/4/2012,4.5,RLS,18,8:00:00,,,1,2,Chordata,Actinopterygii,Perciformes,Serranidae,Epinephelus merra,Epinephelus merra,7.5,1,48.6344,POINT (-145.8800048828125 -15.949999809265137)
ep_m1_public_data.fid--6d42ff34_183dac69041_2102,912342152,French Polynesia,Iles Tuamotu,Tuamotus,Eastern Indo-Pacific,Tuamotos,FP58,Toau Bommie 3,-15.95,-145.88,7/4/2012,4.5,RLS,18,8:00:00,,,1,2,Chordata,Actinopterygii,Perciformes,Serranidae,Epinephelus polyphekadion,Epinephelus polyphekadion,7.5,1,275.7737,POINT (-145.8800048828125 -15.949999809265137)
ep_m1_public_data.fid--6d42ff34_183dac69041_2103,912342152,French Polynesia,Iles Tuamotu,Tuamotus,Eastern Indo-Pacific,Tuamotos,FP58,Toau Bommie 3,-15.95,-145.88,7/4/2012,4.5,RLS,18,8:00:00,,,1,2,Chordata,Actinopterygii,Perciformes,Zanclidae,Zanclus cornutus,Zanclus cornutus,7.5,2,499.5922,POINT (-145.8800048828125 -15.949999809265137)
ep_m1_public_data.fid--6d42ff34_183dac69041_2104,912342152,French Polynesia,Iles Tuamotu,Tuamotus,Eastern Indo-Pacific,Tuamotos,FP58,Toau Bommie 3,-15.95,-145.88,7/4/2012,4.5,RLS,18,8:00:00,,,1,2,Chordata,Actinopterygii,Syngnathiformes,Aulostomidae,Aulostomus chinensis,Aulostomus chinensis,7.5,1,62.9893,POINT (-145.8800048828125 -15.949999809265137)
ep_m1_public_data.fid--6d42ff34_183dac69041_2105,912342152,French Polynesia,Iles Tuamotu,Tuamotus,Eastern Indo-Pacific,Tuamotos,FP58,Toau Bommie 3,-15.95,-145.88,7/4/2012,4.5,RLS,18,8:00:00,,,1,1,Chordata,Actinopterygii,Anguilliformes,Muraenidae,Gymnothorax javanicus,Gymnothorax javanicus,7.5,1,4820.1543,POINT (-145.8800048828125 -15.949999809265137)
ep_m1_public_data.fid--6d42ff34_183dac69041_2106,912342152,French Polynesia,Iles Tuamotu,Tuamotus,Eastern Indo-Pacific,Tuamotos,FP58,Toau Bommie 3,-15.95,-145.88,7/4/2012,4.5,RLS,18,8:00:00,,,1,1,Chordata,Actinopterygii,Beryciformes,Holocentridae,Myripristis adusta,Myripristis adusta,7.5,1,303.4169,POINT (-145.8800048828125 -15.949999809265137)
ep_m1_public_data.fid--6d42ff34_183dac69041_2107,912342152,French Polynesia,Iles Tuamotu,Tuamotus,Eastern Indo-Pacific,Tuamotos,FP58,Toau Bommie 3,-15.95,-145.88,7/4/2012,4.5,RLS,18,8:00:00,,,1,1,Chordata,Actinopterygii,Perciformes,Acanthuridae,Ctenochaetus striatus,Ctenochaetus striatus,7.5,5,64.9075,POINT (-145.8800048828125 -15.949999809265137)
ep_m1_public_data.fid--6d42ff34_183dac69041_2108,912342152,French Polynesia,Iles Tuamotu,Tuamotus,Eastern Indo-Pacific,Tuamotos,FP58,Toau Bommie 3,-15.95,-145.88,7/4/2012,4.5,RLS,18,8:00:00,,,1,1,Chordata,Actinopterygii,Perciformes,Acanthuridae,Naso brevirostris,Naso brevirostris,7.5,15,6869.3584,POINT (-145.8800048828125 -15.949999809265137)
ep_m1_public_data.fid--6d42ff34_183dac69041_2109,912342152,French Polynesia,Iles Tuamotu,Tuamotus,Eastern Indo-Pacific,Tuamotos,FP58,Toau Bommie 3,-15.95,-145.88,7/4/2012,4.5,RLS,18,8:00:00,,,1,1,Chordata,Actinopterygii,Perciformes,Chaetodontidae,Chaetodon auriga,Chaetodon auriga,7.5,2,287.4599,POINT (-145.8800048828125 -15.949999809265137)
ep_m1_public_data.fid--6d42ff34_183dac69041_210a,912342152,French Polynesia,Iles Tuamotu,Tuamotus,Eastern Indo-Pacific,Tuamotos,FP58,Toau Bommie 3,-15.95,-145.88,7/4/2012,4.5,RLS,18,8:00:00,,,1,1,Chordata,Actinopterygii,Perciformes,Labridae,Cheilinus chlorourus,Cheilinus chlorourus,7.5,1,65.6979,POINT (-145.8800048828125 -15.949999809265137)
ep_m1_public_data.fid--6d42ff34_183dac69041_210b,912342152,French Polynesia,Iles Tuamotu,Tuamotus,Eastern Indo-Pacific,Tuamotos,FP58,Toau Bommie 3,-15.95,-145.88,7/4/2012,4.5,RLS,18,8:00:00,,,1,1,Chordata,Actinopterygii,Perciformes,Labridae,Cheilinus chlorourus,Cheilinus chlorourus,7.5,2,220.8864,POINT (-145.8800048828125 -15.949999809265137)
ep_m1_public_data.fid--6d42ff34_183dac69041_210c,912342152,French Polynesia,Iles Tuamotu,Tuamotus,Eastern Indo-Pacific,Tuamotos,FP58,Toau Bommie 3,-15.95,-145.88,7/4/2012,4.5,RLS,18,8:00:00,,,1,1,Chordata,Actinopterygii,Perciformes,Labridae,Epibulus insidiator,Epibulus insidiator,7.5,2,206.6205,POINT (-145.8800048828125 -15.949999809265137)
ep_m1_public_data.fid--6d42ff34_183dac69041_210d,912342152,French Polynesia,Iles Tuamotu,Tuamotus,Eastern Indo-Pacific,Tuamotos,FP58,Toau Bommie 3,-15.95,-145.88,7/4/2012,4.5,RLS,18,8:00:00,,,1,1,Chordata,Actinopterygii,Perciformes,Labridae,Labroides bicolor,Labroides bicolor,7.5,1,18.1003,POINT (-145.8800048828125 -15.949999809265137)
ep_m1_public_data.fid--6d42ff34_183dac69041_210e,912342152,French Polynesia,Iles Tuamotu,Tuamotus,Eastern Indo-Pacific,Tuamotos,FP58,Toau Bommie 3,-15.95,-145.88,7/4/2012,4.5,RLS,18,8:00:00,,,1,1,Chordata,Actinopterygii,Perciformes,Labridae,Labroides dimidiatus,Labroides dimidiatus,7.5,1,1.9278,POINT (-145.8800048828125 -15.949999809265137)
ep_m1_public_data.fid--6d42ff34_183dac69041_210f,912342152,French Polynesia,Iles Tuamotu,Tuamotus,Eastern Indo-Pacific,Tuamotos,FP58,Toau Bommie 3,-15.95,-145.88,7/4/2012,4.5,RLS,18,8:00:00,,,1,1,Chordata,Actinopterygii,Perciformes,Labridae,Thalassoma hardwicke,Thalassoma hardwicke,7.5,3,6.9473,POINT (-145.8800048828125 -15.949999809265137)
ep_m1_public_data.fid--6d42ff34_183dac69041_2110,912342152,French Polynesia,Iles Tuamotu,Tuamotus,Eastern Indo-Pacific,Tuamotos,FP58,Toau Bommie 3,-15.95,-145.88,7/4/2012,4.5,RLS,18,8:00:00,,,1,1,Chordata,Actinopterygii,Perciformes,Labridae,Thalassoma hardwicke,Thalassoma hardwicke,7.5,5,91.2293,POINT (-145.8800048828125 -15.949999809265137)
ep_m1_public_data.fid--6d42ff34_183dac69041_2111,912342152,French Polynesia,Iles Tuamotu,Tuamotus,Eastern Indo-Pacific,Tuamotos,FP58,Toau Bommie 3,-15.95,-145.88,7/4/2012,4.5,RLS,18,8:00:00,,,1,1,Chordata,Actinopterygii,Perciformes,Labridae,Thalassoma hardwicke,Thalassoma hardwicke,7.5,3,106.3858,POINT (-145.8800048828125 -15.949999809265137)
ep_m1_public_data.fid--6d42ff34_183dac69041_2112,912342152,French Polynesia,Iles Tuamotu,Tuamotus,Eastern Indo-Pacific,Tuamotos,FP58,Toau Bommie 3,-15.95,-145.88,7/4/2012,4.5,RLS,18,8:00:00,,,1,1,Chordata,Actinopterygii,Perciformes,Lethrinidae,Monotaxis grandoculis,Monotaxis grandoculis,7.5,2,466.2578,POINT (-145.8800048828125 -15.949999809265137)
ep_m1_public_data.fid--6d42ff34_183dac69041_2113,912342152,French Polynesia,Iles Tuamotu,Tuamotus,Eastern Indo-Pacific,Tuamotos,FP58,Toau Bommie 3,-15.95,-145.88,7/4/2012,4.5,RLS,18,8:00:00,,,1,1,Chordata,Actinopterygii,Perciformes,Lethrinidae,Monotaxis grandoculis,Monotaxis grandoculis,7.5,1,355.8524,POINT (-145.8800048828125 -15.949999809265137)
ep_m1_public_data.fid--6d42ff34_183dac69041_2114,912342152,French Polynesia,Iles Tuamotu,Tuamotus,Eastern Indo-Pacific,Tuamotos,FP58,Toau Bommie 3,-15.95,-145.88,7/4/2012,4.5,RLS,18,8:00:00,,,1,1,Chordata,Actinopterygii,Perciformes,Lutjanidae,Aprion virescens,Aprion virescens,7.5,1,551.432,POINT (-145.8800048828125 -15.949999809265137)
ep_m1_public_data.fid--6d42ff34_183dac69041_2115,912342152,French Polynesia,Iles Tuamotu,Tuamotus,Eastern Indo-Pacific,Tuamotos,FP58,Toau Bommie 3,-15.95,-145.88,7/4/2012,4.5,RLS,18,8:00:00,,,1,1,Chordata,Actinopterygii,Perciformes,Lutjanidae,Aprion virescens,Aprion virescens,7.5,1,1054.4241,POINT (-145.8800048828125 -15.949999809265137)
ep_m1_public_data.fid--6d42ff34_183dac69041_2116,912342152,French Polynesia,Iles Tuamotu,Tuamotus,Eastern Indo-Pacific,Tuamotos,FP58,Toau Bommie 3,-15.95,-145.88,7/4/2012,4.5,RLS,18,8:00:00,,,1,1,Chordata,Actinopterygii,Perciformes,Mullidae,Parupeneus multifasciatus,Parupeneus multifasciatus,7.5,3,89.1162,POINT (-145.8800048828125 -15.949999809265137)
ep_m1_public_data.fid--6d42ff34_183dac69041_2117,912342152,French Polynesia,Iles Tuamotu,Tuamotus,Eastern Indo-Pacific,Tuamotos,FP58,Toau Bommie 3,-15.95,-145.88,7/4/2012,4.5,RLS,18,8:00:00,,,1,1,Chordata,Actinopterygii,Perciformes,Pomacanthidae,Centropyge flavissima,Centropyge flavissima,7.5,1,,POINT (-145.8800048828125 -15.949999809265137)
ep_m1_public_data.fid--6d42ff34_183dac69041_2118,912342152,French Polynesia,Iles Tuamotu,Tuamotus,Eastern Indo-Pacific,Tuamotos,FP58,Toau Bommie 3,-15.95,-145.88,7/4/2012,4.5,RLS,18,8:00:00,,,1,1,Chordata,Actinopterygii,Perciformes,Pomacentridae,Dascyllus aruanus,Dascyllus aruanus,7.5,215,191.7442,POINT (-145.8800048828125 -15.949999809265137)
ep_m1_public_data.fid--6d42ff34_183dac69041_2119,912342152,French Polynesia,Iles Tuamotu,Tuamotus,Eastern Indo-Pacific,Tuamotos,FP58,Toau Bommie 3,-15.95,-145.88,7/4/2012,4.5,RLS,18,8:00:00,,,1,1,Chordata,Actinopterygii,Perciformes,Scaridae,Cetoscarus bicolor,Cetoscarus bicolor,7.5,1,139.8826,POINT (-145.8800048828125 -15.949999809265137)
ep_m1_public_data.fid--6d42ff34_183dac69041_211a,912342152,French Polynesia,Iles Tuamotu,Tuamotus,Eastern Indo-Pacific,Tuamotos,FP58,Toau Bommie 3,-15.95,-145.88,7/4/2012,4.5,RLS,18,8:00:00,,,1,1,Chordata,Actinopterygii,Perciformes,Scaridae,Chlorurus sordidus,Chlorurus sordidus,7.5,4,2.5365,POINT (-145.8800048828125 -15.949999809265137)
ep_m1_public_data.fid--6d42ff34_183dac69041_211b,912342152,French Polynesia,Iles Tuamotu,Tuamotus,Eastern Indo-Pacific,Tuamotos,FP58,Toau Bommie 3,-15.95,-145.88,7/4/2012,4.5,RLS,18,8:00:00,,,1,1,Chordata,Actinopterygii,Perciformes,Scaridae,Chlorurus sordidus,Chlorurus sordidus,7.5,4,155.5089,POINT (-145.8800048828125 -15.949999809265137)
ep_m1_public_data.fid--6d42ff34_183dac69041_211c,912342152,French Polynesia,Iles Tuamotu,Tuamotus,Eastern Indo-Pacific,Tuamotos,FP58,Toau Bommie 3,-15.95,-145.88,7/4/2012,4.5,RLS,18,8:00:00,,,1,1,Chordata,Actinopterygii,Perciformes,Scaridae,Chlorurus sordidus,Chlorurus sordidus,7.5,4,1115.1826,POINT (-145.8800048828125 -15.949999809265137)
ep_m1_public_data.fid--6d42ff34_183dac69041_211d,912342152,French Polynesia,Iles Tuamotu,Tuamotus,Eastern Indo-Pacific,Tuamotos,FP58,Toau Bommie 3,-15.95,-145.88,7/4/2012,4.5,RLS,18,8:00:00,,,1,1,Chordata,Actinopterygii,Perciformes,Scaridae,Hipposcarus longiceps,Hipposcarus longiceps,7.5,3,419.6479,POINT (-145.8800048828125 -15.949999809265137)
ep_m1_public_data.fid--6d42ff34_183dac69041_211e,912342152,French Polynesia,Iles Tuamotu,Tuamotus,Eastern Indo-Pacific,Tuamotos,FP58,Toau Bommie 3,-15.95,-145.88,7/4/2012,4.5,RLS,18,8:00:00,,,1,1,Chordata,Actinopterygii,Perciformes,Scaridae,Scarus niger,Scarus niger,7.5,1,174.2635,POINT (-145.8800048828125 -15.949999809265137)
ep_m1_public_data.fid--6d42ff34_183dac69041_211f,912342152,French Polynesia,Iles Tuamotu,Tuamotus,Eastern Indo-Pacific,Tuamotos,FP58,Toau Bommie 3,-15.95,-145.88,7/4/2012,4.5,RLS,18,8:00:00,,,1,1,Chordata,Actinopterygii,Perciformes,Serranidae,Epinephelus polyphekadion,Epinephelus polyphekadion,7.5,2,551.5474,POINT (-145.8800048828125 -15.949999809265137)
ep_m1_public_data.fid--6d42ff34_183dac69041_2120,912342152,French Polynesia,Iles Tuamotu,Tuamotus,Eastern Indo-Pacific,Tuamotos,FP58,Toau Bommie 3,-15.95,-145.88,7/4/2012,4.5,RLS,18,8:00:00,,,1,1,Chordata,Actinopterygii,Perciformes,Serranidae,Epinephelus polyphekadion,Epinephelus polyphekadion,7.5,1,411.0133,POINT (-145.8800048828125 -15.949999809265137)
ep_m1_public_data.fid--6d42ff34_183dac69041_2121,912342152,French Polynesia,Iles Tuamotu,Tuamotus,Eastern Indo-Pacific,Tuamotos,FP58,Toau Bommie 3,-15.95,-145.88,7/4/2012,4.5,RLS,18,8:00:00,,,1,1,Chordata,Actinopterygii,Perciformes,Serranidae,Plectropomus laevis,Plectropomus laevis,7.5,1,616.2685,POINT (-145.8800048828125 -15.949999809265137)
ep_m1_public_data.fid--6d42ff34_183dac69041_2122,912342152,French Polynesia,Iles Tuamotu,Tuamotus,Eastern Indo-Pacific,Tuamotos,FP58,Toau Bommie 3,-15.95,-145.88,7/4/2012,4.5,RLS,18,8:00:00,,,1,1,Chordata,Actinopterygii,Perciformes,Serranidae,Plectropomus laevis,Plectropomus laevis,7.5,2,2561.0679,POINT (-145.8800048828125 -15.949999809265137)
ep_m1_public_data.fid--6d42ff34_183dac69041_2123,912342152,French Polynesia,Iles Tuamotu,Tuamotus,Eastern Indo-Pacific,Tuamotos,FP58,Toau Bommie 3,-15.95,-145.88,7/4/2012,4.5,RLS,18,8:00:00,,,1,1,Chordata,Actinopterygii,Perciformes,Siganidae,Siganus argenteus,Siganus argenteus,7.5,1,236.6843,POINT (-145.8800048828125 -15.949999809265137)
ep_m1_public_data.fid--6d42ff34_183dac69041_2124,912342152,French Polynesia,Iles Tuamotu,Tuamotus,Eastern Indo-Pacific,Tuamotos,FP58,Toau Bommie 3,-15.95,-145.88,7/4/2012,4.5,RLS,18,8:00:00,,,1,1,Chordata,Actinopterygii,Perciformes,Zanclidae,Zanclus cornutus,Zanclus cornutus,7.5,1,249.7961,POINT (-145.8800048828125 -15.949999809265137)
ep_m1_public_data.fid--6d42ff34_183dac69041_2125,912342152,French Polynesia,Iles Tuamotu,Tuamotus,Eastern Indo-Pacific,Tuamotos,FP58,Toau Bommie 3,-15.95,-145.88,7/4/2012,4.5,RLS,18,8:00:00,,,1,1,Chordata,Actinopterygii,Tetraodontiformes,Balistidae,Balistoides viridescens,Balistoides viridescens,7.5,1,1012.8206,POINT (-145.8800048828125 -15.949999809265137)
ep_m1_public_data.fid--6d42ff34_183dac69041_2126,912342152,French Polynesia,Iles Tuamotu,Tuamotus,Eastern Indo-Pacific,Tuamotos,FP58,Toau Bommie 3,-15.95,-145.88,7/4/2012,4.5,RLS,18,8:00:00,,,1,1,Chordata,Elasmobranchii,Carcharhiniformes,Carcharhinidae,Carcharhinus amblyrhynchos,Carcharhinus amblyrhynchos,7.5,1,29850.234,POINT (-145.8800048828125 -15.949999809265137)
ep_m1_public_data.fid--6d42ff34_183dac69041_2127,912342152,French Polynesia,Iles Tuamotu,Tuamotus,Eastern Indo-Pacific,Tuamotos,FP58,Toau Bommie 3,-15.95,-145.88,7/4/2012,4.5,RLS,18,8:00:00,,,1,2,Chordata,Actinopterygii,Beryciformes,Holocentridae,Myripristis violacea,Myripristis violacea,7.5,9,1298.686,POINT (-145.8800048828125 -15.949999809265137)
ep_m1_public_data.fid--6d42ff34_183dac69041_2128,912342152,French Polynesia,Iles Tuamotu,Tuamotus,Eastern Indo-Pacific,Tuamotos,FP58,Toau Bommie 3,-15.95,-145.88,7/4/2012,4.5,RLS,18,8:00:00,,,1,2,Chordata,Actinopterygii,Beryciformes,Holocentridae,Neoniphon opercularis,Neoniphon opercularis,7.5,1,85.4598,POINT (-145.8800048828125 -15.949999809265137)
ep_m1_public_data.fid--6d42ff34_183dac69041_2129,912342152,French Polynesia,Iles Tuamotu,Tuamotus,Eastern Indo-Pacific,Tuamotos,FP58,Toau Bommie 3,-15.95,-145.88,7/4/2012,4.5,RLS,18,8:00:00,,,1,2,Chordata,Actinopterygii,Perciformes,Acanthuridae,Ctenochaetus striatus,Ctenochaetus striatus,7.5,3,186.1952,POINT (-145.8800048828125 -15.949999809265137)
ep_m1_public_data.fid--6d42ff34_183dac69041_212a,912342152,French Polynesia,Iles Tuamotu,Tuamotus,Eastern Indo-Pacific,Tuamotos,FP58,Toau Bommie 3,-15.95,-145.88,7/4/2012,4.5,RLS,18,8:00:00,,,1,2,Chordata,Actinopterygii,Perciformes,Acanthuridae,Naso lituratus,Naso lituratus,7.5,1,157.7217,POINT (-145.8800048828125 -15.949999809265137)
ep_m1_public_data.fid--6d42ff34_183dac69041_212b,912342152,French Polynesia,Iles Tuamotu,Tuamotus,Eastern Indo-Pacific,Tuamotos,FP58,Toau Bommie 3,-15.95,-145.88,7/4/2012,4.5,RLS,18,8:00:00,,,1,2,Chordata,Actinopterygii,Perciformes,Acanthuridae,Naso vlamingii,Naso vlamingii,7.5,1,239.5284,POINT (-145.8800048828125 -15.949999809265137)
ep_m1_public_data.fid--6d42ff34_183dac69041_212c,912342152,French Polynesia,Iles Tuamotu,Tuamotus,Eastern Indo-Pacific,Tuamotos,FP58,Toau Bommie 3,-15.95,-145.88,7/4/2012,4.5,RLS,18,8:00:00,,,1,2,Chordata,Actinopterygii,Perciformes,Labridae,Epibulus insidiator,Epibulus insidiator,7.5,2,117.8192,POINT (-145.8800048828125 -15.949999809265137)
ep_m1_public_data.fid--6d42ff34_183dac69041_212d,912342152,French Polynesia,Iles Tuamotu,Tuamotus,Eastern Indo-Pacific,Tuamotos,FP58,Toau Bommie 3,-15.95,-145.88,7/4/2012,4.5,RLS,18,8:00:00,,,1,2,Chordata,Actinopterygii,Perciformes,Labridae,Halichoeres hortulanus,Halichoeres hortulanus,7.5,1,83.503,POINT (-145.8800048828125 -15.949999809265137)
ep_m1_public_data.fid--6d42ff34_183dac69041_212e,912342152,French Polynesia,Iles Tuamotu,Tuamotus,Eastern Indo-Pacific,Tuamotos,FP58,Toau Bommie 3,-15.95,-145.88,7/4/2012,4.5,RLS,18,8:00:00,,,1,2,Chordata,Actinopterygii,Perciformes,Labridae,Labroides bicolor,Labroides bicolor,7.5,1,7.1451,POINT (-145.8800048828125 -15.949999809265137)
ep_m1_public_data.fid--6d42ff34_183dac69041_212f,912342152,French Polynesia,Iles Tuamotu,Tuamotus,Eastern Indo-Pacific,Tuamotos,FP58,Toau Bommie 3,-15.95,-145.88,7/4/2012,4.5,RLS,18,8:00:00,,,1,2,Chordata,Actinopterygii,Perciformes,Labridae,Oxycheilinus unifasciatus,Oxycheilinus unifasciatus,7.5,1,3.6504,POINT (-145.8800048828125 -15.949999809265137)
ep_m1_public_data.fid--6d42ff34_183dac69041_2130,912342152,French Polynesia,Iles Tuamotu,Tuamotus,Eastern Indo-Pacific,Tuamotos,FP58,Toau Bommie 3,-15.95,-145.88,7/4/2012,4.5,RLS,18,8:00:00,,,1,2,Chordata,Actinopterygii,Perciformes,Labridae,Thalassoma hardwicke,Thalassoma hardwicke,7.5,4,72.9834,POINT (-145.8800048828125 -15.949999809265137)
ep_m1_public_data.fid--6d42ff34_183dac69041_2131,912342152,French Polynesia,Iles Tuamotu,Tuamotus,Eastern Indo-Pacific,Tuamotos,FP58,Toau Bommie 3,-15.95,-145.88,7/4/2012,4.5,RLS,18,8:00:00,,,1,2,Chordata,Actinopterygii,Perciformes,Labridae,Thalassoma hardwicke,Thalassoma hardwicke,7.5,1,61.0329,POINT (-145.8800048828125 -15.949999809265137)
ep_m1_public_data.fid--6d42ff34_183dac69041_2132,912342152,French Polynesia,Iles Tuamotu,Tuamotus,Eastern Indo-Pacific,Tuamotos,FP58,Toau Bommie 3,-15.95,-145.88,7/4/2012,4.5,RLS,18,8:00:00,,,1,2,Chordata,Actinopterygii,Perciformes,Lutjanidae,Lutjanus bohar,Lutjanus bohar,7.5,1,812.6231,POINT (-145.8800048828125 -15.949999809265137)
ep_m1_public_data.fid--6d42ff34_183dac69041_2133,912342152,French Polynesia,Iles Tuamotu,Tuamotus,Eastern Indo-Pacific,Tuamotos,FP58,Toau Bommie 3,-15.95,-145.88,7/4/2012,4.5,RLS,18,8:00:00,,,1,2,Chordata,Actinopterygii,Perciformes,Mullidae,Parupeneus multifasciatus,Parupeneus multifasciatus,7.5,2,59.4108,POINT (-145.8800048828125 -15.949999809265137)
ep_m1_public_data.fid--6d42ff34_183dac69041_2134,912342152,French Polynesia,Iles Tuamotu,Tuamotus,Eastern Indo-Pacific,Tuamotos,FP58,Toau Bommie 3,-15.95,-145.88,7/4/2012,4.5,RLS,18,8:00:00,,,1,2,Chordata,Actinopterygii,Perciformes,Scaridae,Chlorurus sordidus,Chlorurus sordidus,7.5,3,116.6317,POINT (-145.8800048828125 -15.949999809265137)
ep_m1_public_data.fid--6d42ff34_183dac69041_2135,912342152,French Polynesia,Iles Tuamotu,Tuamotus,Eastern Indo-Pacific,Tuamotos,FP58,Toau Bommie 3,-15.95,-145.88,7/4/2012,4.5,RLS,18,8:00:00,,,1,2,Chordata,Actinopterygii,Perciformes,Scaridae,Chlorurus sordidus,Chlorurus sordidus,7.5,5,647.8588,POINT (-145.8800048828125 -15.949999809265137)
ep_m1_public_data.fid--6d42ff34_183dac69041_2136,912342152,French Polynesia,Iles Tuamotu,Tuamotus,Eastern Indo-Pacific,Tuamotos,FP58,Toau Bommie 3,-15.95,-145.88,7/4/2012,4.5,RLS,18,8:00:00,,,1,2,Chordata,Actinopterygii,Perciformes,Scaridae,Scarus niger,Scarus niger,7.5,2,348.5269,POINT (-145.8800048828125 -15.949999809265137)
ep_m1_public_data.fid--6d42ff34_183dac69041_2137,912342152,French Polynesia,Iles Tuamotu,Tuamotus,Eastern Indo-Pacific,Tuamotos,FP58,Toau Bommie 3,-15.95,-145.88,7/4/2012,4.5,RLS,18,8:00:00,,,1,2,Chordata,Actinopterygii,Perciformes,Scaridae,Scarus schlegeli,Scarus schlegeli,7.5,2,247.5258,POINT (-145.8800048828125 -15.949999809265137)
ep_m1_public_data.fid--6d42ff34_183dac69041_2138,912342152,French Polynesia,Iles Tuamotu,Tuamotus,Eastern Indo-Pacific,Tuamotos,FP58,Toau Bommie 3,-15.95,-145.88,7/4/2012,4.5,RLS,18,8:00:00,,,1,2,Chordata,Actinopterygii,Perciformes,Serranidae,Cephalopholis argus,Cephalopholis argus,7.5,1,324.6233,POINT (-145.8800048828125 -15.949999809265137)
ep_m1_public_data.fid--6d42ff34_183dac69041_2139,912342152,French Polynesia,Iles Tuamotu,Tuamotus,Eastern Indo-Pacific,Tuamotos,FP58,Toau Bommie 3,-15.95,-145.88,7/4/2012,4.5,RLS,18,8:00:00,,,1,2,Chordata,Actinopterygii,Perciformes,Serranidae,Epinephelus merra,Epinephelus merra,7.5,2,167.0419,POINT (-145.8800048828125 -15.949999809265137)
ep_m1_public_data.fid--6d42ff34_183dac69041_213a,912342152,French Polynesia,Iles Tuamotu,Tuamotus,Eastern Indo-Pacific,Tuamotos,FP58,Toau Bommie 3,-15.95,-145.88,7/4/2012,4.5,RLS,18,8:00:00,,,1,2,Chordata,Actinopterygii,Perciformes,Serranidae,Epinephelus merra,Epinephelus merra,7.5,1,179.5704,POINT (-145.8800048828125 -15.949999809265137)
ep_m1_public_data.fid--6d42ff34_183dac69041_213b,912342152,French Polynesia,Iles Tuamotu,Tuamotus,Eastern Indo-Pacific,Tuamotos,FP58,Toau Bommie 3,-15.95,-145.88,7/4/2012,4.5,RLS,18,8:00:00,,,1,2,Chordata,Actinopterygii,Perciformes,Serranidae,Plectropomus laevis,Plectropomus laevis,7.5,1,1280.5339,POINT (-145.8800048828125 -15.949999809265137)
ep_m1_public_data.fid--6d42ff34_183dac69041_213c,912342152,French Polynesia,Iles Tuamotu,Tuamotus,Eastern Indo-Pacific,Tuamotos,FP58,Toau Bommie 3,-15.95,-145.88,7/4/2012,4.5,RLS,18,8:00:00,,,1,2,Chordata,Actinopterygii,Perciformes,Siganidae,Siganus argenteus,Siganus argenteus,7.5,2,473.3686,POINT (-145.8800048828125 -15.949999809265137)
ep_m1_public_data.fid--6d42ff34_183dac69041_213d,912342152,French Polynesia,Iles Tuamotu,Tuamotus,Eastern Indo-Pacific,Tuamotos,FP58,Toau Bommie 3,-15.95,-145.88,7/4/2012,4.5,RLS,18,8:00:00,,,1,2,Chordata,Actinopterygii,Tetraodontiformes,Tetraodontidae,Canthigaster valentini,Canthigaster valentini,7.5,2,14.3151,POINT (-145.8800048828125 -15.949999809265137)
ep_m1_public_data.fid--6d42ff34_183dac69041_213e,912342152,French Polynesia,Iles Tuamotu,Tuamotus,Eastern Indo-Pacific,Tuamotos,FP58,Toau Bommie 3,-15.95,-145.88,7/4/2012,4.5,RLS,18,8:00:00,,,1,2,Chordata,Actinopterygii,Tetraodontiformes,Tetraodontidae,Canthigaster valentini,Canthigaster valentini,7.5,2,47.2098,POINT (-145.8800048828125 -15.949999809265137)
,,,,,,,,,,,,,,,,,,,,,,,,,,7.5,600,104800.8608,
