ep_m1_public_data.fid-7cdaa17e_183dabd0b4f_-76fc,912342375,French Polynesia,Iles Tuamotu,Tuamotus,Eastern Indo-Pacific,Tuamotos,FP39,Makemo Outside NW Pass,-16.44,-143.96,6/8/2012,5,RLS,35,13:00:00,,,1,1,Chordata,Actinopterygii,Perciformes,Acanthuridae,Zebrasoma rostratum,Zebrasoma rostratum,10,2,53.096,POINT (-143.9600067138672 -16.440000534057617)
ep_m1_public_data.fid-7cdaa17e_183dabd0b4f_-76fb,912342375,French Polynesia,Iles Tuamotu,Tuamotus,Eastern Indo-Pacific,Tuamotos,FP39,Makemo Outside NW Pass,-16.44,-143.96,6/8/2012,5,RLS,35,13:00:00,,,1,1,Chordata,Actinopterygii,Perciformes,Chaetodontidae,Chaetodon pelewensis,Chaetodon pelewensis,7.5,2,42.3716,POINT (-143.9600067138672 -16.440000534057617)
ep_m1_public_data.fid-7cdaa17e_183dabd0b4f_-76fa,912342375,French Polynesia,Iles Tuamotu,Tuamotus,Eastern Indo-Pacific,Tuamotos,FP39,Makemo Outside NW Pass,-16.44,-143.96,6/8/2012,5,RLS,35,13:00:00,,,1,1,Chordata,Actinopterygii,Perciformes,Chaetodontidae,Chaetodon unimaculatus,Chaetodon unimaculatus,12.5,4,457.7768,POINT (-143.9600067138672 -16.440000534057617)
ep_m1_public_data.fid-7cdaa17e_183dabd0b4f_-76f9,912342375,French Polynesia,Iles Tuamotu,Tuamotus,Eastern Indo-Pacific,Tuamotos,FP39,Makemo Outside NW Pass,-16.44,-143.96,6/8/2012,5,RLS,35,13:00:00,,,1,1,Chordata,Actinopterygii,Perciformes,Labridae,Cheilinus chlorourus,Cheilinus chlorourus,15,4,441.7728,POINT (-143.9600067138672 -16.440000534057617)
ep_m1_public_data.fid-7cdaa17e_183dabd0b4f_-76f8,912342375,French Polynesia,Iles Tuamotu,Tuamotus,Eastern Indo-Pacific,Tuamotos,FP39,Makemo Outside NW Pass,-16.44,-143.96,6/8/2012,5,RLS,35,13:00:00,,,1,2,Chordata,Actinopterygii,Perciformes,Chaetodontidae,Forcipiger flavissimus,Forcipiger flavissimus,7.5,2,16.4136,POINT (-143.9600067138672 -16.440000534057617)
ep_m1_public_data.fid-7cdaa17e_183dabd0b4f_-76f7,912342375,French Polynesia,Iles Tuamotu,Tuamotus,Eastern Indo-Pacific,Tuamotos,FP39,Makemo Outside NW Pass,-16.44,-143.96,6/8/2012,5,RLS,35,13:00:00,,,1,2,Chordata,Actinopterygii,Perciformes,Labridae,Gomphosus varius,Gomphosus varius,12.5,3,83.3638,POINT (-143.9600067138672 -16.440000534057617)
ep_m1_public_data.fid-7cdaa17e_183dabd0b4f_-76f6,912342375,French Polynesia,Iles Tuamotu,Tuamotus,Eastern Indo-Pacific,Tuamotos,FP39,Makemo Outside NW Pass,-16.44,-143.96,6/8/2012,5,RLS,35,13:00:00,,,1,2,Chordata,Actinopterygii,Perciformes,Labridae,Pseudocheilinus octotaenia,Pseudocheilinus octotaenia,5,1,2.5947,POINT (-143.9600067138672 -16.440000534057617)
ep_m1_public_data.fid-7cdaa17e_183dabd0b4f_-76f5,912342375,French Polynesia,Iles Tuamotu,Tuamotus,Eastern Indo-Pacific,Tuamotos,FP39,Makemo Outside NW Pass,-16.44,-143.96,6/8/2012,5,RLS,35,13:00:00,,,1,2,Chordata,Actinopterygii,Perciformes,Labridae,Thalassoma lutescens,Thalassoma lutescens,5,8,15.0227,POINT (-143.9600067138672 -16.440000534057617)
ep_m1_public_data.fid-7cdaa17e_183dabd0b4f_-76f4,912342375,French Polynesia,Iles Tuamotu,Tuamotus,Eastern Indo-Pacific,Tuamotos,FP39,Makemo Outside NW Pass,-16.44,-143.96,6/8/2012,5,RLS,35,13:00:00,,,1,2,Chordata,Actinopterygii,Perciformes,Lethrinidae,Monotaxis heterodon,Monotaxis heterodon,15,3,372.6865,POINT (-143.9600067138672 -16.440000534057617)
ep_m1_public_data.fid-7cdaa17e_183dabd0b4f_-76f3,912342375,French Polynesia,Iles Tuamotu,Tuamotus,Eastern Indo-Pacific,Tuamotos,FP39,Makemo Outside NW Pass,-16.44,-143.96,6/8/2012,5,RLS,35,13:00:00,,,1,2,Chordata,Actinopterygii,Perciformes,Pomacanthidae,Centropyge flavissima,Centropyge flavissima,5,3,,POINT (-143.9600067138672 -16.440000534057617)
ep_m1_public_data.fid-7cdaa17e_183dabd0b4f_-76f2,912342375,French Polynesia,Iles Tuamotu,Tuamotus,Eastern Indo-Pacific,Tuamotos,FP39,Makemo Outside NW Pass,-16.44,-143.96,6/8/2012,5,RLS,35,13:00:00,,,1,2,Chordata,Actinopterygii,Perciformes,Pomacentridae,Plectroglyphidodon dickii,Plectroglyphidodon dickii,5,4,27.4941,POINT (-143.9600067138672 -16.440000534057617)
ep_m1_public_data.fid-7cdaa17e_183dabd0b4f_-76f1,912342375,French Polynesia,Iles Tuamotu,Tuamotus,Eastern Indo-Pacific,Tuamotos,FP39,Makemo Outside NW Pass,-16.44,-143.96,6/8/2012,5,RLS,35,13:00:00,,,1,2,Chordata,Actinopterygii,Perciformes,Pomacentridae,Plectroglyphidodon johnstonianus,Plectroglyphidodon johnstonianus,7.5,4,80.0277,POINT (-143.9600067138672 -16.440000534057617)
ep_m1_public_data.fid-7cdaa17e_183dabd0b4f_-76f0,912342375,French Polynesia,Iles Tuamotu,Tuamotus,Eastern Indo-Pacific,Tuamotos,FP39,Makemo Outside NW Pass,-16.44,-143.96,6/8/2012,5,RLS,35,13:00:00,,,1,2,Chordata,Actinopterygii,Perciformes,Pomacentridae,Plectroglyphidodon johnstonianus,Plectroglyphidodon johnstonianus,10,1,42.6967,POINT (-143.9600067138672 -16.440000534057617)
ep_m1_public_data.fid-7cdaa17e_183dabd0b4f_-76ef,912342375,French Polynesia,Iles Tuamotu,Tuamotus,Eastern Indo-Pacific,Tuamotos,FP39,Makemo Outside NW Pass,-16.44,-143.96,6/8/2012,5,RLS,35,13:00:00,,,1,2,Chordata,Actinopterygii,Perciformes,Scaridae,Chlorurus sordidus,Chlorurus sordidus,12.5,2,150.8173,POINT (-143.9600067138672 -16.440000534057617)
ep_m1_public_data.fid-7cdaa17e_183dabd0b4f_-76ee,912342375,French Polynesia,Iles Tuamotu,Tuamotus,Eastern Indo-Pacific,Tuamotos,FP39,Makemo Outside NW Pass,-16.44,-143.96,6/8/2012,5,RLS,35,13:00:00,,,1,2,Chordata,Actinopterygii,Perciformes,Serranidae,Pseudanthias pascalus,Pseudanthias pascalus,5,2,6.9501,POINT (-143.9600067138672 -16.440000534057617)
ep_m1_public_data.fid-7cdaa17e_183dabd0b4f_-76ed,912342375,French Polynesia,Iles Tuamotu,Tuamotus,Eastern Indo-Pacific,Tuamotos,FP39,Makemo Outside NW Pass,-16.44,-143.96,6/8/2012,5,RLS,35,13:00:00,,,1,2,Chordata,Actinopterygii,Perciformes,Zanclidae,Zanclus cornutus,Zanclus cornutus,15,2,499.5922,POINT (-143.9600067138672 -16.440000534057617)
ep_m1_public_data.fid-7cdaa17e_183dabd0b4f_-76ec,912342375,French Polynesia,Iles Tuamotu,Tuamotus,Eastern Indo-Pacific,Tuamotos,FP39,Makemo Outside NW Pass,-16.44,-143.96,6/8/2012,5,RLS,35,13:00:00,,,1,2,Chordata,Actinopterygii,Tetraodontiformes,Balistidae,Melichthys niger,Melichthys niger,15,4,456.746,POINT (-143.9600067138672 -16.440000534057617)
ep_m1_public_data.fid-7cdaa17e_183dabd0b4f_-76ba,912342375,French Polynesia,Iles Tuamotu,Tuamotus,Eastern Indo-Pacific,Tuamotos,FP39,Makemo Outside NW Pass,-16.44,-143.96,6/8/2012,5,RLS,35,13:00:00,,,1,1,Chordata,Actinopterygii,Beryciformes,Holocentridae,Myripristis berndti,Myripristis berndti,20,3,850.8051,POINT (-143.9600067138672 -16.440000534057617)
ep_m1_public_data.fid-7cdaa17e_183dabd0b4f_-76b9,912342375,French Polynesia,Iles Tuamotu,Tuamotus,Eastern Indo-Pacific,Tuamotos,FP39,Makemo Outside NW Pass,-16.44,-143.96,6/8/2012,5,RLS,35,13:00:00,,,1,1,Chordata,Actinopterygii,Beryciformes,Holocentridae,Myripristis violacea,Myripristis violacea,12.5,1,84.4246,POINT (-143.9600067138672 -16.440000534057617)
ep_m1_public_data.fid-7cdaa17e_183dabd0b4f_-76b8,912342375,French Polynesia,Iles Tuamotu,Tuamotus,Eastern Indo-Pacific,Tuamotos,FP39,Makemo Outside NW Pass,-16.44,-143.96,6/8/2012,5,RLS,35,13:00:00,,,1,1,Chordata,Actinopterygii,Perciformes,Acanthuridae,Ctenochaetus flavicauda,Ctenochaetus flavicauda,12.5,3,186.8371,POINT (-143.9600067138672 -16.440000534057617)
ep_m1_public_data.fid-7cdaa17e_183dabd0b4f_-76b7,912342375,French Polynesia,Iles Tuamotu,Tuamotus,Eastern Indo-Pacific,Tuamotos,FP39,Makemo Outside NW Pass,-16.44,-143.96,6/8/2012,5,RLS,35,13:00:00,,,1,1,Chordata,Actinopterygii,Perciformes,Acanthuridae,Naso caesius,Naso caesius,62.5,1,2815.5925,POINT (-143.9600067138672 -16.440000534057617)
ep_m1_public_data.fid-7cdaa17e_183dabd0b4f_-76b6,912342375,French Polynesia,Iles Tuamotu,Tuamotus,Eastern Indo-Pacific,Tuamotos,FP39,Makemo Outside NW Pass,-16.44,-143.96,6/8/2012,5,RLS,35,13:00:00,,,1,1,Chordata,Actinopterygii,Perciformes,Chaetodontidae,Chaetodon quadrimaculatus,Chaetodon quadrimaculatus,7.5,2,44.7627,POINT (-143.9600067138672 -16.440000534057617)
ep_m1_public_data.fid-7cdaa17e_183dabd0b4f_-76b5,912342375,French Polynesia,Iles Tuamotu,Tuamotus,Eastern Indo-Pacific,Tuamotos,FP39,Makemo Outside NW Pass,-16.44,-143.96,6/8/2012,5,RLS,35,13:00:00,,,1,1,Chordata,Actinopterygii,Perciformes,Chaetodontidae,Chaetodon trifascialis,Chaetodon trifascialis,7.5,2,40.0938,POINT (-143.9600067138672 -16.440000534057617)
ep_m1_public_data.fid-7cdaa17e_183dabd0b4f_-76b4,912342375,French Polynesia,Iles Tuamotu,Tuamotus,Eastern Indo-Pacific,Tuamotos,FP39,Makemo Outside NW Pass,-16.44,-143.96,6/8/2012,5,RLS,35,13:00:00,,,1,1,Chordata,Actinopterygii,Perciformes,Chaetodontidae,Chaetodon unimaculatus,Chaetodon unimaculatus,10,3,182.4605,POINT (-143.9600067138672 -16.440000534057617)
ep_m1_public_data.fid-7cdaa17e_183dabd0b4f_-76b3,912342375,French Polynesia,Iles Tuamotu,Tuamotus,Eastern Indo-Pacific,Tuamotos,FP39,Makemo Outside NW Pass,-16.44,-143.96,6/8/2012,5,RLS,35,13:00:00,,,1,1,Chordata,Actinopterygii,Perciformes,Chaetodontidae,Forcipiger flavissimus,Forcipiger flavissimus,10,2,38.9062,POINT (-143.9600067138672 -16.440000534057617)
ep_m1_public_data.fid-7cdaa17e_183dabd0b4f_-76b2,912342375,French Polynesia,Iles Tuamotu,Tuamotus,Eastern Indo-Pacific,Tuamotos,FP39,Makemo Outside NW Pass,-16.44,-143.96,6/8/2012,5,RLS,35,13:00:00,,,1,1,Chordata,Actinopterygii,Perciformes,Cirrhitidae,Paracirrhites arcatus,Paracirrhites arcatus,7.5,2,26.0185,POINT (-143.9600067138672 -16.440000534057617)
ep_m1_public_data.fid-7cdaa17e_183dabd0b4f_-76b1,912342375,French Polynesia,Iles Tuamotu,Tuamotus,Eastern Indo-Pacific,Tuamotos,FP39,Makemo Outside NW Pass,-16.44,-143.96,6/8/2012,5,RLS,35,13:00:00,,,1,1,Chordata,Actinopterygii,Perciformes,Labridae,Cheilinus chlorourus,Cheilinus chlorourus,12.5,2,131.3958,POINT (-143.9600067138672 -16.440000534057617)
ep_m1_public_data.fid-7cdaa17e_183dabd0b4f_-76b0,912342375,French Polynesia,Iles Tuamotu,Tuamotus,Eastern Indo-Pacific,Tuamotos,FP39,Makemo Outside NW Pass,-16.44,-143.96,6/8/2012,5,RLS,35,13:00:00,,,1,1,Chordata,Actinopterygii,Perciformes,Labridae,Epibulus insidiator,Epibulus insidiator,20,3,686.4258,POINT (-143.9600067138672 -16.440000534057617)
ep_m1_public_data.fid-7cdaa17e_183dabd0b4f_-76af,912342375,French Polynesia,Iles Tuamotu,Tuamotus,Eastern Indo-Pacific,Tuamotos,FP39,Makemo Outside NW Pass,-16.44,-143.96,6/8/2012,5,RLS,35,13:00:00,,,1,1,Chordata,Actinopterygii,Perciformes,Labridae,Epibulus insidiator,Epibulus insidiator,30,1,519.2569,POINT (-143.9600067138672 -16.440000534057617)
ep_m1_public_data.fid-7cdaa17e_183dabd0b4f_-76ae,912342375,French Polynesia,Iles Tuamotu,Tuamotus,Eastern Indo-Pacific,Tuamotos,FP39,Makemo Outside NW Pass,-16.44,-143.96,6/8/2012,5,RLS,35,13:00:00,,,1,1,Chordata,Actinopterygii,Perciformes,Labridae,Gomphosus varius,Gomphosus varius,5,3,7.004,POINT (-143.9600067138672 -16.440000534057617)
ep_m1_public_data.fid-7cdaa17e_183dabd0b4f_-76ad,912342375,French Polynesia,Iles Tuamotu,Tuamotus,Eastern Indo-Pacific,Tuamotos,FP39,Makemo Outside NW Pass,-16.44,-143.96,6/8/2012,5,RLS,35,13:00:00,,,1,1,Chordata,Actinopterygii,Perciformes,Labridae,Labroides rubrolabiatus,Labroides rubrolabiatus,7.5,7,50.0158,POINT (-143.9600067138672 -16.440000534057617)
ep_m1_public_data.fid-7cdaa17e_183dabd0b4f_-76ac,912342375,French Polynesia,Iles Tuamotu,Tuamotus,Eastern Indo-Pacific,Tuamotos,FP39,Makemo Outside NW Pass,-16.44,-143.96,6/8/2012,5,RLS,35,13:00:00,,,1,1,Chordata,Actinopterygii,Perciformes,Lethrinidae,Monotaxis heterodon,Monotaxis heterodon,20,3,810.6378,POINT (-143.9600067138672 -16.440000534057617)
ep_m1_public_data.fid-7cdaa17e_183dabd0b4f_-76ab,912342375,French Polynesia,Iles Tuamotu,Tuamotus,Eastern Indo-Pacific,Tuamotos,FP39,Makemo Outside NW Pass,-16.44,-143.96,6/8/2012,5,RLS,35,13:00:00,,,1,1,Chordata,Actinopterygii,Perciformes,Lutjanidae,Aphareus furca,Aphareus furca,30,1,234.3329,POINT (-143.9600067138672 -16.440000534057617)
ep_m1_public_data.fid-7cdaa17e_183dabd0b4f_-76aa,912342375,French Polynesia,Iles Tuamotu,Tuamotus,Eastern Indo-Pacific,Tuamotos,FP39,Makemo Outside NW Pass,-16.44,-143.96,6/8/2012,5,RLS,35,13:00:00,,,1,1,Chordata,Actinopterygii,Perciformes,Mullidae,Parupeneus cyclostomus,Parupeneus cyclostomus,25,1,191.4906,POINT (-143.9600067138672 -16.440000534057617)
ep_m1_public_data.fid-7cdaa17e_183dabd0b4f_-76a9,912342375,French Polynesia,Iles Tuamotu,Tuamotus,Eastern Indo-Pacific,Tuamotos,FP39,Makemo Outside NW Pass,-16.44,-143.96,6/8/2012,5,RLS,35,13:00:00,,,1,1,Chordata,Actinopterygii,Perciformes,Pomacanthidae,Centropyge flavissima,Centropyge flavissima,5,5,,POINT (-143.9600067138672 -16.440000534057617)
ep_m1_public_data.fid-7cdaa17e_183dabd0b4f_-76a8,912342375,French Polynesia,Iles Tuamotu,Tuamotus,Eastern Indo-Pacific,Tuamotos,FP39,Makemo Outside NW Pass,-16.44,-143.96,6/8/2012,5,RLS,35,13:00:00,,,1,1,Chordata,Actinopterygii,Perciformes,Pomacanthidae,Centropyge flavissima,Centropyge flavissima,7.5,4,,POINT (-143.9600067138672 -16.440000534057617)
ep_m1_public_data.fid-7cdaa17e_183dabd0b4f_-76a7,912342375,French Polynesia,Iles Tuamotu,Tuamotus,Eastern Indo-Pacific,Tuamotos,FP39,Makemo Outside NW Pass,-16.44,-143.96,6/8/2012,5,RLS,35,13:00:00,,,1,1,Chordata,Actinopterygii,Perciformes,Pomacentridae,Chromis agilis,Chromis agilis,7.5,4,55.3551,POINT (-143.9600067138672 -16.440000534057617)
ep_m1_public_data.fid-7cdaa17e_183dabd0b4f_-76a6,912342375,French Polynesia,Iles Tuamotu,Tuamotus,Eastern Indo-Pacific,Tuamotos,FP39,Makemo Outside NW Pass,-16.44,-143.96,6/8/2012,5,RLS,35,13:00:00,,,1,1,Chordata,Actinopterygii,Perciformes,Pomacentridae,Dascyllus trimaculatus,Dascyllus trimaculatus,2.5,6,4.3763,POINT (-143.9600067138672 -16.440000534057617)
ep_m1_public_data.fid-7cdaa17e_183dabd0b4f_-76a5,912342375,French Polynesia,Iles Tuamotu,Tuamotus,Eastern Indo-Pacific,Tuamotos,FP39,Makemo Outside NW Pass,-16.44,-143.96,6/8/2012,5,RLS,35,13:00:00,,,1,1,Chordata,Actinopterygii,Perciformes,Pomacentridae,Dascyllus trimaculatus,Dascyllus trimaculatus,5,3,18.0349,POINT (-143.9600067138672 -16.440000534057617)
ep_m1_public_data.fid-7cdaa17e_183dabd0b4f_-76a4,912342375,French Polynesia,Iles Tuamotu,Tuamotus,Eastern Indo-Pacific,Tuamotos,FP39,Makemo Outside NW Pass,-16.44,-143.96,6/8/2012,5,RLS,35,13:00:00,,,1,1,Chordata,Actinopterygii,Perciformes,Pomacentridae,Dascyllus trimaculatus,Dascyllus trimaculatus,7.5,3,61.9385,POINT (-143.9600067138672 -16.440000534057617)
ep_m1_public_data.fid-7cdaa17e_183dabd0b4f_-76a3,912342375,French Polynesia,Iles Tuamotu,Tuamotus,Eastern Indo-Pacific,Tuamotos,FP39,Makemo Outside NW Pass,-16.44,-143.96,6/8/2012,5,RLS,35,13:00:00,,,1,1,Chordata,Actinopterygii,Perciformes,Pomacentridae,Plectroglyphidodon dickii,Plectroglyphidodon dickii,5,10,68.7353,POINT (-143.9600067138672 -16.440000534057617)
ep_m1_public_data.fid-7cdaa17e_183dabd0b4f_-76a2,912342375,French Polynesia,Iles Tuamotu,Tuamotus,Eastern Indo-Pacific,Tuamotos,FP39,Makemo Outside NW Pass,-16.44,-143.96,6/8/2012,5,RLS,35,13:00:00,,,1,1,Chordata,Actinopterygii,Perciformes,Pomacentridae,Plectroglyphidodon flaviventris,Plectroglyphidodon flaviventris,7.5,8,160.0554,POINT (-143.9600067138672 -16.440000534057617)
ep_m1_public_data.fid-7cdaa17e_183dabd0b4f_-76a1,912342375,French Polynesia,Iles Tuamotu,Tuamotus,Eastern Indo-Pacific,Tuamotos,FP39,Makemo Outside NW Pass,-16.44,-143.96,6/8/2012,5,RLS,35,13:00:00,,,1,1,Chordata,Actinopterygii,Perciformes,Scaridae,Chlorurus sordidus,Chlorurus sordidus,15,6,777.4305,POINT (-143.9600067138672 -16.440000534057617)
ep_m1_public_data.fid-7cdaa17e_183dabd0b4f_-76a0,912342375,French Polynesia,Iles Tuamotu,Tuamotus,Eastern Indo-Pacific,Tuamotos,FP39,Makemo Outside NW Pass,-16.44,-143.96,6/8/2012,5,RLS,35,13:00:00,,,1,1,Chordata,Actinopterygii,Perciformes,Serranidae,Cephalopholis argus,Cephalopholis argus,30,3,1454.2031,POINT (-143.9600067138672 -16.440000534057617)
ep_m1_public_data.fid-7cdaa17e_183dabd0b4f_-769f,912342375,French Polynesia,Iles Tuamotu,Tuamotus,Eastern Indo-Pacific,Tuamotos,FP39,Makemo Outside NW Pass,-16.44,-143.96,6/8/2012,5,RLS,35,13:00:00,,,1,1,Chordata,Actinopterygii,Perciformes,Serranidae,Pseudanthias pascalus,Pseudanthias pascalus,7.5,35,424.8827,POINT (-143.9600067138672 -16.440000534057617)
ep_m1_public_data.fid-7cdaa17e_183dabd0b4f_-769e,912342375,French Polynesia,Iles Tuamotu,Tuamotus,Eastern Indo-Pacific,Tuamotos,FP39,Makemo Outside NW Pass,-16.44,-143.96,6/8/2012,5,RLS,35,13:00:00,,,1,1,Chordata,Actinopterygii,Perciformes,Zanclidae,Zanclus cornutus,Zanclus cornutus,12.5,3,405.3836,POINT (-143.9600067138672 -16.440000534057617)
ep_m1_public_data.fid-7cdaa17e_183dabd0b4f_-769d,912342375,French Polynesia,Iles Tuamotu,Tuamotus,Eastern Indo-Pacific,Tuamotos,FP39,Makemo Outside NW Pass,-16.44,-143.96,6/8/2012,5,RLS,35,13:00:00,,,1,2,Chordata,Actinopterygii,Perciformes,Acanthuridae,Ctenochaetus cyanocheilus,Ctenochaetus cyanocheilus,5,8,31.1077,POINT (-143.9600067138672 -16.440000534057617)
ep_m1_public_data.fid-7cdaa17e_183dabd0b4f_-769c,912342375,French Polynesia,Iles Tuamotu,Tuamotus,Eastern Indo-Pacific,Tuamotos,FP39,Makemo Outside NW Pass,-16.44,-143.96,6/8/2012,5,RLS,35,13:00:00,,,1,2,Chordata,Actinopterygii,Perciformes,Acanthuridae,Ctenochaetus cyanocheilus,Ctenochaetus cyanocheilus,7.5,1,13.268,POINT (-143.9600067138672 -16.440000534057617)
ep_m1_public_data.fid-7cdaa17e_183dabd0b4f_-769b,912342375,French Polynesia,Iles Tuamotu,Tuamotus,Eastern Indo-Pacific,Tuamotos,FP39,Makemo Outside NW Pass,-16.44,-143.96,6/8/2012,5,RLS,35,13:00:00,,,1,2,Chordata,Actinopterygii,Perciformes,Acanthuridae,Ctenochaetus flavicauda,Ctenochaetus flavicauda,15,3,324.4477,POINT (-143.9600067138672 -16.440000534057617)
ep_m1_public_data.fid-7cdaa17e_183dabd0b4f_-769a,912342375,French Polynesia,Iles Tuamotu,Tuamotus,Eastern Indo-Pacific,Tuamotos,FP39,Makemo Outside NW Pass,-16.44,-143.96,6/8/2012,5,RLS,35,13:00:00,,,1,2,Chordata,Actinopterygii,Perciformes,Acanthuridae,Zebrasoma rostratum,Zebrasoma rostratum,12.5,3,150.6022,POINT (-143.9600067138672 -16.440000534057617)
ep_m1_public_data.fid-7cdaa17e_183dabd0b4f_-7699,912342375,French Polynesia,Iles Tuamotu,Tuamotus,Eastern Indo-Pacific,Tuamotos,FP39,Makemo Outside NW Pass,-16.44,-143.96,6/8/2012,5,RLS,35,13:00:00,,,1,2,Chordata,Actinopterygii,Perciformes,Chaetodontidae,Chaetodon citrinellus,Chaetodon citrinellus,10,2,80.7615,POINT (-143.9600067138672 -16.440000534057617)
ep_m1_public_data.fid-7cdaa17e_183dabd0b4f_-7698,912342375,French Polynesia,Iles Tuamotu,Tuamotus,Eastern Indo-Pacific,Tuamotos,FP39,Makemo Outside NW Pass,-16.44,-143.96,6/8/2012,5,RLS,35,13:00:00,,,1,2,Chordata,Actinopterygii,Perciformes,Chaetodontidae,Chaetodon pelewensis,Chaetodon pelewensis,10,2,96.8053,POINT (-143.9600067138672 -16.440000534057617)
ep_m1_public_data.fid-7cdaa17e_183dabd0b4f_-7697,912342375,French Polynesia,Iles Tuamotu,Tuamotus,Eastern Indo-Pacific,Tuamotos,FP39,Makemo Outside NW Pass,-16.44,-143.96,6/8/2012,5,RLS,35,13:00:00,,,1,2,Chordata,Actinopterygii,Perciformes,Chaetodontidae,Chaetodon quadrimaculatus,Chaetodon quadrimaculatus,5,3,20.024,POINT (-143.9600067138672 -16.440000534057617)
ep_m1_public_data.fid-7cdaa17e_183dabd0b4f_-7696,912342375,French Polynesia,Iles Tuamotu,Tuamotus,Eastern Indo-Pacific,Tuamotos,FP39,Makemo Outside NW Pass,-16.44,-143.96,6/8/2012,5,RLS,35,13:00:00,,,1,2,Chordata,Actinopterygii,Perciformes,Chaetodontidae,Chaetodon trifascialis,Chaetodon trifascialis,10,2,88.6457,POINT (-143.9600067138672 -16.440000534057617)
ep_m1_public_data.fid-7cdaa17e_183dabd0b4f_-7695,912342375,French Polynesia,Iles Tuamotu,Tuamotus,Eastern Indo-Pacific,Tuamotos,FP39,Makemo Outside NW Pass,-16.44,-143.96,6/8/2012,5,RLS,35,13:00:00,,,1,2,Chordata,Actinopterygii,Perciformes,Chaetodontidae,Chaetodon unimaculatus,Chaetodon unimaculatus,12.5,1,114.4442,POINT (-143.9600067138672 -16.440000534057617)
ep_m1_public_data.fid-7cdaa17e_183dabd0b4f_-7694,912342375,French Polynesia,Iles Tuamotu,Tuamotus,Eastern Indo-Pacific,Tuamotos,FP39,Makemo Outside NW Pass,-16.44,-143.96,6/8/2012,5,RLS,35,13:00:00,,,1,2,Chordata,Actinopterygii,Perciformes,Chaetodontidae,Forcipiger flavissimus,Forcipiger flavissimus,12.5,3,113.983,POINT (-143.9600067138672 -16.440000534057617)
ep_m1_public_data.fid-7cdaa17e_183dabd0b4f_-7693,912342375,French Polynesia,Iles Tuamotu,Tuamotus,Eastern Indo-Pacific,Tuamotos,FP39,Makemo Outside NW Pass,-16.44,-143.96,6/8/2012,5,RLS,35,13:00:00,,,1,2,Chordata,Actinopterygii,Perciformes,Chaetodontidae,Heniochus chrysostomus,Heniochus chrysostomus,10,3,160.0429,POINT (-143.9600067138672 -16.440000534057617)
ep_m1_public_data.fid-7cdaa17e_183dabd0b4f_-7692,912342375,French Polynesia,Iles Tuamotu,Tuamotus,Eastern Indo-Pacific,Tuamotos,FP39,Makemo Outside NW Pass,-16.44,-143.96,6/8/2012,5,RLS,35,13:00:00,,,1,2,Chordata,Actinopterygii,Perciformes,Labridae,Cheilinus chlorourus,Cheilinus chlorourus,12.5,2,131.3958,POINT (-143.9600067138672 -16.440000534057617)
ep_m1_public_data.fid-7cdaa17e_183dabd0b4f_-7691,912342375,French Polynesia,Iles Tuamotu,Tuamotus,Eastern Indo-Pacific,Tuamotos,FP39,Makemo Outside NW Pass,-16.44,-143.96,6/8/2012,5,RLS,35,13:00:00,,,1,2,Chordata,Actinopterygii,Perciformes,Labridae,Cheilinus chlorourus,Cheilinus chlorourus,25,1,343.2604,POINT (-143.9600067138672 -16.440000534057617)
ep_m1_public_data.fid-7cdaa17e_183dabd0b4f_-7690,912342375,French Polynesia,Iles Tuamotu,Tuamotus,Eastern Indo-Pacific,Tuamotos,FP39,Makemo Outside NW Pass,-16.44,-143.96,6/8/2012,5,RLS,35,13:00:00,,,1,2,Chordata,Actinopterygii,Perciformes,Labridae,Labroides bicolor,Labroides bicolor,5,2,3.8556,POINT (-143.9600067138672 -16.440000534057617)
ep_m1_public_data.fid-7cdaa17e_183dabd0b4f_-768f,912342375,French Polynesia,Iles Tuamotu,Tuamotus,Eastern Indo-Pacific,Tuamotos,FP39,Makemo Outside NW Pass,-16.44,-143.96,6/8/2012,5,RLS,35,13:00:00,,,1,2,Chordata,Actinopterygii,Perciformes,Labridae,Pseudocheilinus hexataenia,Pseudocheilinus hexataenia,5,4,10.3789,POINT (-143.9600067138672 -16.440000534057617)
ep_m1_public_data.fid-7cdaa17e_183dabd0b4f_-768e,912342375,French Polynesia,Iles Tuamotu,Tuamotus,Eastern Indo-Pacific,Tuamotos,FP39,Makemo Outside NW Pass,-16.44,-143.96,6/8/2012,5,RLS,35,13:00:00,,,1,2,Chordata,Actinopterygii,Perciformes,Labridae,Thalassoma quinquevittatum,Thalassoma quinquevittatum,10,3,72.0576,POINT (-143.9600067138672 -16.440000534057617)
ep_m1_public_data.fid-7cdaa17e_183dabd0b4f_-768d,912342375,French Polynesia,Iles Tuamotu,Tuamotus,Eastern Indo-Pacific,Tuamotos,FP39,Makemo Outside NW Pass,-16.44,-143.96,6/8/2012,5,RLS,35,13:00:00,,,1,2,Chordata,Actinopterygii,Perciformes,Pomacentridae,Chromis agilis,Chromis agilis,5,8,30.0402,POINT (-143.9600067138672 -16.440000534057617)
ep_m1_public_data.fid-7cdaa17e_183dabd0b4f_-768c,912342375,French Polynesia,Iles Tuamotu,Tuamotus,Eastern Indo-Pacific,Tuamotos,FP39,Makemo Outside NW Pass,-16.44,-143.96,6/8/2012,5,RLS,35,13:00:00,,,1,2,Chordata,Actinopterygii,Perciformes,Pomacentridae,Chromis margaritifer,Chromis margaritifer,2.5,60,20.4817,POINT (-143.9600067138672 -16.440000534057617)
ep_m1_public_data.fid-7cdaa17e_183dabd0b4f_-768b,912342375,French Polynesia,Iles Tuamotu,Tuamotus,Eastern Indo-Pacific,Tuamotos,FP39,Makemo Outside NW Pass,-16.44,-143.96,6/8/2012,5,RLS,35,13:00:00,,,1,2,Chordata,Actinopterygii,Perciformes,Pomacentridae,Chromis xanthura,Chromis xanthura,12.5,2,143.1579,POINT (-143.9600067138672 -16.440000534057617)
ep_m1_public_data.fid-7cdaa17e_183dabd0b4f_-768a,912342375,French Polynesia,Iles Tuamotu,Tuamotus,Eastern Indo-Pacific,Tuamotos,FP39,Makemo Outside NW Pass,-16.44,-143.96,6/8/2012,5,RLS,35,13:00:00,,,1,2,Chordata,Actinopterygii,Perciformes,Pomacentridae,Dascyllus trimaculatus,Dascyllus trimaculatus,5,3,18.0349,POINT (-143.9600067138672 -16.440000534057617)
ep_m1_public_data.fid-7cdaa17e_183dabd0b4f_-7689,912342375,French Polynesia,Iles Tuamotu,Tuamotus,Eastern Indo-Pacific,Tuamotos,FP39,Makemo Outside NW Pass,-16.44,-143.96,6/8/2012,5,RLS,35,13:00:00,,,1,2,Chordata,Actinopterygii,Perciformes,Pomacentridae,Dascyllus trimaculatus,Dascyllus trimaculatus,7.5,4,82.5846,POINT (-143.9600067138672 -16.440000534057617)
ep_m1_public_data.fid-7cdaa17e_183dabd0b4f_-7688,912342375,French Polynesia,Iles Tuamotu,Tuamotus,Eastern Indo-Pacific,Tuamotos,FP39,Makemo Outside NW Pass,-16.44,-143.96,6/8/2012,5,RLS,35,13:00:00,,,1,2,Chordata,Actinopterygii,Perciformes,Scaridae,Chlorurus microrhinos,Chlorurus microrhinos,30,2,1220.7716,POINT (-143.9600067138672 -16.440000534057617)
ep_m1_public_data.fid-7cdaa17e_183dabd0b4f_-7687,912342375,French Polynesia,Iles Tuamotu,Tuamotus,Eastern Indo-Pacific,Tuamotos,FP39,Makemo Outside NW Pass,-16.44,-143.96,6/8/2012,5,RLS,35,13:00:00,,,1,2,Chordata,Actinopterygii,Perciformes,Scaridae,Chlorurus sordidus,Chlorurus sordidus,15,3,388.7153,POINT (-143.9600067138672 -16.440000534057617)
ep_m1_public_data.fid-7cdaa17e_183dabd0b4f_-7686,912342375,French Polynesia,Iles Tuamotu,Tuamotus,Eastern Indo-Pacific,Tuamotos,FP39,Makemo Outside NW Pass,-16.44,-143.96,6/8/2012,5,RLS,35,13:00:00,,,1,2,Chordata,Actinopterygii,Perciformes,Scaridae,Scarus frenatus,Scarus frenatus,35,1,1042.5656,POINT (-143.9600067138672 -16.440000534057617)
ep_m1_public_data.fid-7cdaa17e_183dabd0b4f_-7685,912342375,French Polynesia,Iles Tuamotu,Tuamotus,Eastern Indo-Pacific,Tuamotos,FP39,Makemo Outside NW Pass,-16.44,-143.96,6/8/2012,5,RLS,35,13:00:00,,,1,2,Chordata,Actinopterygii,Perciformes,Serranidae,Cephalopholis argus,Cephalopholis argus,30,2,969.4688,POINT (-143.9600067138672 -16.440000534057617)
ep_m1_public_data.fid-7cdaa17e_183dabd0b4f_-7684,912342375,French Polynesia,Iles Tuamotu,Tuamotus,Eastern Indo-Pacific,Tuamotos,FP39,Makemo Outside NW Pass,-16.44,-143.96,6/8/2012,5,RLS,35,13:00:00,,,1,2,Chordata,Actinopterygii,Perciformes,Serranidae,Cephalopholis argus,Cephalopholis argus,35,3,2056.6929,POINT (-143.9600067138672 -16.440000534057617)
ep_m1_public_data.fid-7cdaa17e_183dabd0b4f_-7683,912342375,French Polynesia,Iles Tuamotu,Tuamotus,Eastern Indo-Pacific,Tuamotos,FP39,Makemo Outside NW Pass,-16.44,-143.96,6/8/2012,5,RLS,35,13:00:00,,,1,2,Chordata,Actinopterygii,Perciformes,Serranidae,Pseudanthias pascalus,Pseudanthias pascalus,7.5,2,24.279,POINT (-143.9600067138672 -16.440000534057617)
ep_m1_public_data.fid-7cdaa17e_183dabd0b4f_-7682,912342375,French Polynesia,Iles Tuamotu,Tuamotus,Eastern Indo-Pacific,Tuamotos,FP39,Makemo Outside NW Pass,-16.44,-143.96,6/8/2012,5,RLS,35,13:00:00,,,1,2,Chordata,Actinopterygii,Syngnathiformes,Aulostomidae,Aulostomus chinensis,Aulostomus chinensis,40,2,125.9785,POINT (-143.9600067138672 -16.440000534057617)
ep_m1_public_data.fid-7cdaa17e_183dabd0b4f_-7681,912342375,French Polynesia,Iles Tuamotu,Tuamotus,Eastern Indo-Pacific,Tuamotos,FP39,Makemo Outside NW Pass,-16.44,-143.96,6/8/2012,5,RLS,35,13:00:00,,,1,2,Chordata,Actinopterygii,Tetraodontiformes,Balistidae,Balistoides viridescens,Balistoides viridescens,62.5,1,4989.619,POINT (-143.9600067138672 -16.440000534057617)
ep_m1_public_data.fid-7cdaa17e_183dabd0b4f_-7680,912342375,French Polynesia,Iles Tuamotu,Tuamotus,Eastern Indo-Pacific,Tuamotos,FP39,Makemo Outside NW Pass,-16.44,-143.96,6/8/2012,5,RLS,35,13:00:00,,,1,2,Chordata,Actinopterygii,Tetraodontiformes,Balistidae,Melichthys niger,Melichthys niger,12.5,3,202.8103,POINT (-143.9600067138672 -16.440000534057617)
ep_m1_public_data.fid-7cdaa17e_183dabd0b4f_-767f,912342375,French Polynesia,Iles Tuamotu,Tuamotus,Eastern Indo-Pacific,Tuamotos,FP39,Makemo Outside NW Pass,-16.44,-143.96,6/8/2012,5,RLS,35,13:00:00,,,1,2,Chordata,Actinopterygii,Tetraodontiformes,Monacanthidae,Cantherhines pardalis,Cantherhines pardalis,25,1,411.9293,POINT (-143.9600067138672 -16.440000534057617)
ep_m1_public_data.fid-7cdaa17e_183dabd0b4f_-7663,912342375,French Polynesia,Iles Tuamotu,Tuamotus,Eastern Indo-Pacific,Tuamotos,FP39,Makemo Outside NW Pass,-16.44,-143.96,6/8/2012,5,RLS,35,13:00:00,,,1,1,Chordata,Actinopterygii,Beryciformes,Holocentridae,Myripristis berndti,Myripristis berndti,25,4,1723.3604,POINT (-143.9600067138672 -16.440000534057617)
ep_m1_public_data.fid-7cdaa17e_183dabd0b4f_-7662,912342375,French Polynesia,Iles Tuamotu,Tuamotus,Eastern Indo-Pacific,Tuamotos,FP39,Makemo Outside NW Pass,-16.44,-143.96,6/8/2012,5,RLS,35,13:00:00,,,1,1,Chordata,Actinopterygii,Perciformes,Acanthuridae,Acanthurus achilles,Acanthurus achilles,12.5,10,84.375,POINT (-143.9600067138672 -16.440000534057617)
ep_m1_public_data.fid-7cdaa17e_183dabd0b4f_-7661,912342375,French Polynesia,Iles Tuamotu,Tuamotus,Eastern Indo-Pacific,Tuamotos,FP39,Makemo Outside NW Pass,-16.44,-143.96,6/8/2012,5,RLS,35,13:00:00,,,1,1,Chordata,Actinopterygii,Perciformes,Acanthuridae,Acanthurus thompsoni,Acanthurus thompsoni,15,3,373.3584,POINT (-143.9600067138672 -16.440000534057617)
ep_m1_public_data.fid-7cdaa17e_183dabd0b4f_-7660,912342375,French Polynesia,Iles Tuamotu,Tuamotus,Eastern Indo-Pacific,Tuamotos,FP39,Makemo Outside NW Pass,-16.44,-143.96,6/8/2012,5,RLS,35,13:00:00,,,1,1,Chordata,Actinopterygii,Perciformes,Acanthuridae,Zebrasoma velifer,Zebrasoma velifer,20,2,569.0706,POINT (-143.9600067138672 -16.440000534057617)
ep_m1_public_data.fid-7cdaa17e_183dabd0b4f_-765f,912342375,French Polynesia,Iles Tuamotu,Tuamotus,Eastern Indo-Pacific,Tuamotos,FP39,Makemo Outside NW Pass,-16.44,-143.96,6/8/2012,5,RLS,35,13:00:00,,,1,1,Chordata,Actinopterygii,Perciformes,Cirrhitidae,Paracirrhites hemistictus,Paracirrhites hemistictus,12.5,1,63.9375,POINT (-143.9600067138672 -16.440000534057617)
ep_m1_public_data.fid-7cdaa17e_183dabd0b4f_-765e,912342375,French Polynesia,Iles Tuamotu,Tuamotus,Eastern Indo-Pacific,Tuamotos,FP39,Makemo Outside NW Pass,-16.44,-143.96,6/8/2012,5,RLS,35,13:00:00,,,1,1,Chordata,Actinopterygii,Perciformes,Labridae,Gomphosus varius,Gomphosus varius,12.5,1,27.7879,POINT (-143.9600067138672 -16.440000534057617)
ep_m1_public_data.fid-7cdaa17e_183dabd0b4f_-765d,912342375,French Polynesia,Iles Tuamotu,Tuamotus,Eastern Indo-Pacific,Tuamotos,FP39,Makemo Outside NW Pass,-16.44,-143.96,6/8/2012,5,RLS,35,13:00:00,,,1,1,Chordata,Actinopterygii,Perciformes,Labridae,Macropharyngodon meleagris,Macropharyngodon meleagris,10,1,19.8984,POINT (-143.9600067138672 -16.440000534057617)
ep_m1_public_data.fid-7cdaa17e_183dabd0b4f_-765c,912342375,French Polynesia,Iles Tuamotu,Tuamotus,Eastern Indo-Pacific,Tuamotos,FP39,Makemo Outside NW Pass,-16.44,-143.96,6/8/2012,5,RLS,35,13:00:00,,,1,1,Chordata,Actinopterygii,Perciformes,Labridae,Pseudocheilinus octotaenia,Pseudocheilinus octotaenia,5,2,5.1894,POINT (-143.9600067138672 -16.440000534057617)
ep_m1_public_data.fid-7cdaa17e_183dabd0b4f_-765b,912342375,French Polynesia,Iles Tuamotu,Tuamotus,Eastern Indo-Pacific,Tuamotos,FP39,Makemo Outside NW Pass,-16.44,-143.96,6/8/2012,5,RLS,35,13:00:00,,,1,1,Chordata,Actinopterygii,Perciformes,Pomacanthidae,Centropyge loricula,Centropyge loricula,7.5,2,45.7197,POINT (-143.9600067138672 -16.440000534057617)
ep_m1_public_data.fid-7cdaa17e_183dabd0b4f_-765a,912342375,French Polynesia,Iles Tuamotu,Tuamotus,Eastern Indo-Pacific,Tuamotos,FP39,Makemo Outside NW Pass,-16.44,-143.96,6/8/2012,5,RLS,35,13:00:00,,,1,1,Chordata,Actinopterygii,Perciformes,Pomacanthidae,Pomacanthus imperator,Pomacanthus imperator,15,2,365.7946,POINT (-143.9600067138672 -16.440000534057617)
ep_m1_public_data.fid-7cdaa17e_183dabd0b4f_-7659,912342375,French Polynesia,Iles Tuamotu,Tuamotus,Eastern Indo-Pacific,Tuamotos,FP39,Makemo Outside NW Pass,-16.44,-143.96,6/8/2012,5,RLS,35,13:00:00,,,1,1,Chordata,Actinopterygii,Perciformes,Pomacentridae,Chromis acares,Chromis acares,5,100,375.502,POINT (-143.9600067138672 -16.440000534057617)
ep_m1_public_data.fid-7cdaa17e_183dabd0b4f_-7658,912342375,French Polynesia,Iles Tuamotu,Tuamotus,Eastern Indo-Pacific,Tuamotos,FP39,Makemo Outside NW Pass,-16.44,-143.96,6/8/2012,5,RLS,35,13:00:00,,,1,1,Chordata,Actinopterygii,Perciformes,Scaridae,Scarus niger,Scarus niger,40,3,2177.1155,POINT (-143.9600067138672 -16.440000534057617)
ep_m1_public_data.fid-7cdaa17e_183dabd0b4f_-7657,912342375,French Polynesia,Iles Tuamotu,Tuamotus,Eastern Indo-Pacific,Tuamotos,FP39,Makemo Outside NW Pass,-16.44,-143.96,6/8/2012,5,RLS,35,13:00:00,,,1,1,Chordata,Actinopterygii,Tetraodontiformes,Monacanthidae,Amanses scopas,Amanses scopas,12.5,2,76.686,POINT (-143.9600067138672 -16.440000534057617)
ep_m1_public_data.fid-7cdaa17e_183dabd0b4f_-7656,912342375,French Polynesia,Iles Tuamotu,Tuamotus,Eastern Indo-Pacific,Tuamotos,FP39,Makemo Outside NW Pass,-16.44,-143.96,6/8/2012,5,RLS,35,13:00:00,,,1,2,Chordata,Actinopterygii,Perciformes,Acanthuridae,Zebrasoma rostratum,Zebrasoma rostratum,15,3,253.4509,POINT (-143.9600067138672 -16.440000534057617)
ep_m1_public_data.fid-7cdaa17e_183dabd0b4f_-7655,912342375,French Polynesia,Iles Tuamotu,Tuamotus,Eastern Indo-Pacific,Tuamotos,FP39,Makemo Outside NW Pass,-16.44,-143.96,6/8/2012,5,RLS,35,13:00:00,,,1,2,Chordata,Actinopterygii,Perciformes,Blenniidae,Cirripectes variolosus,Cirripectes variolosus,7.5,3,39.961,POINT (-143.9600067138672 -16.440000534057617)
ep_m1_public_data.fid-7cdaa17e_183dabd0b4f_-7654,912342375,French Polynesia,Iles Tuamotu,Tuamotus,Eastern Indo-Pacific,Tuamotos,FP39,Makemo Outside NW Pass,-16.44,-143.96,6/8/2012,5,RLS,35,13:00:00,,,1,2,Chordata,Actinopterygii,Perciformes,Chaetodontidae,Heniochus monoceros,Heniochus monoceros,15,3,552.4215,POINT (-143.9600067138672 -16.440000534057617)
ep_m1_public_data.fid-7cdaa17e_183dabd0b4f_-7653,912342375,French Polynesia,Iles Tuamotu,Tuamotus,Eastern Indo-Pacific,Tuamotos,FP39,Makemo Outside NW Pass,-16.44,-143.96,6/8/2012,5,RLS,35,13:00:00,,,1,2,Chordata,Actinopterygii,Perciformes,Cirrhitidae,Paracirrhites arcatus,Paracirrhites arcatus,5,4,14.704,POINT (-143.9600067138672 -16.440000534057617)
ep_m1_public_data.fid-7cdaa17e_183dabd0b4f_-7652,912342375,French Polynesia,Iles Tuamotu,Tuamotus,Eastern Indo-Pacific,Tuamotos,FP39,Makemo Outside NW Pass,-16.44,-143.96,6/8/2012,5,RLS,35,13:00:00,,,1,2,Chordata,Actinopterygii,Perciformes,Cirrhitidae,Paracirrhites arcatus,Paracirrhites arcatus,10,2,63.7848,POINT (-143.9600067138672 -16.440000534057617)
ep_m1_public_data.fid-7cdaa17e_183dabd0b4f_-7651,912342375,French Polynesia,Iles Tuamotu,Tuamotus,Eastern Indo-Pacific,Tuamotos,FP39,Makemo Outside NW Pass,-16.44,-143.96,6/8/2012,5,RLS,35,13:00:00,,,1,2,Chordata,Actinopterygii,Perciformes,Labridae,Cheilinus undulatus,Cheilinus undulatus,50,2,3510.8547,POINT (-143.9600067138672 -16.440000534057617)
ep_m1_public_data.fid-7cdaa17e_183dabd0b4f_-7650,912342375,French Polynesia,Iles Tuamotu,Tuamotus,Eastern Indo-Pacific,Tuamotos,FP39,Makemo Outside NW Pass,-16.44,-143.96,6/8/2012,5,RLS,35,13:00:00,,,1,2,Chordata,Actinopterygii,Perciformes,Labridae,Gomphosus varius,Gomphosus varius,7.5,3,20.9566,POINT (-143.9600067138672 -16.440000534057617)
ep_m1_public_data.fid-7cdaa17e_183dabd0b4f_-764f,912342375,French Polynesia,Iles Tuamotu,Tuamotus,Eastern Indo-Pacific,Tuamotos,FP39,Makemo Outside NW Pass,-16.44,-143.96,6/8/2012,5,RLS,35,13:00:00,,,1,2,Chordata,Actinopterygii,Perciformes,Lethrinidae,Monotaxis heterodon,Monotaxis heterodon,20,2,540.4252,POINT (-143.9600067138672 -16.440000534057617)
ep_m1_public_data.fid-7cdaa17e_183dabd0b4f_-764e,912342375,French Polynesia,Iles Tuamotu,Tuamotus,Eastern Indo-Pacific,Tuamotos,FP39,Makemo Outside NW Pass,-16.44,-143.96,6/8/2012,5,RLS,35,13:00:00,,,1,2,Chordata,Actinopterygii,Perciformes,Pomacentridae,Dascyllus trimaculatus,Dascyllus trimaculatus,2.5,2,1.4588,POINT (-143.9600067138672 -16.440000534057617)
ep_m1_public_data.fid-7cdaa17e_183dabd0b4f_-764d,912342375,French Polynesia,Iles Tuamotu,Tuamotus,Eastern Indo-Pacific,Tuamotos,FP39,Makemo Outside NW Pass,-16.44,-143.96,6/8/2012,5,RLS,35,13:00:00,,,1,2,Chordata,Actinopterygii,Perciformes,Pomacentridae,Plectroglyphidodon dickii,Plectroglyphidodon dickii,7.5,3,60.0208,POINT (-143.9600067138672 -16.440000534057617)
ep_m1_public_data.fid-7cdaa17e_183dabd0b4f_-764c,912342375,French Polynesia,Iles Tuamotu,Tuamotus,Eastern Indo-Pacific,Tuamotos,FP39,Makemo Outside NW Pass,-16.44,-143.96,6/8/2012,5,RLS,35,13:00:00,,,1,2,Chordata,Actinopterygii,Perciformes,Pomacentridae,Plectroglyphidodon flaviventris,Plectroglyphidodon flaviventris,7.5,9,180.0624,POINT (-143.9600067138672 -16.440000534057617)
ep_m1_public_data.fid-7cdaa17e_183dabd0b4f_-7649,912342375,French Polynesia,Iles Tuamotu,Tuamotus,Eastern Indo-Pacific,Tuamotos,FP39,Makemo Outside NW Pass,-16.44,-143.96,6/8/2012,5,RLS,35,13:00:00,,,1,2,Chordata,Actinopterygii,Perciformes,Blenniidae,Plagiotremus tapeinosoma,Plagiotremus tapeinosoma,5,1,0.9663,POINT (-143.9600067138672 -16.440000534057617)
ep_m1_public_data.fid-7cdaa17e_183dabd0b4f_-7648,912342375,French Polynesia,Iles Tuamotu,Tuamotus,Eastern Indo-Pacific,Tuamotos,FP39,Makemo Outside NW Pass,-16.44,-143.96,6/8/2012,5,RLS,35,13:00:00,,,1,2,Chordata,Actinopterygii,Perciformes,Labridae,Gomphosus varius,Gomphosus varius,5,2,4.6693,POINT (-143.9600067138672 -16.440000534057617)
ep_m1_public_data.fid-7cdaa17e_183dabd0b4f_-763f,912342375,French Polynesia,Iles Tuamotu,Tuamotus,Eastern Indo-Pacific,Tuamotos,FP39,Makemo Outside NW Pass,-16.44,-143.96,6/8/2012,5,RLS,35,13:00:00,,,1,1,Chordata,Actinopterygii,Perciformes,Acanthuridae,Acanthurus nigricans,Acanthurus nigricans,15,3,347.7719,POINT (-143.9600067138672 -16.440000534057617)
ep_m1_public_data.fid-7cdaa17e_183dabd0b4f_-763e,912342375,French Polynesia,Iles Tuamotu,Tuamotus,Eastern Indo-Pacific,Tuamotos,FP39,Makemo Outside NW Pass,-16.44,-143.96,6/8/2012,5,RLS,35,13:00:00,,,1,1,Chordata,Actinopterygii,Perciformes,Labridae,Pseudocheilinus hexataenia,Pseudocheilinus hexataenia,2.5,2,0.6767,POINT (-143.9600067138672 -16.440000534057617)
ep_m1_public_data.fid-7cdaa17e_183dabd0b4f_-763d,912342375,French Polynesia,Iles Tuamotu,Tuamotus,Eastern Indo-Pacific,Tuamotos,FP39,Makemo Outside NW Pass,-16.44,-143.96,6/8/2012,5,RLS,35,13:00:00,,,1,2,Chordata,Actinopterygii,Perciformes,Labridae,Thalassoma lutescens,Thalassoma lutescens,7.5,7,45.1259,POINT (-143.9600067138672 -16.440000534057617)
ep_m1_public_data.fid-7cdaa17e_183dabd0b4f_-763c,912342375,French Polynesia,Iles Tuamotu,Tuamotus,Eastern Indo-Pacific,Tuamotos,FP39,Makemo Outside NW Pass,-16.44,-143.96,6/8/2012,5,RLS,35,13:00:00,,,1,2,Chordata,Actinopterygii,Perciformes,Serranidae,Cephalopholis argus,Cephalopholis argus,25,2,649.2466,POINT (-143.9600067138672 -16.440000534057617)
ep_m1_public_data.fid-7cdaa17e_183dabd0b4f_-7636,912342375,French Polynesia,Iles Tuamotu,Tuamotus,Eastern Indo-Pacific,Tuamotos,FP39,Makemo Outside NW Pass,-16.44,-143.96,6/8/2012,5,RLS,35,13:00:00,,,1,1,Chordata,Actinopterygii,Perciformes,Labridae,Thalassoma quinquevittatum,Thalassoma quinquevittatum,12.5,2,93.825,POINT (-143.9600067138672 -16.440000534057617)
ep_m1_public_data.fid-7cdaa17e_183dabd0b4f_-7635,912342375,French Polynesia,Iles Tuamotu,Tuamotus,Eastern Indo-Pacific,Tuamotos,FP39,Makemo Outside NW Pass,-16.44,-143.96,6/8/2012,5,RLS,35,13:00:00,,,1,2,Chordata,Actinopterygii,Perciformes,Acanthuridae,Ctenochaetus flavicauda,Ctenochaetus flavicauda,12.5,3,186.8371,POINT (-143.9600067138672 -16.440000534057617)
ep_m1_public_data.fid-7cdaa17e_183dabd0b4f_-7634,912342375,French Polynesia,Iles Tuamotu,Tuamotus,Eastern Indo-Pacific,Tuamotos,FP39,Makemo Outside NW Pass,-16.44,-143.96,6/8/2012,5,RLS,35,13:00:00,,,1,2,Chordata,Actinopterygii,Perciformes,Labridae,Epibulus insidiator,Epibulus insidiator,25,1,352.1535,POINT (-143.9600067138672 -16.440000534057617)
ep_m1_public_data.fid-7cdaa17e_183dabd0b4f_-7633,912342375,French Polynesia,Iles Tuamotu,Tuamotus,Eastern Indo-Pacific,Tuamotos,FP39,Makemo Outside NW Pass,-16.44,-143.96,6/8/2012,5,RLS,35,13:00:00,,,1,2,Chordata,Actinopterygii,Perciformes,Labridae,Gomphosus varius,Gomphosus varius,2.5,2,0.7171,POINT (-143.9600067138672 -16.440000534057617)
ep_m1_public_data.fid-7cdaa17e_183dabd0b4f_-7632,912342375,French Polynesia,Iles Tuamotu,Tuamotus,Eastern Indo-Pacific,Tuamotos,FP39,Makemo Outside NW Pass,-16.44,-143.96,6/8/2012,5,RLS,35,13:00:00,,,1,2,Chordata,Actinopterygii,Perciformes,Labridae,Halichoeres ornatissimus,Halichoeres ornatissimus,5,3,7.7846,POINT (-143.9600067138672 -16.440000534057617)
ep_m1_public_data.fid-7cdaa17e_183dabd0b4f_-7631,912342375,French Polynesia,Iles Tuamotu,Tuamotus,Eastern Indo-Pacific,Tuamotos,FP39,Makemo Outside NW Pass,-16.44,-143.96,6/8/2012,5,RLS,35,13:00:00,,,1,2,Chordata,Actinopterygii,Perciformes,Pomacanthidae,Centropyge flavissima,Centropyge flavissima,7.5,7,,POINT (-143.9600067138672 -16.440000534057617)
ep_m1_public_data.fid-7cdaa17e_183dabd0b4f_-7630,912342375,French Polynesia,Iles Tuamotu,Tuamotus,Eastern Indo-Pacific,Tuamotos,FP39,Makemo Outside NW Pass,-16.44,-143.96,6/8/2012,5,RLS,35,13:00:00,,,1,2,Chordata,Actinopterygii,Perciformes,Pomacentridae,Plectroglyphidodon johnstonianus,Plectroglyphidodon johnstonianus,5,1,6.8735,POINT (-143.9600067138672 -16.440000534057617)
ep_m1_public_data.fid-7cdaa17e_183dabd0b4f_-762d,912342375,French Polynesia,Iles Tuamotu,Tuamotus,Eastern Indo-Pacific,Tuamotos,FP39,Makemo Outside NW Pass,-16.44,-143.96,6/8/2012,5,RLS,35,13:00:00,,,1,1,Chordata,Actinopterygii,Perciformes,Pomacentridae,Chromis xanthura,Chromis xanthura,10,5,174.5805,POINT (-143.9600067138672 -16.440000534057617)
ep_m1_public_data.fid-7cdaa17e_183dabd0b4f_-762c,912342375,French Polynesia,Iles Tuamotu,Tuamotus,Eastern Indo-Pacific,Tuamotos,FP39,Makemo Outside NW Pass,-16.44,-143.96,6/8/2012,5,RLS,35,13:00:00,,,1,2,Chordata,Actinopterygii,Perciformes,Pomacentridae,Chromis margaritifer,Chromis margaritifer,5,35,90.175,POINT (-143.9600067138672 -16.440000534057617)
ep_m1_public_data.fid-7cdaa17e_183dabd0b4f_-75d7,912342375,French Polynesia,Iles Tuamotu,Tuamotus,Eastern Indo-Pacific,Tuamotos,FP39,Makemo Outside NW Pass,-16.44,-143.96,6/8/2012,5,RLS,35,13:00:00,,,1,1,Chordata,Actinopterygii,Beryciformes,Holocentridae,Myripristis violacea,Myripristis violacea,10,1,43.808,POINT (-143.9600067138672 -16.440000534057617)
ep_m1_public_data.fid-7cdaa17e_183dabd0b4f_-75d6,912342375,French Polynesia,Iles Tuamotu,Tuamotus,Eastern Indo-Pacific,Tuamotos,FP39,Makemo Outside NW Pass,-16.44,-143.96,6/8/2012,5,RLS,35,13:00:00,,,1,1,Chordata,Actinopterygii,Beryciformes,Holocentridae,Sargocentron microstoma,Sargocentron microstoma,15,8,888.4924,POINT (-143.9600067138672 -16.440000534057617)
ep_m1_public_data.fid-7cdaa17e_183dabd0b4f_-75d5,912342375,French Polynesia,Iles Tuamotu,Tuamotus,Eastern Indo-Pacific,Tuamotos,FP39,Makemo Outside NW Pass,-16.44,-143.96,6/8/2012,5,RLS,35,13:00:00,,,1,1,Chordata,Actinopterygii,Beryciformes,Holocentridae,Sargocentron microstoma,Sargocentron microstoma,20,3,719.1271,POINT (-143.9600067138672 -16.440000534057617)
ep_m1_public_data.fid-7cdaa17e_183dabd0b4f_-75d4,912342375,French Polynesia,Iles Tuamotu,Tuamotus,Eastern Indo-Pacific,Tuamotos,FP39,Makemo Outside NW Pass,-16.44,-143.96,6/8/2012,5,RLS,35,13:00:00,,,1,1,Chordata,Actinopterygii,Beryciformes,Holocentridae,Sargocentron spp.,Sargocentron spp.,15,1,111.0616,POINT (-143.9600067138672 -16.440000534057617)
ep_m1_public_data.fid-7cdaa17e_183dabd0b4f_-75d3,912342375,French Polynesia,Iles Tuamotu,Tuamotus,Eastern Indo-Pacific,Tuamotos,FP39,Makemo Outside NW Pass,-16.44,-143.96,6/8/2012,5,RLS,35,13:00:00,,,1,1,Chordata,Actinopterygii,Perciformes,Acanthuridae,Acanthurus achilles,Acanthurus achilles,15,7,102.06,POINT (-143.9600067138672 -16.440000534057617)
ep_m1_public_data.fid-7cdaa17e_183dabd0b4f_-75d2,912342375,French Polynesia,Iles Tuamotu,Tuamotus,Eastern Indo-Pacific,Tuamotos,FP39,Makemo Outside NW Pass,-16.44,-143.96,6/8/2012,5,RLS,35,13:00:00,,,1,1,Chordata,Actinopterygii,Perciformes,Acanthuridae,Acanthurus achilles,Acanthurus achilles,20,4,126.4934,POINT (-143.9600067138672 -16.440000534057617)
ep_m1_public_data.fid-7cdaa17e_183dabd0b4f_-75d1,912342375,French Polynesia,Iles Tuamotu,Tuamotus,Eastern Indo-Pacific,Tuamotos,FP39,Makemo Outside NW Pass,-16.44,-143.96,6/8/2012,5,RLS,35,13:00:00,,,1,1,Chordata,Actinopterygii,Perciformes,Acanthuridae,Acanthurus nigricans,Acanthurus nigricans,10,3,92.0592,POINT (-143.9600067138672 -16.440000534057617)
ep_m1_public_data.fid-7cdaa17e_183dabd0b4f_-75d0,912342375,French Polynesia,Iles Tuamotu,Tuamotus,Eastern Indo-Pacific,Tuamotos,FP39,Makemo Outside NW Pass,-16.44,-143.96,6/8/2012,5,RLS,35,13:00:00,,,1,1,Chordata,Actinopterygii,Perciformes,Acanthuridae,Acanthurus nigricans,Acanthurus nigricans,12.5,4,255.0804,POINT (-143.9600067138672 -16.440000534057617)
ep_m1_public_data.fid-7cdaa17e_183dabd0b4f_-75cf,912342375,French Polynesia,Iles Tuamotu,Tuamotus,Eastern Indo-Pacific,Tuamotos,FP39,Makemo Outside NW Pass,-16.44,-143.96,6/8/2012,5,RLS,35,13:00:00,,,1,1,Chordata,Actinopterygii,Perciformes,Acanthuridae,Acanthurus thompsoni,Acanthurus thompsoni,12.5,2,143.2046,POINT (-143.9600067138672 -16.440000534057617)
ep_m1_public_data.fid-7cdaa17e_183dabd0b4f_-75ce,912342375,French Polynesia,Iles Tuamotu,Tuamotus,Eastern Indo-Pacific,Tuamotos,FP39,Makemo Outside NW Pass,-16.44,-143.96,6/8/2012,5,RLS,35,13:00:00,,,1,1,Chordata,Actinopterygii,Perciformes,Acanthuridae,Ctenochaetus cyanocheilus,Ctenochaetus cyanocheilus,7.5,1,13.268,POINT (-143.9600067138672 -16.440000534057617)
ep_m1_public_data.fid-7cdaa17e_183dabd0b4f_-75cd,912342375,French Polynesia,Iles Tuamotu,Tuamotus,Eastern Indo-Pacific,Tuamotos,FP39,Makemo Outside NW Pass,-16.44,-143.96,6/8/2012,5,RLS,35,13:00:00,,,1,1,Chordata,Actinopterygii,Perciformes,Acanthuridae,Zebrasoma rostratum,Zebrasoma rostratum,12.5,3,150.6022,POINT (-143.9600067138672 -16.440000534057617)
ep_m1_public_data.fid-7cdaa17e_183dabd0b4f_-75cc,912342375,French Polynesia,Iles Tuamotu,Tuamotus,Eastern Indo-Pacific,Tuamotos,FP39,Makemo Outside NW Pass,-16.44,-143.96,6/8/2012,5,RLS,35,13:00:00,,,1,1,Chordata,Actinopterygii,Perciformes,Acanthuridae,Zebrasoma velifer,Zebrasoma velifer,12.5,1,80.5326,POINT (-143.9600067138672 -16.440000534057617)
ep_m1_public_data.fid-7cdaa17e_183dabd0b4f_-75cb,912342375,French Polynesia,Iles Tuamotu,Tuamotus,Eastern Indo-Pacific,Tuamotos,FP39,Makemo Outside NW Pass,-16.44,-143.96,6/8/2012,5,RLS,35,13:00:00,,,1,1,Chordata,Actinopterygii,Perciformes,Acanthuridae,Zebrasoma velifer,Zebrasoma velifer,15,4,543.2067,POINT (-143.9600067138672 -16.440000534057617)
ep_m1_public_data.fid-7cdaa17e_183dabd0b4f_-75ca,912342375,French Polynesia,Iles Tuamotu,Tuamotus,Eastern Indo-Pacific,Tuamotos,FP39,Makemo Outside NW Pass,-16.44,-143.96,6/8/2012,5,RLS,35,13:00:00,,,1,1,Chordata,Actinopterygii,Perciformes,Blenniidae,Cirripectes spp.,Cirripectes spp.,5,4,15.1659,POINT (-143.9600067138672 -16.440000534057617)
ep_m1_public_data.fid-7cdaa17e_183dabd0b4f_-75c9,912342375,French Polynesia,Iles Tuamotu,Tuamotus,Eastern Indo-Pacific,Tuamotos,FP39,Makemo Outside NW Pass,-16.44,-143.96,6/8/2012,5,RLS,35,13:00:00,,,1,1,Chordata,Actinopterygii,Perciformes,Blenniidae,Cirripectes variolosus,Cirripectes variolosus,5,3,11.3744,POINT (-143.9600067138672 -16.440000534057617)
ep_m1_public_data.fid-7cdaa17e_183dabd0b4f_-75c8,912342375,French Polynesia,Iles Tuamotu,Tuamotus,Eastern Indo-Pacific,Tuamotos,FP39,Makemo Outside NW Pass,-16.44,-143.96,6/8/2012,5,RLS,35,13:00:00,,,1,1,Chordata,Actinopterygii,Perciformes,Blenniidae,Cirripectes variolosus,Cirripectes variolosus,7.5,2,26.6407,POINT (-143.9600067138672 -16.440000534057617)
ep_m1_public_data.fid-7cdaa17e_183dabd0b4f_-75c7,912342375,French Polynesia,Iles Tuamotu,Tuamotus,Eastern Indo-Pacific,Tuamotos,FP39,Makemo Outside NW Pass,-16.44,-143.96,6/8/2012,5,RLS,35,13:00:00,,,1,1,Chordata,Actinopterygii,Perciformes,Chaetodontidae,Chaetodon citrinellus,Chaetodon citrinellus,7.5,2,35.7378,POINT (-143.9600067138672 -16.440000534057617)
ep_m1_public_data.fid-7cdaa17e_183dabd0b4f_-75c6,912342375,French Polynesia,Iles Tuamotu,Tuamotus,Eastern Indo-Pacific,Tuamotos,FP39,Makemo Outside NW Pass,-16.44,-143.96,6/8/2012,5,RLS,35,13:00:00,,,1,1,Chordata,Actinopterygii,Perciformes,Chaetodontidae,Chaetodon lunula,Chaetodon lunula,10,3,158.4255,POINT (-143.9600067138672 -16.440000534057617)
ep_m1_public_data.fid-7cdaa17e_183dabd0b4f_-75c5,912342375,French Polynesia,Iles Tuamotu,Tuamotus,Eastern Indo-Pacific,Tuamotos,FP39,Makemo Outside NW Pass,-16.44,-143.96,6/8/2012,5,RLS,35,13:00:00,,,1,1,Chordata,Actinopterygii,Perciformes,Chaetodontidae,Chaetodon ocellicaudus,Chaetodon ocellicaudus,7.5,2,44.7627,POINT (-143.9600067138672 -16.440000534057617)
ep_m1_public_data.fid-7cdaa17e_183dabd0b4f_-75c4,912342375,French Polynesia,Iles Tuamotu,Tuamotus,Eastern Indo-Pacific,Tuamotos,FP39,Makemo Outside NW Pass,-16.44,-143.96,6/8/2012,5,RLS,35,13:00:00,,,1,1,Chordata,Actinopterygii,Perciformes,Chaetodontidae,Heniochus monoceros,Heniochus monoceros,12.5,2,208.3233,POINT (-143.9600067138672 -16.440000534057617)
ep_m1_public_data.fid-7cdaa17e_183dabd0b4f_-75c3,912342375,French Polynesia,Iles Tuamotu,Tuamotus,Eastern Indo-Pacific,Tuamotos,FP39,Makemo Outside NW Pass,-16.44,-143.96,6/8/2012,5,RLS,35,13:00:00,,,1,1,Chordata,Actinopterygii,Perciformes,Cirrhitidae,Paracirrhites arcatus,Paracirrhites arcatus,10,3,95.6772,POINT (-143.9600067138672 -16.440000534057617)
ep_m1_public_data.fid-7cdaa17e_183dabd0b4f_-75c2,912342375,French Polynesia,Iles Tuamotu,Tuamotus,Eastern Indo-Pacific,Tuamotos,FP39,Makemo Outside NW Pass,-16.44,-143.96,6/8/2012,5,RLS,35,13:00:00,,,1,1,Chordata,Actinopterygii,Perciformes,Cirrhitidae,Paracirrhites nisus,Paracirrhites nisus,7.5,2,26.0185,POINT (-143.9600067138672 -16.440000534057617)
ep_m1_public_data.fid-7cdaa17e_183dabd0b4f_-75c1,912342375,French Polynesia,Iles Tuamotu,Tuamotus,Eastern Indo-Pacific,Tuamotos,FP39,Makemo Outside NW Pass,-16.44,-143.96,6/8/2012,5,RLS,35,13:00:00,,,1,1,Chordata,Actinopterygii,Perciformes,Cirrhitidae,Paracirrhites xanthus,Paracirrhites xanthus,10,1,31.8924,POINT (-143.9600067138672 -16.440000534057617)
ep_m1_public_data.fid-7cdaa17e_183dabd0b4f_-75c0,912342375,French Polynesia,Iles Tuamotu,Tuamotus,Eastern Indo-Pacific,Tuamotos,FP39,Makemo Outside NW Pass,-16.44,-143.96,6/8/2012,5,RLS,35,13:00:00,,,1,1,Chordata,Actinopterygii,Perciformes,Labridae,Bodianus axillaris,Bodianus axillaris,12.5,1,78.5863,POINT (-143.9600067138672 -16.440000534057617)
ep_m1_public_data.fid-7cdaa17e_183dabd0b4f_-75bf,912342375,French Polynesia,Iles Tuamotu,Tuamotus,Eastern Indo-Pacific,Tuamotos,FP39,Makemo Outside NW Pass,-16.44,-143.96,6/8/2012,5,RLS,35,13:00:00,,,1,1,Chordata,Actinopterygii,Perciformes,Labridae,Epibulus insidiator,Epibulus insidiator,25,2,704.3071,POINT (-143.9600067138672 -16.440000534057617)
ep_m1_public_data.fid-7cdaa17e_183dabd0b4f_-75be,912342375,French Polynesia,Iles Tuamotu,Tuamotus,Eastern Indo-Pacific,Tuamotos,FP39,Makemo Outside NW Pass,-16.44,-143.96,6/8/2012,5,RLS,35,13:00:00,,,1,1,Chordata,Actinopterygii,Perciformes,Labridae,Gomphosus varius,Gomphosus varius,2.5,2,0.7171,POINT (-143.9600067138672 -16.440000534057617)
ep_m1_public_data.fid-7cdaa17e_183dabd0b4f_-75bd,912342375,French Polynesia,Iles Tuamotu,Tuamotus,Eastern Indo-Pacific,Tuamotos,FP39,Makemo Outside NW Pass,-16.44,-143.96,6/8/2012,5,RLS,35,13:00:00,,,1,1,Chordata,Actinopterygii,Perciformes,Labridae,Gomphosus varius,Gomphosus varius,7.5,3,20.9566,POINT (-143.9600067138672 -16.440000534057617)
ep_m1_public_data.fid-7cdaa17e_183dabd0b4f_-75bc,912342375,French Polynesia,Iles Tuamotu,Tuamotus,Eastern Indo-Pacific,Tuamotos,FP39,Makemo Outside NW Pass,-16.44,-143.96,6/8/2012,5,RLS,35,13:00:00,,,1,1,Chordata,Actinopterygii,Perciformes,Labridae,Halichoeres ornatissimus,Halichoeres ornatissimus,2.5,2,0.5924,POINT (-143.9600067138672 -16.440000534057617)
ep_m1_public_data.fid-7cdaa17e_183dabd0b4f_-75bb,912342375,French Polynesia,Iles Tuamotu,Tuamotus,Eastern Indo-Pacific,Tuamotos,FP39,Makemo Outside NW Pass,-16.44,-143.96,6/8/2012,5,RLS,35,13:00:00,,,1,1,Chordata,Actinopterygii,Perciformes,Labridae,Labroides bicolor,Labroides bicolor,5,2,3.8556,POINT (-143.9600067138672 -16.440000534057617)
ep_m1_public_data.fid-7cdaa17e_183dabd0b4f_-75ba,912342375,French Polynesia,Iles Tuamotu,Tuamotus,Eastern Indo-Pacific,Tuamotos,FP39,Makemo Outside NW Pass,-16.44,-143.96,6/8/2012,5,RLS,35,13:00:00,,,1,1,Chordata,Actinopterygii,Perciformes,Labridae,Labroides bicolor,Labroides bicolor,7.5,2,14.2902,POINT (-143.9600067138672 -16.440000534057617)
ep_m1_public_data.fid-7cdaa17e_183dabd0b4f_-75b9,912342375,French Polynesia,Iles Tuamotu,Tuamotus,Eastern Indo-Pacific,Tuamotos,FP39,Makemo Outside NW Pass,-16.44,-143.96,6/8/2012,5,RLS,35,13:00:00,,,1,1,Chordata,Actinopterygii,Perciformes,Labridae,Labroides pectoralis,Labroides pectoralis,5,1,1.9278,POINT (-143.9600067138672 -16.440000534057617)
ep_m1_public_data.fid-7cdaa17e_183dabd0b4f_-75b8,912342375,French Polynesia,Iles Tuamotu,Tuamotus,Eastern Indo-Pacific,Tuamotos,FP39,Makemo Outside NW Pass,-16.44,-143.96,6/8/2012,5,RLS,35,13:00:00,,,1,1,Chordata,Actinopterygii,Perciformes,Labridae,Labroides pectoralis,Labroides pectoralis,7.5,2,14.2902,POINT (-143.9600067138672 -16.440000534057617)
ep_m1_public_data.fid-7cdaa17e_183dabd0b4f_-75b7,912342375,French Polynesia,Iles Tuamotu,Tuamotus,Eastern Indo-Pacific,Tuamotos,FP39,Makemo Outside NW Pass,-16.44,-143.96,6/8/2012,5,RLS,35,13:00:00,,,1,1,Chordata,Actinopterygii,Perciformes,Labridae,Pseudocheilinus hexataenia,Pseudocheilinus hexataenia,5,4,10.3789,POINT (-143.9600067138672 -16.440000534057617)
ep_m1_public_data.fid-7cdaa17e_183dabd0b4f_-75b6,912342375,French Polynesia,Iles Tuamotu,Tuamotus,Eastern Indo-Pacific,Tuamotos,FP39,Makemo Outside NW Pass,-16.44,-143.96,6/8/2012,5,RLS,35,13:00:00,,,1,1,Chordata,Actinopterygii,Perciformes,Labridae,Thalassoma amblycephalum,Thalassoma amblycephalum,7.5,2,20.2662,POINT (-143.9600067138672 -16.440000534057617)
ep_m1_public_data.fid-7cdaa17e_183dabd0b4f_-75b5,912342375,French Polynesia,Iles Tuamotu,Tuamotus,Eastern Indo-Pacific,Tuamotos,FP39,Makemo Outside NW Pass,-16.44,-143.96,6/8/2012,5,RLS,35,13:00:00,,,1,1,Chordata,Actinopterygii,Perciformes,Labridae,Thalassoma lutescens,Thalassoma lutescens,2.5,9,2.052,POINT (-143.9600067138672 -16.440000534057617)
ep_m1_public_data.fid-7cdaa17e_183dabd0b4f_-75b4,912342375,French Polynesia,Iles Tuamotu,Tuamotus,Eastern Indo-Pacific,Tuamotos,FP39,Makemo Outside NW Pass,-16.44,-143.96,6/8/2012,5,RLS,35,13:00:00,,,1,1,Chordata,Actinopterygii,Perciformes,Labridae,Thalassoma lutescens,Thalassoma lutescens,5,7,13.1449,POINT (-143.9600067138672 -16.440000534057617)
ep_m1_public_data.fid-7cdaa17e_183dabd0b4f_-75b3,912342375,French Polynesia,Iles Tuamotu,Tuamotus,Eastern Indo-Pacific,Tuamotos,FP39,Makemo Outside NW Pass,-16.44,-143.96,6/8/2012,5,RLS,35,13:00:00,,,1,1,Chordata,Actinopterygii,Perciformes,Labridae,Thalassoma quinquevittatum,Thalassoma quinquevittatum,7.5,6,60.7986,POINT (-143.9600067138672 -16.440000534057617)
ep_m1_public_data.fid-7cdaa17e_183dabd0b4f_-75b2,912342375,French Polynesia,Iles Tuamotu,Tuamotus,Eastern Indo-Pacific,Tuamotos,FP39,Makemo Outside NW Pass,-16.44,-143.96,6/8/2012,5,RLS,35,13:00:00,,,1,1,Chordata,Actinopterygii,Perciformes,Labridae,Thalassoma quinquevittatum,Thalassoma quinquevittatum,10,4,96.0768,POINT (-143.9600067138672 -16.440000534057617)
ep_m1_public_data.fid-7cdaa17e_183dabd0b4f_-75b1,912342375,French Polynesia,Iles Tuamotu,Tuamotus,Eastern Indo-Pacific,Tuamotos,FP39,Makemo Outside NW Pass,-16.44,-143.96,6/8/2012,5,RLS,35,13:00:00,,,1,1,Chordata,Actinopterygii,Perciformes,Lethrinidae,Lethrinus microdon,Lethrinus microdon,40,1,685.8264,POINT (-143.9600067138672 -16.440000534057617)
ep_m1_public_data.fid-7cdaa17e_183dabd0b4f_-75b0,912342375,French Polynesia,Iles Tuamotu,Tuamotus,Eastern Indo-Pacific,Tuamotos,FP39,Makemo Outside NW Pass,-16.44,-143.96,6/8/2012,5,RLS,35,13:00:00,,,1,1,Chordata,Actinopterygii,Perciformes,Lutjanidae,Aphareus furca,Aphareus furca,25,2,322.6872,POINT (-143.9600067138672 -16.440000534057617)
ep_m1_public_data.fid-7cdaa17e_183dabd0b4f_-75af,912342375,French Polynesia,Iles Tuamotu,Tuamotus,Eastern Indo-Pacific,Tuamotos,FP39,Makemo Outside NW Pass,-16.44,-143.96,6/8/2012,5,RLS,35,13:00:00,,,1,1,Chordata,Actinopterygii,Perciformes,Lutjanidae,Lutjanus bohar,Lutjanus bohar,50,1,1612.8638,POINT (-143.9600067138672 -16.440000534057617)
ep_m1_public_data.fid-7cdaa17e_183dabd0b4f_-75ae,912342375,French Polynesia,Iles Tuamotu,Tuamotus,Eastern Indo-Pacific,Tuamotos,FP39,Makemo Outside NW Pass,-16.44,-143.96,6/8/2012,5,RLS,35,13:00:00,,,1,1,Chordata,Actinopterygii,Perciformes,Lutjanidae,Lutjanus kasmira,Lutjanus kasmira,20,2,417.5379,POINT (-143.9600067138672 -16.440000534057617)
ep_m1_public_data.fid-7cdaa17e_183dabd0b4f_-75ad,912342375,French Polynesia,Iles Tuamotu,Tuamotus,Eastern Indo-Pacific,Tuamotos,FP39,Makemo Outside NW Pass,-16.44,-143.96,6/8/2012,5,RLS,35,13:00:00,,,1,1,Chordata,Actinopterygii,Perciformes,Pomacanthidae,Centropyge loricula,Centropyge loricula,5,7,51.5224,POINT (-143.9600067138672 -16.440000534057617)
ep_m1_public_data.fid-7cdaa17e_183dabd0b4f_-75ac,912342375,French Polynesia,Iles Tuamotu,Tuamotus,Eastern Indo-Pacific,Tuamotos,FP39,Makemo Outside NW Pass,-16.44,-143.96,6/8/2012,5,RLS,35,13:00:00,,,1,1,Chordata,Actinopterygii,Perciformes,Pomacanthidae,Pomacanthus imperator,Pomacanthus imperator,12.5,2,212.9253,POINT (-143.9600067138672 -16.440000534057617)
ep_m1_public_data.fid-7cdaa17e_183dabd0b4f_-75ab,912342375,French Polynesia,Iles Tuamotu,Tuamotus,Eastern Indo-Pacific,Tuamotos,FP39,Makemo Outside NW Pass,-16.44,-143.96,6/8/2012,5,RLS,35,13:00:00,,,1,1,Chordata,Actinopterygii,Perciformes,Pomacentridae,Chromis acares,Chromis acares,2.5,1100,444.2132,POINT (-143.9600067138672 -16.440000534057617)
ep_m1_public_data.fid-7cdaa17e_183dabd0b4f_-75aa,912342375,French Polynesia,Iles Tuamotu,Tuamotus,Eastern Indo-Pacific,Tuamotos,FP39,Makemo Outside NW Pass,-16.44,-143.96,6/8/2012,5,RLS,35,13:00:00,,,1,1,Chordata,Actinopterygii,Perciformes,Pomacentridae,Chromis agilis,Chromis agilis,5,11,41.3052,POINT (-143.9600067138672 -16.440000534057617)
ep_m1_public_data.fid-7cdaa17e_183dabd0b4f_-75a9,912342375,French Polynesia,Iles Tuamotu,Tuamotus,Eastern Indo-Pacific,Tuamotos,FP39,Makemo Outside NW Pass,-16.44,-143.96,6/8/2012,5,RLS,35,13:00:00,,,1,1,Chordata,Actinopterygii,Perciformes,Pomacentridae,Chromis margaritifer,Chromis margaritifer,2.5,40,13.6545,POINT (-143.9600067138672 -16.440000534057617)
ep_m1_public_data.fid-7cdaa17e_183dabd0b4f_-75a8,912342375,French Polynesia,Iles Tuamotu,Tuamotus,Eastern Indo-Pacific,Tuamotos,FP39,Makemo Outside NW Pass,-16.44,-143.96,6/8/2012,5,RLS,35,13:00:00,,,1,1,Chordata,Actinopterygii,Perciformes,Pomacentridae,Plectroglyphidodon dickii,Plectroglyphidodon dickii,7.5,3,60.0208,POINT (-143.9600067138672 -16.440000534057617)
ep_m1_public_data.fid-7cdaa17e_183dabd0b4f_-75a7,912342375,French Polynesia,Iles Tuamotu,Tuamotus,Eastern Indo-Pacific,Tuamotos,FP39,Makemo Outside NW Pass,-16.44,-143.96,6/8/2012,5,RLS,35,13:00:00,,,1,1,Chordata,Actinopterygii,Perciformes,Pomacentridae,Plectroglyphidodon johnstonianus,Plectroglyphidodon johnstonianus,7.5,2,40.0139,POINT (-143.9600067138672 -16.440000534057617)
ep_m1_public_data.fid-7cdaa17e_183dabd0b4f_-75a6,912342375,French Polynesia,Iles Tuamotu,Tuamotus,Eastern Indo-Pacific,Tuamotos,FP39,Makemo Outside NW Pass,-16.44,-143.96,6/8/2012,5,RLS,35,13:00:00,,,1,1,Chordata,Actinopterygii,Perciformes,Pomacentridae,Stegastes aureus,Stegastes aureus,10,3,133.3091,POINT (-143.9600067138672 -16.440000534057617)
ep_m1_public_data.fid-7cdaa17e_183dabd0b4f_-75a5,912342375,French Polynesia,Iles Tuamotu,Tuamotus,Eastern Indo-Pacific,Tuamotos,FP39,Makemo Outside NW Pass,-16.44,-143.96,6/8/2012,5,RLS,35,13:00:00,,,1,1,Chordata,Actinopterygii,Perciformes,Scaridae,Chlorurus microrhinos,Chlorurus microrhinos,40,4,4332.748,POINT (-143.9600067138672 -16.440000534057617)
ep_m1_public_data.fid-7cdaa17e_183dabd0b4f_-75a4,912342375,French Polynesia,Iles Tuamotu,Tuamotus,Eastern Indo-Pacific,Tuamotos,FP39,Makemo Outside NW Pass,-16.44,-143.96,6/8/2012,5,RLS,35,13:00:00,,,1,1,Chordata,Actinopterygii,Perciformes,Scaridae,Chlorurus sordidus,Chlorurus sordidus,12.5,4,301.6346,POINT (-143.9600067138672 -16.440000534057617)
ep_m1_public_data.fid-7cdaa17e_183dabd0b4f_-75a3,912342375,French Polynesia,Iles Tuamotu,Tuamotus,Eastern Indo-Pacific,Tuamotos,FP39,Makemo Outside NW Pass,-16.44,-143.96,6/8/2012,5,RLS,35,13:00:00,,,1,1,Chordata,Actinopterygii,Perciformes,Scaridae,Hipposcarus longiceps,Hipposcarus longiceps,40,1,531.6898,POINT (-143.9600067138672 -16.440000534057617)
ep_m1_public_data.fid-7cdaa17e_183dabd0b4f_-75a2,912342375,French Polynesia,Iles Tuamotu,Tuamotus,Eastern Indo-Pacific,Tuamotos,FP39,Makemo Outside NW Pass,-16.44,-143.96,6/8/2012,5,RLS,35,13:00:00,,,1,1,Chordata,Actinopterygii,Perciformes,Scaridae,Scarus frenatus,Scarus frenatus,20,1,330.9797,POINT (-143.9600067138672 -16.440000534057617)
ep_m1_public_data.fid-7cdaa17e_183dabd0b4f_-75a1,912342375,French Polynesia,Iles Tuamotu,Tuamotus,Eastern Indo-Pacific,Tuamotos,FP39,Makemo Outside NW Pass,-16.44,-143.96,6/8/2012,5,RLS,35,13:00:00,,,1,1,Chordata,Actinopterygii,Perciformes,Scaridae,Scarus niger,Scarus niger,35,1,565.6344,POINT (-143.9600067138672 -16.440000534057617)
ep_m1_public_data.fid-7cdaa17e_183dabd0b4f_-75a0,912342375,French Polynesia,Iles Tuamotu,Tuamotus,Eastern Indo-Pacific,Tuamotos,FP39,Makemo Outside NW Pass,-16.44,-143.96,6/8/2012,5,RLS,35,13:00:00,,,1,1,Chordata,Actinopterygii,Perciformes,Serranidae,Cephalopholis argus,Cephalopholis argus,20,1,207.9898,POINT (-143.9600067138672 -16.440000534057617)
ep_m1_public_data.fid-7cdaa17e_183dabd0b4f_-759f,912342375,French Polynesia,Iles Tuamotu,Tuamotus,Eastern Indo-Pacific,Tuamotos,FP39,Makemo Outside NW Pass,-16.44,-143.96,6/8/2012,5,RLS,35,13:00:00,,,1,1,Chordata,Actinopterygii,Perciformes,Serranidae,Cephalopholis argus,Cephalopholis argus,25,3,973.87,POINT (-143.9600067138672 -16.440000534057617)
ep_m1_public_data.fid-7cdaa17e_183dabd0b4f_-759e,912342375,French Polynesia,Iles Tuamotu,Tuamotus,Eastern Indo-Pacific,Tuamotos,FP39,Makemo Outside NW Pass,-16.44,-143.96,6/8/2012,5,RLS,35,13:00:00,,,1,1,Chordata,Actinopterygii,Perciformes,Sphyraenidae,Sphyraena barracuda,Sphyraena barracuda,112.5,1,5731.0664,POINT (-143.9600067138672 -16.440000534057617)
ep_m1_public_data.fid-7cdaa17e_183dabd0b4f_-759d,912342375,French Polynesia,Iles Tuamotu,Tuamotus,Eastern Indo-Pacific,Tuamotos,FP39,Makemo Outside NW Pass,-16.44,-143.96,6/8/2012,5,RLS,35,13:00:00,,,1,1,Chordata,Actinopterygii,Syngnathiformes,Aulostomidae,Aulostomus chinensis,Aulostomus chinensis,40,1,62.9893,POINT (-143.9600067138672 -16.440000534057617)
ep_m1_public_data.fid-7cdaa17e_183dabd0b4f_-759c,912342375,French Polynesia,Iles Tuamotu,Tuamotus,Eastern Indo-Pacific,Tuamotos,FP39,Makemo Outside NW Pass,-16.44,-143.96,6/8/2012,5,RLS,35,13:00:00,,,1,1,Chordata,Actinopterygii,Syngnathiformes,Aulostomidae,Aulostomus chinensis,Aulostomus chinensis,50,1,139.3032,POINT (-143.9600067138672 -16.440000534057617)
ep_m1_public_data.fid-7cdaa17e_183dabd0b4f_-759b,912342375,French Polynesia,Iles Tuamotu,Tuamotus,Eastern Indo-Pacific,Tuamotos,FP39,Makemo Outside NW Pass,-16.44,-143.96,6/8/2012,5,RLS,35,13:00:00,,,1,1,Chordata,Actinopterygii,Tetraodontiformes,Balistidae,Melichthys niger,Melichthys niger,20,3,719.409,POINT (-143.9600067138672 -16.440000534057617)
ep_m1_public_data.fid-7cdaa17e_183dabd0b4f_-759a,912342375,French Polynesia,Iles Tuamotu,Tuamotus,Eastern Indo-Pacific,Tuamotos,FP39,Makemo Outside NW Pass,-16.44,-143.96,6/8/2012,5,RLS,35,13:00:00,,,1,2,Chordata,Actinopterygii,Beryciformes,Holocentridae,Sargocentron microstoma,Sargocentron microstoma,20,1,239.709,POINT (-143.9600067138672 -16.440000534057617)
ep_m1_public_data.fid-7cdaa17e_183dabd0b4f_-7599,912342375,French Polynesia,Iles Tuamotu,Tuamotus,Eastern Indo-Pacific,Tuamotos,FP39,Makemo Outside NW Pass,-16.44,-143.96,6/8/2012,5,RLS,35,13:00:00,,,1,2,Chordata,Actinopterygii,Beryciformes,Holocentridae,Sargocentron spiniferum,Sargocentron spiniferum,35,1,733.03,POINT (-143.9600067138672 -16.440000534057617)
ep_m1_public_data.fid-7cdaa17e_183dabd0b4f_-7598,912342375,French Polynesia,Iles Tuamotu,Tuamotus,Eastern Indo-Pacific,Tuamotos,FP39,Makemo Outside NW Pass,-16.44,-143.96,6/8/2012,5,RLS,35,13:00:00,,,1,2,Chordata,Actinopterygii,Perciformes,Acanthuridae,Acanthurus achilles,Acanthurus achilles,12.5,8,67.5,POINT (-143.9600067138672 -16.440000534057617)
ep_m1_public_data.fid-7cdaa17e_183dabd0b4f_-7597,912342375,French Polynesia,Iles Tuamotu,Tuamotus,Eastern Indo-Pacific,Tuamotos,FP39,Makemo Outside NW Pass,-16.44,-143.96,6/8/2012,5,RLS,35,13:00:00,,,1,2,Chordata,Actinopterygii,Perciformes,Acanthuridae,Acanthurus achilles,Acanthurus achilles,15,13,189.54,POINT (-143.9600067138672 -16.440000534057617)
ep_m1_public_data.fid-7cdaa17e_183dabd0b4f_-7596,912342375,French Polynesia,Iles Tuamotu,Tuamotus,Eastern Indo-Pacific,Tuamotos,FP39,Makemo Outside NW Pass,-16.44,-143.96,6/8/2012,5,RLS,35,13:00:00,,,1,2,Chordata,Actinopterygii,Perciformes,Acanthuridae,Acanthurus achilles,Acanthurus achilles,20,2,63.2467,POINT (-143.9600067138672 -16.440000534057617)
ep_m1_public_data.fid-7cdaa17e_183dabd0b4f_-7595,912342375,French Polynesia,Iles Tuamotu,Tuamotus,Eastern Indo-Pacific,Tuamotos,FP39,Makemo Outside NW Pass,-16.44,-143.96,6/8/2012,5,RLS,35,13:00:00,,,1,2,Chordata,Actinopterygii,Perciformes,Acanthuridae,Acanthurus nigricans,Acanthurus nigricans,12.5,8,510.1609,POINT (-143.9600067138672 -16.440000534057617)
ep_m1_public_data.fid-7cdaa17e_183dabd0b4f_-7594,912342375,French Polynesia,Iles Tuamotu,Tuamotus,Eastern Indo-Pacific,Tuamotos,FP39,Makemo Outside NW Pass,-16.44,-143.96,6/8/2012,5,RLS,35,13:00:00,,,1,2,Chordata,Actinopterygii,Perciformes,Acanthuridae,Ctenochaetus flavicauda,Ctenochaetus flavicauda,10,2,63.3907,POINT (-143.9600067138672 -16.440000534057617)
ep_m1_public_data.fid-7cdaa17e_183dabd0b4f_-7593,912342375,French Polynesia,Iles Tuamotu,Tuamotus,Eastern Indo-Pacific,Tuamotos,FP39,Makemo Outside NW Pass,-16.44,-143.96,6/8/2012,5,RLS,35,13:00:00,,,1,2,Chordata,Actinopterygii,Perciformes,Blenniidae,Cirripectes variolosus,Cirripectes variolosus,5,2,7.5829,POINT (-143.9600067138672 -16.440000534057617)
ep_m1_public_data.fid-7cdaa17e_183dabd0b4f_-7592,912342375,French Polynesia,Iles Tuamotu,Tuamotus,Eastern Indo-Pacific,Tuamotos,FP39,Makemo Outside NW Pass,-16.44,-143.96,6/8/2012,5,RLS,35,13:00:00,,,1,2,Chordata,Actinopterygii,Perciformes,Chaetodontidae,Chaetodon citrinellus,Chaetodon citrinellus,7.5,3,53.6067,POINT (-143.9600067138672 -16.440000534057617)
ep_m1_public_data.fid-7cdaa17e_183dabd0b4f_-7591,912342375,French Polynesia,Iles Tuamotu,Tuamotus,Eastern Indo-Pacific,Tuamotos,FP39,Makemo Outside NW Pass,-16.44,-143.96,6/8/2012,5,RLS,35,13:00:00,,,1,2,Chordata,Actinopterygii,Perciformes,Chaetodontidae,Chaetodon pelewensis,Chaetodon pelewensis,5,2,13.2233,POINT (-143.9600067138672 -16.440000534057617)
ep_m1_public_data.fid-7cdaa17e_183dabd0b4f_-7590,912342375,French Polynesia,Iles Tuamotu,Tuamotus,Eastern Indo-Pacific,Tuamotos,FP39,Makemo Outside NW Pass,-16.44,-143.96,6/8/2012,5,RLS,35,13:00:00,,,1,2,Chordata,Actinopterygii,Perciformes,Chaetodontidae,Chaetodon pelewensis,Chaetodon pelewensis,7.5,4,84.7433,POINT (-143.9600067138672 -16.440000534057617)
ep_m1_public_data.fid-7cdaa17e_183dabd0b4f_-758f,912342375,French Polynesia,Iles Tuamotu,Tuamotus,Eastern Indo-Pacific,Tuamotos,FP39,Makemo Outside NW Pass,-16.44,-143.96,6/8/2012,5,RLS,35,13:00:00,,,1,2,Chordata,Actinopterygii,Perciformes,Chaetodontidae,Chaetodon quadrimaculatus,Chaetodon quadrimaculatus,7.5,3,67.1441,POINT (-143.9600067138672 -16.440000534057617)
ep_m1_public_data.fid-7cdaa17e_183dabd0b4f_-758e,912342375,French Polynesia,Iles Tuamotu,Tuamotus,Eastern Indo-Pacific,Tuamotos,FP39,Makemo Outside NW Pass,-16.44,-143.96,6/8/2012,5,RLS,35,13:00:00,,,1,2,Chordata,Actinopterygii,Perciformes,Chaetodontidae,Chaetodon quadrimaculatus,Chaetodon quadrimaculatus,10,3,158.4255,POINT (-143.9600067138672 -16.440000534057617)
ep_m1_public_data.fid-7cdaa17e_183dabd0b4f_-758d,912342375,French Polynesia,Iles Tuamotu,Tuamotus,Eastern Indo-Pacific,Tuamotos,FP39,Makemo Outside NW Pass,-16.44,-143.96,6/8/2012,5,RLS,35,13:00:00,,,1,2,Chordata,Actinopterygii,Perciformes,Chaetodontidae,Chaetodon trifascialis,Chaetodon trifascialis,7.5,3,60.1406,POINT (-143.9600067138672 -16.440000534057617)
ep_m1_public_data.fid-7cdaa17e_183dabd0b4f_-758c,912342375,French Polynesia,Iles Tuamotu,Tuamotus,Eastern Indo-Pacific,Tuamotos,FP39,Makemo Outside NW Pass,-16.44,-143.96,6/8/2012,5,RLS,35,13:00:00,,,1,2,Chordata,Actinopterygii,Perciformes,Chaetodontidae,Chaetodon unimaculatus,Chaetodon unimaculatus,10,1,60.8202,POINT (-143.9600067138672 -16.440000534057617)
ep_m1_public_data.fid-7cdaa17e_183dabd0b4f_-758b,912342375,French Polynesia,Iles Tuamotu,Tuamotus,Eastern Indo-Pacific,Tuamotos,FP39,Makemo Outside NW Pass,-16.44,-143.96,6/8/2012,5,RLS,35,13:00:00,,,1,2,Chordata,Actinopterygii,Perciformes,Chaetodontidae,Forcipiger flavissimus,Forcipiger flavissimus,10,3,58.3593,POINT (-143.9600067138672 -16.440000534057617)
ep_m1_public_data.fid-7cdaa17e_183dabd0b4f_-758a,912342375,French Polynesia,Iles Tuamotu,Tuamotus,Eastern Indo-Pacific,Tuamotos,FP39,Makemo Outside NW Pass,-16.44,-143.96,6/8/2012,5,RLS,35,13:00:00,,,1,2,Chordata,Actinopterygii,Perciformes,Cirrhitidae,Paracirrhites arcatus,Paracirrhites arcatus,2.5,3,1.2711,POINT (-143.9600067138672 -16.440000534057617)
ep_m1_public_data.fid-7cdaa17e_183dabd0b4f_-7589,912342375,French Polynesia,Iles Tuamotu,Tuamotus,Eastern Indo-Pacific,Tuamotos,FP39,Makemo Outside NW Pass,-16.44,-143.96,6/8/2012,5,RLS,35,13:00:00,,,1,2,Chordata,Actinopterygii,Perciformes,Cirrhitidae,Paracirrhites arcatus,Paracirrhites arcatus,7.5,4,52.0371,POINT (-143.9600067138672 -16.440000534057617)
ep_m1_public_data.fid-7cdaa17e_183dabd0b4f_-7588,912342375,French Polynesia,Iles Tuamotu,Tuamotus,Eastern Indo-Pacific,Tuamotos,FP39,Makemo Outside NW Pass,-16.44,-143.96,6/8/2012,5,RLS,35,13:00:00,,,1,2,Chordata,Actinopterygii,Perciformes,Labridae,Bodianus axillaris,Bodianus axillaris,12.5,1,78.5863,POINT (-143.9600067138672 -16.440000534057617)
ep_m1_public_data.fid-7cdaa17e_183dabd0b4f_-7587,912342375,French Polynesia,Iles Tuamotu,Tuamotus,Eastern Indo-Pacific,Tuamotos,FP39,Makemo Outside NW Pass,-16.44,-143.96,6/8/2012,5,RLS,35,13:00:00,,,1,2,Chordata,Actinopterygii,Perciformes,Labridae,Cheilinus chlorourus,Cheilinus chlorourus,15,2,220.8864,POINT (-143.9600067138672 -16.440000534057617)
ep_m1_public_data.fid-7cdaa17e_183dabd0b4f_-7586,912342375,French Polynesia,Iles Tuamotu,Tuamotus,Eastern Indo-Pacific,Tuamotos,FP39,Makemo Outside NW Pass,-16.44,-143.96,6/8/2012,5,RLS,35,13:00:00,,,1,2,Chordata,Actinopterygii,Perciformes,Labridae,Epibulus insidiator,Epibulus insidiator,20,1,228.8086,POINT (-143.9600067138672 -16.440000534057617)
ep_m1_public_data.fid-7cdaa17e_183dabd0b4f_-7585,912342375,French Polynesia,Iles Tuamotu,Tuamotus,Eastern Indo-Pacific,Tuamotos,FP39,Makemo Outside NW Pass,-16.44,-143.96,6/8/2012,5,RLS,35,13:00:00,,,1,2,Chordata,Actinopterygii,Perciformes,Labridae,Halichoeres hortulanus,Halichoeres hortulanus,20,2,368.2608,POINT (-143.9600067138672 -16.440000534057617)
ep_m1_public_data.fid-7cdaa17e_183dabd0b4f_-7584,912342375,French Polynesia,Iles Tuamotu,Tuamotus,Eastern Indo-Pacific,Tuamotos,FP39,Makemo Outside NW Pass,-16.44,-143.96,6/8/2012,5,RLS,35,13:00:00,,,1,2,Chordata,Actinopterygii,Perciformes,Labridae,Labroides bicolor,Labroides bicolor,7.5,1,7.1451,POINT (-143.9600067138672 -16.440000534057617)
ep_m1_public_data.fid-7cdaa17e_183dabd0b4f_-7583,912342375,French Polynesia,Iles Tuamotu,Tuamotus,Eastern Indo-Pacific,Tuamotos,FP39,Makemo Outside NW Pass,-16.44,-143.96,6/8/2012,5,RLS,35,13:00:00,,,1,2,Chordata,Actinopterygii,Perciformes,Labridae,Pseudocheilinus hexataenia,Pseudocheilinus hexataenia,2.5,4,1.3534,POINT (-143.9600067138672 -16.440000534057617)
ep_m1_public_data.fid-7cdaa17e_183dabd0b4f_-7582,912342375,French Polynesia,Iles Tuamotu,Tuamotus,Eastern Indo-Pacific,Tuamotos,FP39,Makemo Outside NW Pass,-16.44,-143.96,6/8/2012,5,RLS,35,13:00:00,,,1,2,Chordata,Actinopterygii,Perciformes,Labridae,Pseudocheilinus hexataenia,Pseudocheilinus hexataenia,7.5,2,17.0865,POINT (-143.9600067138672 -16.440000534057617)
ep_m1_public_data.fid-7cdaa17e_183dabd0b4f_-7581,912342375,French Polynesia,Iles Tuamotu,Tuamotus,Eastern Indo-Pacific,Tuamotos,FP39,Makemo Outside NW Pass,-16.44,-143.96,6/8/2012,5,RLS,35,13:00:00,,,1,2,Chordata,Actinopterygii,Perciformes,Labridae,Thalassoma quinquevittatum,Thalassoma quinquevittatum,5,3,9.0072,POINT (-143.9600067138672 -16.440000534057617)
ep_m1_public_data.fid-7cdaa17e_183dabd0b4f_-7580,912342375,French Polynesia,Iles Tuamotu,Tuamotus,Eastern Indo-Pacific,Tuamotos,FP39,Makemo Outside NW Pass,-16.44,-143.96,6/8/2012,5,RLS,35,13:00:00,,,1,2,Chordata,Actinopterygii,Perciformes,Labridae,Thalassoma quinquevittatum,Thalassoma quinquevittatum,7.5,3,30.3993,POINT (-143.9600067138672 -16.440000534057617)
ep_m1_public_data.fid-7cdaa17e_183dabd0b4f_-757f,912342375,French Polynesia,Iles Tuamotu,Tuamotus,Eastern Indo-Pacific,Tuamotos,FP39,Makemo Outside NW Pass,-16.44,-143.96,6/8/2012,5,RLS,35,13:00:00,,,1,2,Chordata,Actinopterygii,Perciformes,Lethrinidae,Monotaxis heterodon,Monotaxis heterodon,25,1,411.8232,POINT (-143.9600067138672 -16.440000534057617)
ep_m1_public_data.fid-7cdaa17e_183dabd0b4f_-757e,912342375,French Polynesia,Iles Tuamotu,Tuamotus,Eastern Indo-Pacific,Tuamotos,FP39,Makemo Outside NW Pass,-16.44,-143.96,6/8/2012,5,RLS,35,13:00:00,,,1,2,Chordata,Actinopterygii,Perciformes,Mullidae,Parupeneus multifasciatus,Parupeneus multifasciatus,30,1,287.021,POINT (-143.9600067138672 -16.440000534057617)
ep_m1_public_data.fid-7cdaa17e_183dabd0b4f_-757d,912342375,French Polynesia,Iles Tuamotu,Tuamotus,Eastern Indo-Pacific,Tuamotos,FP39,Makemo Outside NW Pass,-16.44,-143.96,6/8/2012,5,RLS,35,13:00:00,,,1,2,Chordata,Actinopterygii,Perciformes,Pomacanthidae,Centropyge flavissima,Centropyge flavissima,10,3,,POINT (-143.9600067138672 -16.440000534057617)
ep_m1_public_data.fid-7cdaa17e_183dabd0b4f_-757c,912342375,French Polynesia,Iles Tuamotu,Tuamotus,Eastern Indo-Pacific,Tuamotos,FP39,Makemo Outside NW Pass,-16.44,-143.96,6/8/2012,5,RLS,35,13:00:00,,,1,2,Chordata,Actinopterygii,Perciformes,Pomacanthidae,Centropyge loricula,Centropyge loricula,5,7,51.5224,POINT (-143.9600067138672 -16.440000534057617)
ep_m1_public_data.fid-7cdaa17e_183dabd0b4f_-757b,912342375,French Polynesia,Iles Tuamotu,Tuamotus,Eastern Indo-Pacific,Tuamotos,FP39,Makemo Outside NW Pass,-16.44,-143.96,6/8/2012,5,RLS,35,13:00:00,,,1,2,Chordata,Actinopterygii,Perciformes,Pomacanthidae,Centropyge loricula,Centropyge loricula,7.5,3,68.5795,POINT (-143.9600067138672 -16.440000534057617)
ep_m1_public_data.fid-7cdaa17e_183dabd0b4f_-757a,912342375,French Polynesia,Iles Tuamotu,Tuamotus,Eastern Indo-Pacific,Tuamotos,FP39,Makemo Outside NW Pass,-16.44,-143.96,6/8/2012,5,RLS,35,13:00:00,,,1,2,Chordata,Actinopterygii,Perciformes,Pomacentridae,Chromis acares,Chromis acares,2.5,600,242.2981,POINT (-143.9600067138672 -16.440000534057617)
ep_m1_public_data.fid-7cdaa17e_183dabd0b4f_-7579,912342375,French Polynesia,Iles Tuamotu,Tuamotus,Eastern Indo-Pacific,Tuamotos,FP39,Makemo Outside NW Pass,-16.44,-143.96,6/8/2012,5,RLS,35,13:00:00,,,1,2,Chordata,Actinopterygii,Perciformes,Pomacentridae,Chromis acares,Chromis acares,5,250,938.7551,POINT (-143.9600067138672 -16.440000534057617)
ep_m1_public_data.fid-7cdaa17e_183dabd0b4f_-7578,912342375,French Polynesia,Iles Tuamotu,Tuamotus,Eastern Indo-Pacific,Tuamotos,FP39,Makemo Outside NW Pass,-16.44,-143.96,6/8/2012,5,RLS,35,13:00:00,,,1,2,Chordata,Actinopterygii,Perciformes,Pomacentridae,Chromis agilis,Chromis agilis,7.5,2,27.6776,POINT (-143.9600067138672 -16.440000534057617)
ep_m1_public_data.fid-7cdaa17e_183dabd0b4f_-7577,912342375,French Polynesia,Iles Tuamotu,Tuamotus,Eastern Indo-Pacific,Tuamotos,FP39,Makemo Outside NW Pass,-16.44,-143.96,6/8/2012,5,RLS,35,13:00:00,,,1,2,Chordata,Actinopterygii,Perciformes,Pomacentridae,Chromis xanthura,Chromis xanthura,7.5,3,41.5163,POINT (-143.9600067138672 -16.440000534057617)
ep_m1_public_data.fid-7cdaa17e_183dabd0b4f_-7576,912342375,French Polynesia,Iles Tuamotu,Tuamotus,Eastern Indo-Pacific,Tuamotos,FP39,Makemo Outside NW Pass,-16.44,-143.96,6/8/2012,5,RLS,35,13:00:00,,,1,2,Chordata,Actinopterygii,Perciformes,Pomacentridae,Chromis xanthura,Chromis xanthura,10,7,244.4127,POINT (-143.9600067138672 -16.440000534057617)
,,,,,,,,,,,,,,,,,,,,,,,,,,13.75,2838,68327.3079,
