ep_m1_public_data.fid--6d42ff34_183dac69041_5430,912341183,Tonga,Tongatapu,Samoa Islands,Eastern Indo-Pacific,Tonga,PAC48,Niuatoputapu motu1,-15.93,-173.78,9/1/2012,6,RLS,23,13:00:00,,,1,1,Chordata,Actinopterygii,Perciformes,Acanthuridae,Ctenochaetus striatus,Ctenochaetus striatus,25,12,4405.933,POINT (-173.77999877929688 -15.930000305175781)
ep_m1_public_data.fid--6d42ff34_183dac69041_5431,912341183,Tonga,Tongatapu,Samoa Islands,Eastern Indo-Pacific,Tonga,PAC48,Niuatoputapu motu1,-15.93,-173.78,9/1/2012,6,RLS,23,13:00:00,,,1,1,Chordata,Actinopterygii,Perciformes,Acanthuridae,Zebrasoma scopas,Zebrasoma scopas,15,12,1995.744,POINT (-173.77999877929688 -15.930000305175781)
ep_m1_public_data.fid--6d42ff34_183dac69041_5432,912341183,Tonga,Tongatapu,Samoa Islands,Eastern Indo-Pacific,Tonga,PAC48,Niuatoputapu motu1,-15.93,-173.78,9/1/2012,6,RLS,23,13:00:00,,,1,1,Chordata,Actinopterygii,Perciformes,Chaetodontidae,Chaetodon lunula,Chaetodon lunula,15,1,177.0762,POINT (-173.77999877929688 -15.930000305175781)
ep_m1_public_data.fid--6d42ff34_183dac69041_5433,912341183,Tonga,Tongatapu,Samoa Islands,Eastern Indo-Pacific,Tonga,PAC48,Niuatoputapu motu1,-15.93,-173.78,9/1/2012,6,RLS,23,13:00:00,,,1,1,Chordata,Actinopterygii,Perciformes,Labridae,Anampses twistii,Anampses twistii,7.5,2,17.0865,POINT (-173.77999877929688 -15.930000305175781)
ep_m1_public_data.fid--6d42ff34_183dac69041_5434,912341183,Tonga,Tongatapu,Samoa Islands,Eastern Indo-Pacific,Tonga,PAC48,Niuatoputapu motu1,-15.93,-173.78,9/1/2012,6,RLS,23,13:00:00,,,1,1,Chordata,Actinopterygii,Perciformes,Labridae,Anampses twistii,Anampses twistii,12.5,1,38.3387,POINT (-173.77999877929688 -15.930000305175781)
ep_m1_public_data.fid--6d42ff34_183dac69041_5435,912341183,Tonga,Tongatapu,Samoa Islands,Eastern Indo-Pacific,Tonga,PAC48,Niuatoputapu motu1,-15.93,-173.78,9/1/2012,6,RLS,23,13:00:00,,,1,1,Chordata,Actinopterygii,Perciformes,Labridae,Halichoeres marginatus,Halichoeres marginatus,12.5,1,54.8847,POINT (-173.77999877929688 -15.930000305175781)
ep_m1_public_data.fid--6d42ff34_183dac69041_5436,912341183,Tonga,Tongatapu,Samoa Islands,Eastern Indo-Pacific,Tonga,PAC48,Niuatoputapu motu1,-15.93,-173.78,9/1/2012,6,RLS,23,13:00:00,,,1,1,Chordata,Actinopterygii,Perciformes,Labridae,Thalassoma hardwicke,Thalassoma hardwicke,5,2,4.6316,POINT (-173.77999877929688 -15.930000305175781)
ep_m1_public_data.fid--6d42ff34_183dac69041_5437,912341183,Tonga,Tongatapu,Samoa Islands,Eastern Indo-Pacific,Tonga,PAC48,Niuatoputapu motu1,-15.93,-173.78,9/1/2012,6,RLS,23,13:00:00,,,1,1,Chordata,Actinopterygii,Perciformes,Pomacanthidae,Centropyge flavissima,Centropyge flavissima,7.5,4,91.4393,POINT (-173.77999877929688 -15.930000305175781)
ep_m1_public_data.fid--6d42ff34_183dac69041_5438,912341183,Tonga,Tongatapu,Samoa Islands,Eastern Indo-Pacific,Tonga,PAC48,Niuatoputapu motu1,-15.93,-173.78,9/1/2012,6,RLS,23,13:00:00,,,1,1,Chordata,Actinopterygii,Perciformes,Pomacentridae,Chrysiptera taupou,Chrysiptera taupou,2.5,25,13.1396,POINT (-173.77999877929688 -15.930000305175781)
ep_m1_public_data.fid--6d42ff34_183dac69041_5439,912341183,Tonga,Tongatapu,Samoa Islands,Eastern Indo-Pacific,Tonga,PAC48,Niuatoputapu motu1,-15.93,-173.78,9/1/2012,6,RLS,23,13:00:00,,,1,1,Chordata,Actinopterygii,Perciformes,Pomacentridae,Chrysiptera taupou,Chrysiptera taupou,5,4,16.8304,POINT (-173.77999877929688 -15.930000305175781)
ep_m1_public_data.fid--6d42ff34_183dac69041_543a,912341183,Tonga,Tongatapu,Samoa Islands,Eastern Indo-Pacific,Tonga,PAC48,Niuatoputapu motu1,-15.93,-173.78,9/1/2012,6,RLS,23,13:00:00,,,1,1,Chordata,Actinopterygii,Perciformes,Scaridae,Chlorurus sordidus,Chlorurus sordidus,12.5,6,452.452,POINT (-173.77999877929688 -15.930000305175781)
ep_m1_public_data.fid--6d42ff34_183dac69041_543b,912341183,Tonga,Tongatapu,Samoa Islands,Eastern Indo-Pacific,Tonga,PAC48,Niuatoputapu motu1,-15.93,-173.78,9/1/2012,6,RLS,23,13:00:00,,,1,2,Chordata,Actinopterygii,Perciformes,Acanthuridae,Ctenochaetus striatus,Ctenochaetus striatus,15,15,1627.3116,POINT (-173.77999877929688 -15.930000305175781)
ep_m1_public_data.fid--6d42ff34_183dac69041_543c,912341183,Tonga,Tongatapu,Samoa Islands,Eastern Indo-Pacific,Tonga,PAC48,Niuatoputapu motu1,-15.93,-173.78,9/1/2012,6,RLS,23,13:00:00,,,1,2,Chordata,Actinopterygii,Perciformes,Acanthuridae,Ctenochaetus striatus,Ctenochaetus striatus,25,8,2937.2888,POINT (-173.77999877929688 -15.930000305175781)
ep_m1_public_data.fid--6d42ff34_183dac69041_543d,912341183,Tonga,Tongatapu,Samoa Islands,Eastern Indo-Pacific,Tonga,PAC48,Niuatoputapu motu1,-15.93,-173.78,9/1/2012,6,RLS,23,13:00:00,,,1,2,Chordata,Actinopterygii,Perciformes,Labridae,Halichoeres hortulanus,Halichoeres hortulanus,20,2,368.2608,POINT (-173.77999877929688 -15.930000305175781)
ep_m1_public_data.fid--6d42ff34_183dac69041_543e,912341183,Tonga,Tongatapu,Samoa Islands,Eastern Indo-Pacific,Tonga,PAC48,Niuatoputapu motu1,-15.93,-173.78,9/1/2012,6,RLS,23,13:00:00,,,1,2,Chordata,Actinopterygii,Perciformes,Pomacanthidae,Centropyge flavissima,Centropyge flavissima,7.5,3,68.5795,POINT (-173.77999877929688 -15.930000305175781)
ep_m1_public_data.fid--6d42ff34_183dac69041_543f,912341183,Tonga,Tongatapu,Samoa Islands,Eastern Indo-Pacific,Tonga,PAC48,Niuatoputapu motu1,-15.93,-173.78,9/1/2012,6,RLS,23,13:00:00,,,1,2,Chordata,Actinopterygii,Perciformes,Pomacentridae,Pomacentrus imitator,Pomacentrus imitator,7.5,6,51.8962,POINT (-173.77999877929688 -15.930000305175781)
ep_m1_public_data.fid--6d42ff34_183dac69041_5440,912341183,Tonga,Tongatapu,Samoa Islands,Eastern Indo-Pacific,Tonga,PAC48,Niuatoputapu motu1,-15.93,-173.78,9/1/2012,6,RLS,23,13:00:00,,,1,2,Chordata,Actinopterygii,Perciformes,Scaridae,Chlorurus sordidus,Chlorurus sordidus,5,12,59.5825,POINT (-173.77999877929688 -15.930000305175781)
ep_m1_public_data.fid--6d42ff34_183dac69041_547b,912341183,Tonga,Tongatapu,Samoa Islands,Eastern Indo-Pacific,Tonga,PAC48,Niuatoputapu motu1,-15.93,-173.78,9/1/2012,6,RLS,23,13:00:00,,,1,1,Chordata,Actinopterygii,Perciformes,Acanthuridae,Naso lituratus,Naso lituratus,30,2,747.3864,POINT (-173.77999877929688 -15.930000305175781)
ep_m1_public_data.fid--6d42ff34_183dac69041_547c,912341183,Tonga,Tongatapu,Samoa Islands,Eastern Indo-Pacific,Tonga,PAC48,Niuatoputapu motu1,-15.93,-173.78,9/1/2012,6,RLS,23,13:00:00,,,1,1,Chordata,Actinopterygii,Perciformes,Acanthuridae,Naso unicornis,Naso unicornis,35,1,493.8623,POINT (-173.77999877929688 -15.930000305175781)
ep_m1_public_data.fid--6d42ff34_183dac69041_547d,912341183,Tonga,Tongatapu,Samoa Islands,Eastern Indo-Pacific,Tonga,PAC48,Niuatoputapu motu1,-15.93,-173.78,9/1/2012,6,RLS,23,13:00:00,,,1,1,Chordata,Actinopterygii,Perciformes,Labridae,Gomphosus varius,Gomphosus varius,10,1,15.2023,POINT (-173.77999877929688 -15.930000305175781)
ep_m1_public_data.fid--6d42ff34_183dac69041_547e,912341183,Tonga,Tongatapu,Samoa Islands,Eastern Indo-Pacific,Tonga,PAC48,Niuatoputapu motu1,-15.93,-173.78,9/1/2012,6,RLS,23,13:00:00,,,1,1,Chordata,Actinopterygii,Perciformes,Labridae,Halichoeres hortulanus,Halichoeres hortulanus,5,1,2.8827,POINT (-173.77999877929688 -15.930000305175781)
ep_m1_public_data.fid--6d42ff34_183dac69041_547f,912341183,Tonga,Tongatapu,Samoa Islands,Eastern Indo-Pacific,Tonga,PAC48,Niuatoputapu motu1,-15.93,-173.78,9/1/2012,6,RLS,23,13:00:00,,,1,1,Chordata,Actinopterygii,Perciformes,Labridae,Halichoeres hortulanus,Halichoeres hortulanus,20,2,368.2608,POINT (-173.77999877929688 -15.930000305175781)
ep_m1_public_data.fid--6d42ff34_183dac69041_5480,912341183,Tonga,Tongatapu,Samoa Islands,Eastern Indo-Pacific,Tonga,PAC48,Niuatoputapu motu1,-15.93,-173.78,9/1/2012,6,RLS,23,13:00:00,,,1,1,Chordata,Actinopterygii,Perciformes,Lutjanidae,Aphareus furca,Aphareus furca,30,1,234.3329,POINT (-173.77999877929688 -15.930000305175781)
ep_m1_public_data.fid--6d42ff34_183dac69041_5481,912341183,Tonga,Tongatapu,Samoa Islands,Eastern Indo-Pacific,Tonga,PAC48,Niuatoputapu motu1,-15.93,-173.78,9/1/2012,6,RLS,23,13:00:00,,,1,1,Chordata,Actinopterygii,Perciformes,Lutjanidae,Lutjanus monostigma,Lutjanus monostigma,35,1,563.0701,POINT (-173.77999877929688 -15.930000305175781)
ep_m1_public_data.fid--6d42ff34_183dac69041_5482,912341183,Tonga,Tongatapu,Samoa Islands,Eastern Indo-Pacific,Tonga,PAC48,Niuatoputapu motu1,-15.93,-173.78,9/1/2012,6,RLS,23,13:00:00,,,1,1,Chordata,Actinopterygii,Perciformes,Pomacentridae,Plectroglyphidodon lacrymatus,Plectroglyphidodon lacrymatus,2.5,12,13.2784,POINT (-173.77999877929688 -15.930000305175781)
ep_m1_public_data.fid--6d42ff34_183dac69041_5483,912341183,Tonga,Tongatapu,Samoa Islands,Eastern Indo-Pacific,Tonga,PAC48,Niuatoputapu motu1,-15.93,-173.78,9/1/2012,6,RLS,23,13:00:00,,,1,1,Chordata,Actinopterygii,Perciformes,Pomacentridae,Pomacentrus imitator,Pomacentrus imitator,2.5,8,1.5309,POINT (-173.77999877929688 -15.930000305175781)
ep_m1_public_data.fid--6d42ff34_183dac69041_5484,912341183,Tonga,Tongatapu,Samoa Islands,Eastern Indo-Pacific,Tonga,PAC48,Niuatoputapu motu1,-15.93,-173.78,9/1/2012,6,RLS,23,13:00:00,,,1,1,Chordata,Actinopterygii,Perciformes,Pomacentridae,Pomacentrus vaiuli,Pomacentrus vaiuli,2.5,65,37.0832,POINT (-173.77999877929688 -15.930000305175781)
ep_m1_public_data.fid--6d42ff34_183dac69041_5485,912341183,Tonga,Tongatapu,Samoa Islands,Eastern Indo-Pacific,Tonga,PAC48,Niuatoputapu motu1,-15.93,-173.78,9/1/2012,6,RLS,23,13:00:00,,,1,1,Chordata,Actinopterygii,Perciformes,Pomacentridae,Pomacentrus vaiuli,Pomacentrus vaiuli,5,43,151.6487,POINT (-173.77999877929688 -15.930000305175781)
ep_m1_public_data.fid--6d42ff34_183dac69041_5486,912341183,Tonga,Tongatapu,Samoa Islands,Eastern Indo-Pacific,Tonga,PAC48,Niuatoputapu motu1,-15.93,-173.78,9/1/2012,6,RLS,23,13:00:00,,,1,1,Chordata,Actinopterygii,Perciformes,Scaridae,Chlorurus sordidus,Chlorurus sordidus,20,1,278.7957,POINT (-173.77999877929688 -15.930000305175781)
ep_m1_public_data.fid--6d42ff34_183dac69041_5487,912341183,Tonga,Tongatapu,Samoa Islands,Eastern Indo-Pacific,Tonga,PAC48,Niuatoputapu motu1,-15.93,-173.78,9/1/2012,6,RLS,23,13:00:00,,,1,1,Chordata,Actinopterygii,Perciformes,Serranidae,Plectropomus laevis,Plectropomus laevis,30,1,334.9083,POINT (-173.77999877929688 -15.930000305175781)
ep_m1_public_data.fid--6d42ff34_183dac69041_5488,912341183,Tonga,Tongatapu,Samoa Islands,Eastern Indo-Pacific,Tonga,PAC48,Niuatoputapu motu1,-15.93,-173.78,9/1/2012,6,RLS,23,13:00:00,,,1,2,Chordata,Actinopterygii,Perciformes,Acanthuridae,Acanthurus nigrofuscus,Acanthurus nigrofuscus,10,9,276.1777,POINT (-173.77999877929688 -15.930000305175781)
ep_m1_public_data.fid--6d42ff34_183dac69041_5489,912341183,Tonga,Tongatapu,Samoa Islands,Eastern Indo-Pacific,Tonga,PAC48,Niuatoputapu motu1,-15.93,-173.78,9/1/2012,6,RLS,23,13:00:00,,,1,2,Chordata,Actinopterygii,Perciformes,Acanthuridae,Ctenochaetus striatus,Ctenochaetus striatus,12.5,4,248.2603,POINT (-173.77999877929688 -15.930000305175781)
ep_m1_public_data.fid--6d42ff34_183dac69041_548a,912341183,Tonga,Tongatapu,Samoa Islands,Eastern Indo-Pacific,Tonga,PAC48,Niuatoputapu motu1,-15.93,-173.78,9/1/2012,6,RLS,23,13:00:00,,,1,2,Chordata,Actinopterygii,Perciformes,Acanthuridae,Ctenochaetus striatus,Ctenochaetus striatus,20,15,3587.42,POINT (-173.77999877929688 -15.930000305175781)
ep_m1_public_data.fid--6d42ff34_183dac69041_548b,912341183,Tonga,Tongatapu,Samoa Islands,Eastern Indo-Pacific,Tonga,PAC48,Niuatoputapu motu1,-15.93,-173.78,9/1/2012,6,RLS,23,13:00:00,,,1,2,Chordata,Actinopterygii,Perciformes,Acanthuridae,Zebrasoma scopas,Zebrasoma scopas,10,2,98.8354,POINT (-173.77999877929688 -15.930000305175781)
ep_m1_public_data.fid--6d42ff34_183dac69041_548c,912341183,Tonga,Tongatapu,Samoa Islands,Eastern Indo-Pacific,Tonga,PAC48,Niuatoputapu motu1,-15.93,-173.78,9/1/2012,6,RLS,23,13:00:00,,,1,2,Chordata,Actinopterygii,Perciformes,Chaetodontidae,Chaetodon trifasciatus,Chaetodon trifasciatus,10,2,101.259,POINT (-173.77999877929688 -15.930000305175781)
ep_m1_public_data.fid--6d42ff34_183dac69041_548d,912341183,Tonga,Tongatapu,Samoa Islands,Eastern Indo-Pacific,Tonga,PAC48,Niuatoputapu motu1,-15.93,-173.78,9/1/2012,6,RLS,23,13:00:00,,,1,2,Chordata,Actinopterygii,Perciformes,Labridae,Anampses twistii,Anampses twistii,10,3,59.6952,POINT (-173.77999877929688 -15.930000305175781)
ep_m1_public_data.fid--6d42ff34_183dac69041_548e,912341183,Tonga,Tongatapu,Samoa Islands,Eastern Indo-Pacific,Tonga,PAC48,Niuatoputapu motu1,-15.93,-173.78,9/1/2012,6,RLS,23,13:00:00,,,1,2,Chordata,Actinopterygii,Perciformes,Labridae,Gomphosus varius,Gomphosus varius,2.5,2,0.7171,POINT (-173.77999877929688 -15.930000305175781)
ep_m1_public_data.fid--6d42ff34_183dac69041_548f,912341183,Tonga,Tongatapu,Samoa Islands,Eastern Indo-Pacific,Tonga,PAC48,Niuatoputapu motu1,-15.93,-173.78,9/1/2012,6,RLS,23,13:00:00,,,1,2,Chordata,Actinopterygii,Perciformes,Labridae,Gomphosus varius,Gomphosus varius,10,2,30.4046,POINT (-173.77999877929688 -15.930000305175781)
ep_m1_public_data.fid--6d42ff34_183dac69041_5490,912341183,Tonga,Tongatapu,Samoa Islands,Eastern Indo-Pacific,Tonga,PAC48,Niuatoputapu motu1,-15.93,-173.78,9/1/2012,6,RLS,23,13:00:00,,,1,2,Chordata,Actinopterygii,Perciformes,Labridae,Halichoeres hortulanus,Halichoeres hortulanus,15,1,83.503,POINT (-173.77999877929688 -15.930000305175781)
ep_m1_public_data.fid--6d42ff34_183dac69041_5491,912341183,Tonga,Tongatapu,Samoa Islands,Eastern Indo-Pacific,Tonga,PAC48,Niuatoputapu motu1,-15.93,-173.78,9/1/2012,6,RLS,23,13:00:00,,,1,2,Chordata,Actinopterygii,Perciformes,Labridae,Labroides dimidiatus,Labroides dimidiatus,7.5,2,14.2902,POINT (-173.77999877929688 -15.930000305175781)
ep_m1_public_data.fid--6d42ff34_183dac69041_5492,912341183,Tonga,Tongatapu,Samoa Islands,Eastern Indo-Pacific,Tonga,PAC48,Niuatoputapu motu1,-15.93,-173.78,9/1/2012,6,RLS,23,13:00:00,,,1,2,Chordata,Actinopterygii,Perciformes,Labridae,Pseudocheilinus hexataenia,Pseudocheilinus hexataenia,2.5,1,0.3383,POINT (-173.77999877929688 -15.930000305175781)
ep_m1_public_data.fid--6d42ff34_183dac69041_5493,912341183,Tonga,Tongatapu,Samoa Islands,Eastern Indo-Pacific,Tonga,PAC48,Niuatoputapu motu1,-15.93,-173.78,9/1/2012,6,RLS,23,13:00:00,,,1,2,Chordata,Actinopterygii,Perciformes,Labridae,Thalassoma hardwicke,Thalassoma hardwicke,5,2,4.6316,POINT (-173.77999877929688 -15.930000305175781)
ep_m1_public_data.fid--6d42ff34_183dac69041_5494,912341183,Tonga,Tongatapu,Samoa Islands,Eastern Indo-Pacific,Tonga,PAC48,Niuatoputapu motu1,-15.93,-173.78,9/1/2012,6,RLS,23,13:00:00,,,1,2,Chordata,Actinopterygii,Perciformes,Labridae,Thalassoma hardwicke,Thalassoma hardwicke,7.5,1,7.7463,POINT (-173.77999877929688 -15.930000305175781)
ep_m1_public_data.fid--6d42ff34_183dac69041_5495,912341183,Tonga,Tongatapu,Samoa Islands,Eastern Indo-Pacific,Tonga,PAC48,Niuatoputapu motu1,-15.93,-173.78,9/1/2012,6,RLS,23,13:00:00,,,1,2,Chordata,Actinopterygii,Perciformes,Pomacentridae,Chromis acares,Chromis acares,2.5,25,10.0958,POINT (-173.77999877929688 -15.930000305175781)
ep_m1_public_data.fid--6d42ff34_183dac69041_5496,912341183,Tonga,Tongatapu,Samoa Islands,Eastern Indo-Pacific,Tonga,PAC48,Niuatoputapu motu1,-15.93,-173.78,9/1/2012,6,RLS,23,13:00:00,,,1,2,Chordata,Actinopterygii,Perciformes,Pomacentridae,Chromis iomelas,Chromis iomelas,2.5,12,4.6142,POINT (-173.77999877929688 -15.930000305175781)
ep_m1_public_data.fid--6d42ff34_183dac69041_5497,912341183,Tonga,Tongatapu,Samoa Islands,Eastern Indo-Pacific,Tonga,PAC48,Niuatoputapu motu1,-15.93,-173.78,9/1/2012,6,RLS,23,13:00:00,,,1,2,Chordata,Actinopterygii,Perciformes,Pomacentridae,Chromis margaritifer,Chromis margaritifer,5,2,5.1529,POINT (-173.77999877929688 -15.930000305175781)
ep_m1_public_data.fid--6d42ff34_183dac69041_5498,912341183,Tonga,Tongatapu,Samoa Islands,Eastern Indo-Pacific,Tonga,PAC48,Niuatoputapu motu1,-15.93,-173.78,9/1/2012,6,RLS,23,13:00:00,,,1,2,Chordata,Actinopterygii,Perciformes,Pomacentridae,Chrysiptera taupou,Chrysiptera taupou,5,2,8.4152,POINT (-173.77999877929688 -15.930000305175781)
ep_m1_public_data.fid--6d42ff34_183dac69041_5499,912341183,Tonga,Tongatapu,Samoa Islands,Eastern Indo-Pacific,Tonga,PAC48,Niuatoputapu motu1,-15.93,-173.78,9/1/2012,6,RLS,23,13:00:00,,,1,2,Chordata,Actinopterygii,Perciformes,Pomacentridae,Plectroglyphidodon lacrymatus,Plectroglyphidodon lacrymatus,7.5,21,420.1455,POINT (-173.77999877929688 -15.930000305175781)
ep_m1_public_data.fid--6d42ff34_183dac69041_549a,912341183,Tonga,Tongatapu,Samoa Islands,Eastern Indo-Pacific,Tonga,PAC48,Niuatoputapu motu1,-15.93,-173.78,9/1/2012,6,RLS,23,13:00:00,,,1,2,Chordata,Actinopterygii,Perciformes,Pomacentridae,Pomacentrus imitator,Pomacentrus imitator,2.5,15,2.8704,POINT (-173.77999877929688 -15.930000305175781)
ep_m1_public_data.fid--6d42ff34_183dac69041_549b,912341183,Tonga,Tongatapu,Samoa Islands,Eastern Indo-Pacific,Tonga,PAC48,Niuatoputapu motu1,-15.93,-173.78,9/1/2012,6,RLS,23,13:00:00,,,1,2,Chordata,Actinopterygii,Perciformes,Scaridae,Chlorurus sordidus,Chlorurus sordidus,7.5,6,99.2896,POINT (-173.77999877929688 -15.930000305175781)
ep_m1_public_data.fid--6d42ff34_183dac69041_54f7,912341183,Tonga,Tongatapu,Samoa Islands,Eastern Indo-Pacific,Tonga,PAC48,Niuatoputapu motu1,-15.93,-173.78,9/1/2012,6,RLS,23,13:00:00,,,1,1,Chordata,Actinopterygii,Perciformes,Labridae,Halichoeres hortulanus,Halichoeres hortulanus,7.5,2,19.9699,POINT (-173.77999877929688 -15.930000305175781)
ep_m1_public_data.fid--6d42ff34_183dac69041_54f8,912341183,Tonga,Tongatapu,Samoa Islands,Eastern Indo-Pacific,Tonga,PAC48,Niuatoputapu motu1,-15.93,-173.78,9/1/2012,6,RLS,23,13:00:00,,,1,1,Chordata,Actinopterygii,Perciformes,Labridae,Halichoeres hortulanus,Halichoeres hortulanus,12.5,2,95.5258,POINT (-173.77999877929688 -15.930000305175781)
ep_m1_public_data.fid--6d42ff34_183dac69041_54f9,912341183,Tonga,Tongatapu,Samoa Islands,Eastern Indo-Pacific,Tonga,PAC48,Niuatoputapu motu1,-15.93,-173.78,9/1/2012,6,RLS,23,13:00:00,,,1,1,Chordata,Actinopterygii,Perciformes,Lethrinidae,Monotaxis grandoculis,Monotaxis grandoculis,20,8,1865.0312,POINT (-173.77999877929688 -15.930000305175781)
ep_m1_public_data.fid--6d42ff34_183dac69041_54fa,912341183,Tonga,Tongatapu,Samoa Islands,Eastern Indo-Pacific,Tonga,PAC48,Niuatoputapu motu1,-15.93,-173.78,9/1/2012,6,RLS,23,13:00:00,,,1,2,Chordata,Actinopterygii,Perciformes,Labridae,Halichoeres marginatus,Halichoeres marginatus,15,1,102.2766,POINT (-173.77999877929688 -15.930000305175781)
ep_m1_public_data.fid--6d42ff34_183dac69041_5506,912341183,Tonga,Tongatapu,Samoa Islands,Eastern Indo-Pacific,Tonga,PAC48,Niuatoputapu motu1,-15.93,-173.78,9/1/2012,6,RLS,23,13:00:00,,,1,1,Chordata,Actinopterygii,Perciformes,Labridae,Gomphosus varius,Gomphosus varius,20,1,91.3787,POINT (-173.77999877929688 -15.930000305175781)
ep_m1_public_data.fid--6d42ff34_183dac69041_5507,912341183,Tonga,Tongatapu,Samoa Islands,Eastern Indo-Pacific,Tonga,PAC48,Niuatoputapu motu1,-15.93,-173.78,9/1/2012,6,RLS,23,13:00:00,,,1,1,Chordata,Actinopterygii,Perciformes,Labridae,Thalassoma hardwicke,Thalassoma hardwicke,7.5,1,7.7463,POINT (-173.77999877929688 -15.930000305175781)
ep_m1_public_data.fid--6d42ff34_183dac69041_5508,912341183,Tonga,Tongatapu,Samoa Islands,Eastern Indo-Pacific,Tonga,PAC48,Niuatoputapu motu1,-15.93,-173.78,9/1/2012,6,RLS,23,13:00:00,,,1,2,Chordata,Actinopterygii,Perciformes,Chaetodontidae,Chaetodon ephippium,Chaetodon ephippium,15,2,313.0413,POINT (-173.77999877929688 -15.930000305175781)
ep_m1_public_data.fid--6d42ff34_183dac69041_551e,912341183,Tonga,Tongatapu,Samoa Islands,Eastern Indo-Pacific,Tonga,PAC48,Niuatoputapu motu1,-15.93,-173.78,9/1/2012,6,RLS,23,13:00:00,,,1,1,Chordata,Actinopterygii,Perciformes,Acanthuridae,Acanthurus nigrofuscus,Acanthurus nigrofuscus,12.5,8,510.1609,POINT (-173.77999877929688 -15.930000305175781)
ep_m1_public_data.fid--6d42ff34_183dac69041_551f,912341183,Tonga,Tongatapu,Samoa Islands,Eastern Indo-Pacific,Tonga,PAC48,Niuatoputapu motu1,-15.93,-173.78,9/1/2012,6,RLS,23,13:00:00,,,1,2,Chordata,Actinopterygii,Perciformes,Labridae,Halichoeres hortulanus,Halichoeres hortulanus,10,2,48.2157,POINT (-173.77999877929688 -15.930000305175781)
ep_m1_public_data.fid--6d42ff34_183dac69041_5523,912341183,Tonga,Tongatapu,Samoa Islands,Eastern Indo-Pacific,Tonga,PAC48,Niuatoputapu motu1,-15.93,-173.78,9/1/2012,6,RLS,23,13:00:00,,,1,1,Chordata,Actinopterygii,Perciformes,Acanthuridae,Ctenochaetus striatus,Ctenochaetus striatus,15,18,1952.7739,POINT (-173.77999877929688 -15.930000305175781)
ep_m1_public_data.fid--6d42ff34_183dac69041_5524,912341183,Tonga,Tongatapu,Samoa Islands,Eastern Indo-Pacific,Tonga,PAC48,Niuatoputapu motu1,-15.93,-173.78,9/1/2012,6,RLS,23,13:00:00,,,1,2,Chordata,Actinopterygii,Perciformes,Acanthuridae,Acanthurus nigrofuscus,Acanthurus nigrofuscus,7.5,5,59.754,POINT (-173.77999877929688 -15.930000305175781)
ep_m1_public_data.fid--6d42ff34_183dac69041_5525,912341183,Tonga,Tongatapu,Samoa Islands,Eastern Indo-Pacific,Tonga,PAC48,Niuatoputapu motu1,-15.93,-173.78,9/1/2012,6,RLS,23,13:00:00,,,1,2,Chordata,Actinopterygii,Perciformes,Labridae,Halichoeres hortulanus,Halichoeres hortulanus,5,2,5.7654,POINT (-173.77999877929688 -15.930000305175781)
ep_m1_public_data.fid--6d42ff34_183dac69041_5572,912341183,Tonga,Tongatapu,Samoa Islands,Eastern Indo-Pacific,Tonga,PAC48,Niuatoputapu motu1,-15.93,-173.78,9/1/2012,6,RLS,23,13:00:00,,,1,1,Chordata,Actinopterygii,Perciformes,Labridae,Anampses twistii,Anampses twistii,10,2,39.7968,POINT (-173.77999877929688 -15.930000305175781)
ep_m1_public_data.fid--6d42ff34_183dac69041_5573,912341183,Tonga,Tongatapu,Samoa Islands,Eastern Indo-Pacific,Tonga,PAC48,Niuatoputapu motu1,-15.93,-173.78,9/1/2012,6,RLS,23,13:00:00,,,1,1,Chordata,Actinopterygii,Perciformes,Labridae,Gomphosus varius,Gomphosus varius,5,1,2.3347,POINT (-173.77999877929688 -15.930000305175781)
ep_m1_public_data.fid--6d42ff34_183dac69041_5574,912341183,Tonga,Tongatapu,Samoa Islands,Eastern Indo-Pacific,Tonga,PAC48,Niuatoputapu motu1,-15.93,-173.78,9/1/2012,6,RLS,23,13:00:00,,,1,1,Chordata,Actinopterygii,Perciformes,Labridae,Labroides dimidiatus,Labroides dimidiatus,5,2,3.8556,POINT (-173.77999877929688 -15.930000305175781)
ep_m1_public_data.fid--6d42ff34_183dac69041_5575,912341183,Tonga,Tongatapu,Samoa Islands,Eastern Indo-Pacific,Tonga,PAC48,Niuatoputapu motu1,-15.93,-173.78,9/1/2012,6,RLS,23,13:00:00,,,1,1,Chordata,Actinopterygii,Perciformes,Labridae,Labroides dimidiatus,Labroides dimidiatus,7.5,1,7.1451,POINT (-173.77999877929688 -15.930000305175781)
ep_m1_public_data.fid--6d42ff34_183dac69041_5576,912341183,Tonga,Tongatapu,Samoa Islands,Eastern Indo-Pacific,Tonga,PAC48,Niuatoputapu motu1,-15.93,-173.78,9/1/2012,6,RLS,23,13:00:00,,,1,1,Chordata,Actinopterygii,Perciformes,Labridae,Pseudocheilinus hexataenia,Pseudocheilinus hexataenia,2.5,1,0.3383,POINT (-173.77999877929688 -15.930000305175781)
ep_m1_public_data.fid--6d42ff34_183dac69041_5577,912341183,Tonga,Tongatapu,Samoa Islands,Eastern Indo-Pacific,Tonga,PAC48,Niuatoputapu motu1,-15.93,-173.78,9/1/2012,6,RLS,23,13:00:00,,,1,1,Chordata,Actinopterygii,Perciformes,Labridae,Thalassoma hardwicke,Thalassoma hardwicke,12.5,2,70.9238,POINT (-173.77999877929688 -15.930000305175781)
ep_m1_public_data.fid--6d42ff34_183dac69041_5578,912341183,Tonga,Tongatapu,Samoa Islands,Eastern Indo-Pacific,Tonga,PAC48,Niuatoputapu motu1,-15.93,-173.78,9/1/2012,6,RLS,23,13:00:00,,,1,1,Chordata,Actinopterygii,Perciformes,Lethrinidae,Monotaxis grandoculis,Monotaxis grandoculis,25,25,8896.31,POINT (-173.77999877929688 -15.930000305175781)
ep_m1_public_data.fid--6d42ff34_183dac69041_5579,912341183,Tonga,Tongatapu,Samoa Islands,Eastern Indo-Pacific,Tonga,PAC48,Niuatoputapu motu1,-15.93,-173.78,9/1/2012,6,RLS,23,13:00:00,,,1,1,Chordata,Actinopterygii,Perciformes,Lethrinidae,Monotaxis grandoculis,Monotaxis grandoculis,30,9,4687.4106,POINT (-173.77999877929688 -15.930000305175781)
ep_m1_public_data.fid--6d42ff34_183dac69041_557a,912341183,Tonga,Tongatapu,Samoa Islands,Eastern Indo-Pacific,Tonga,PAC48,Niuatoputapu motu1,-15.93,-173.78,9/1/2012,6,RLS,23,13:00:00,,,1,1,Chordata,Actinopterygii,Perciformes,Lutjanidae,Lutjanus monostigma,Lutjanus monostigma,30,1,409.9223,POINT (-173.77999877929688 -15.930000305175781)
ep_m1_public_data.fid--6d42ff34_183dac69041_557b,912341183,Tonga,Tongatapu,Samoa Islands,Eastern Indo-Pacific,Tonga,PAC48,Niuatoputapu motu1,-15.93,-173.78,9/1/2012,6,RLS,23,13:00:00,,,1,1,Chordata,Actinopterygii,Perciformes,Mullidae,Parupeneus multifasciatus,Parupeneus multifasciatus,10,2,29.0193,POINT (-173.77999877929688 -15.930000305175781)
ep_m1_public_data.fid--6d42ff34_183dac69041_557c,912341183,Tonga,Tongatapu,Samoa Islands,Eastern Indo-Pacific,Tonga,PAC48,Niuatoputapu motu1,-15.93,-173.78,9/1/2012,6,RLS,23,13:00:00,,,1,1,Chordata,Actinopterygii,Perciformes,Mullidae,Parupeneus multifasciatus,Parupeneus multifasciatus,15,1,53.3441,POINT (-173.77999877929688 -15.930000305175781)
ep_m1_public_data.fid--6d42ff34_183dac69041_557d,912341183,Tonga,Tongatapu,Samoa Islands,Eastern Indo-Pacific,Tonga,PAC48,Niuatoputapu motu1,-15.93,-173.78,9/1/2012,6,RLS,23,13:00:00,,,1,1,Chordata,Actinopterygii,Perciformes,Mullidae,Parupeneus multifasciatus,Parupeneus multifasciatus,20,2,244.3523,POINT (-173.77999877929688 -15.930000305175781)
ep_m1_public_data.fid--6d42ff34_183dac69041_557e,912341183,Tonga,Tongatapu,Samoa Islands,Eastern Indo-Pacific,Tonga,PAC48,Niuatoputapu motu1,-15.93,-173.78,9/1/2012,6,RLS,23,13:00:00,,,1,1,Chordata,Actinopterygii,Perciformes,Pomacentridae,Abudefduf sexfasciatus,Abudefduf sexfasciatus,12.5,4,278.1677,POINT (-173.77999877929688 -15.930000305175781)
ep_m1_public_data.fid--6d42ff34_183dac69041_557f,912341183,Tonga,Tongatapu,Samoa Islands,Eastern Indo-Pacific,Tonga,PAC48,Niuatoputapu motu1,-15.93,-173.78,9/1/2012,6,RLS,23,13:00:00,,,1,1,Chordata,Actinopterygii,Perciformes,Pomacentridae,Chromis iomelas,Chromis iomelas,2.5,15,5.7677,POINT (-173.77999877929688 -15.930000305175781)
ep_m1_public_data.fid--6d42ff34_183dac69041_5580,912341183,Tonga,Tongatapu,Samoa Islands,Eastern Indo-Pacific,Tonga,PAC48,Niuatoputapu motu1,-15.93,-173.78,9/1/2012,6,RLS,23,13:00:00,,,1,1,Chordata,Actinopterygii,Perciformes,Pomacentridae,Plectroglyphidodon lacrymatus,Plectroglyphidodon lacrymatus,5,26,178.7118,POINT (-173.77999877929688 -15.930000305175781)
ep_m1_public_data.fid--6d42ff34_183dac69041_5581,912341183,Tonga,Tongatapu,Samoa Islands,Eastern Indo-Pacific,Tonga,PAC48,Niuatoputapu motu1,-15.93,-173.78,9/1/2012,6,RLS,23,13:00:00,,,1,1,Chordata,Actinopterygii,Perciformes,Pomacentridae,Plectroglyphidodon lacrymatus,Plectroglyphidodon lacrymatus,7.5,15,300.1039,POINT (-173.77999877929688 -15.930000305175781)
ep_m1_public_data.fid--6d42ff34_183dac69041_5582,912341183,Tonga,Tongatapu,Samoa Islands,Eastern Indo-Pacific,Tonga,PAC48,Niuatoputapu motu1,-15.93,-173.78,9/1/2012,6,RLS,23,13:00:00,,,1,1,Chordata,Actinopterygii,Perciformes,Pomacentridae,Pomacentrus imitator,Pomacentrus imitator,5,15,31.7845,POINT (-173.77999877929688 -15.930000305175781)
ep_m1_public_data.fid--6d42ff34_183dac69041_5583,912341183,Tonga,Tongatapu,Samoa Islands,Eastern Indo-Pacific,Tonga,PAC48,Niuatoputapu motu1,-15.93,-173.78,9/1/2012,6,RLS,23,13:00:00,,,1,1,Chordata,Actinopterygii,Perciformes,Pomacentridae,Pomacentrus imitator,Pomacentrus imitator,7.5,4,34.5975,POINT (-173.77999877929688 -15.930000305175781)
ep_m1_public_data.fid--6d42ff34_183dac69041_5584,912341183,Tonga,Tongatapu,Samoa Islands,Eastern Indo-Pacific,Tonga,PAC48,Niuatoputapu motu1,-15.93,-173.78,9/1/2012,6,RLS,23,13:00:00,,,1,1,Chordata,Actinopterygii,Perciformes,Pomacentridae,Pomacentrus vaiuli,Pomacentrus vaiuli,7.5,14,143.3066,POINT (-173.77999877929688 -15.930000305175781)
ep_m1_public_data.fid--6d42ff34_183dac69041_5585,912341183,Tonga,Tongatapu,Samoa Islands,Eastern Indo-Pacific,Tonga,PAC48,Niuatoputapu motu1,-15.93,-173.78,9/1/2012,6,RLS,23,13:00:00,,,1,1,Chordata,Actinopterygii,Perciformes,Scaridae,Chlorurus microrhinos,Chlorurus microrhinos,35,4,3402.4841,POINT (-173.77999877929688 -15.930000305175781)
ep_m1_public_data.fid--6d42ff34_183dac69041_5586,912341183,Tonga,Tongatapu,Samoa Islands,Eastern Indo-Pacific,Tonga,PAC48,Niuatoputapu motu1,-15.93,-173.78,9/1/2012,6,RLS,23,13:00:00,,,1,1,Chordata,Actinopterygii,Perciformes,Scaridae,Chlorurus microrhinos,Chlorurus microrhinos,40,2,2166.374,POINT (-173.77999877929688 -15.930000305175781)
ep_m1_public_data.fid--6d42ff34_183dac69041_5587,912341183,Tonga,Tongatapu,Samoa Islands,Eastern Indo-Pacific,Tonga,PAC48,Niuatoputapu motu1,-15.93,-173.78,9/1/2012,6,RLS,23,13:00:00,,,1,1,Chordata,Actinopterygii,Perciformes,Scaridae,Chlorurus sordidus,Chlorurus sordidus,10,2,77.7545,POINT (-173.77999877929688 -15.930000305175781)
ep_m1_public_data.fid--6d42ff34_183dac69041_5588,912341183,Tonga,Tongatapu,Samoa Islands,Eastern Indo-Pacific,Tonga,PAC48,Niuatoputapu motu1,-15.93,-173.78,9/1/2012,6,RLS,23,13:00:00,,,1,1,Chordata,Actinopterygii,Perciformes,Scaridae,Chlorurus sordidus,Chlorurus sordidus,15,2,259.1435,POINT (-173.77999877929688 -15.930000305175781)
ep_m1_public_data.fid--6d42ff34_183dac69041_5589,912341183,Tonga,Tongatapu,Samoa Islands,Eastern Indo-Pacific,Tonga,PAC48,Niuatoputapu motu1,-15.93,-173.78,9/1/2012,6,RLS,23,13:00:00,,,1,1,Chordata,Actinopterygii,Perciformes,Scaridae,Chlorurus sordidus,Chlorurus sordidus,30,2,1228.2533,POINT (-173.77999877929688 -15.930000305175781)
ep_m1_public_data.fid--6d42ff34_183dac69041_558a,912341183,Tonga,Tongatapu,Samoa Islands,Eastern Indo-Pacific,Tonga,PAC48,Niuatoputapu motu1,-15.93,-173.78,9/1/2012,6,RLS,23,13:00:00,,,1,1,Chordata,Actinopterygii,Perciformes,Scaridae,Chlorurus sordidus,Chlorurus sordidus,35,2,1697.4585,POINT (-173.77999877929688 -15.930000305175781)
ep_m1_public_data.fid--6d42ff34_183dac69041_558b,912341183,Tonga,Tongatapu,Samoa Islands,Eastern Indo-Pacific,Tonga,PAC48,Niuatoputapu motu1,-15.93,-173.78,9/1/2012,6,RLS,23,13:00:00,,,1,2,Chordata,Actinopterygii,Perciformes,Acanthuridae,Acanthurus nigrofuscus,Acanthurus nigrofuscus,12.5,2,127.5402,POINT (-173.77999877929688 -15.930000305175781)
ep_m1_public_data.fid--6d42ff34_183dac69041_558c,912341183,Tonga,Tongatapu,Samoa Islands,Eastern Indo-Pacific,Tonga,PAC48,Niuatoputapu motu1,-15.93,-173.78,9/1/2012,6,RLS,23,13:00:00,,,1,2,Chordata,Actinopterygii,Perciformes,Acanthuridae,Zebrasoma scopas,Zebrasoma scopas,12.5,15,1445.5243,POINT (-173.77999877929688 -15.930000305175781)
ep_m1_public_data.fid--6d42ff34_183dac69041_558d,912341183,Tonga,Tongatapu,Samoa Islands,Eastern Indo-Pacific,Tonga,PAC48,Niuatoputapu motu1,-15.93,-173.78,9/1/2012,6,RLS,23,13:00:00,,,1,2,Chordata,Actinopterygii,Perciformes,Acanthuridae,Zebrasoma scopas,Zebrasoma scopas,15,4,665.248,POINT (-173.77999877929688 -15.930000305175781)
ep_m1_public_data.fid--6d42ff34_183dac69041_558e,912341183,Tonga,Tongatapu,Samoa Islands,Eastern Indo-Pacific,Tonga,PAC48,Niuatoputapu motu1,-15.93,-173.78,9/1/2012,6,RLS,23,13:00:00,,,1,2,Chordata,Actinopterygii,Perciformes,Cirrhitidae,Paracirrhites arcatus,Paracirrhites arcatus,7.5,1,13.0093,POINT (-173.77999877929688 -15.930000305175781)
ep_m1_public_data.fid--6d42ff34_183dac69041_558f,912341183,Tonga,Tongatapu,Samoa Islands,Eastern Indo-Pacific,Tonga,PAC48,Niuatoputapu motu1,-15.93,-173.78,9/1/2012,6,RLS,23,13:00:00,,,1,2,Chordata,Actinopterygii,Perciformes,Labridae,Anampses twistii,Anampses twistii,7.5,1,8.5433,POINT (-173.77999877929688 -15.930000305175781)
ep_m1_public_data.fid--6d42ff34_183dac69041_5590,912341183,Tonga,Tongatapu,Samoa Islands,Eastern Indo-Pacific,Tonga,PAC48,Niuatoputapu motu1,-15.93,-173.78,9/1/2012,6,RLS,23,13:00:00,,,1,2,Chordata,Actinopterygii,Perciformes,Labridae,Gomphosus varius,Gomphosus varius,5,5,11.6733,POINT (-173.77999877929688 -15.930000305175781)
ep_m1_public_data.fid--6d42ff34_183dac69041_5591,912341183,Tonga,Tongatapu,Samoa Islands,Eastern Indo-Pacific,Tonga,PAC48,Niuatoputapu motu1,-15.93,-173.78,9/1/2012,6,RLS,23,13:00:00,,,1,2,Chordata,Actinopterygii,Perciformes,Labridae,Gomphosus varius,Gomphosus varius,7.5,1,6.9855,POINT (-173.77999877929688 -15.930000305175781)
ep_m1_public_data.fid--6d42ff34_183dac69041_5592,912341183,Tonga,Tongatapu,Samoa Islands,Eastern Indo-Pacific,Tonga,PAC48,Niuatoputapu motu1,-15.93,-173.78,9/1/2012,6,RLS,23,13:00:00,,,1,2,Chordata,Actinopterygii,Perciformes,Labridae,Halichoeres hortulanus,Halichoeres hortulanus,7.5,1,9.985,POINT (-173.77999877929688 -15.930000305175781)
ep_m1_public_data.fid--6d42ff34_183dac69041_5593,912341183,Tonga,Tongatapu,Samoa Islands,Eastern Indo-Pacific,Tonga,PAC48,Niuatoputapu motu1,-15.93,-173.78,9/1/2012,6,RLS,23,13:00:00,,,1,2,Chordata,Actinopterygii,Perciformes,Labridae,Labroides dimidiatus,Labroides dimidiatus,5,1,1.9278,POINT (-173.77999877929688 -15.930000305175781)
ep_m1_public_data.fid--6d42ff34_183dac69041_5594,912341183,Tonga,Tongatapu,Samoa Islands,Eastern Indo-Pacific,Tonga,PAC48,Niuatoputapu motu1,-15.93,-173.78,9/1/2012,6,RLS,23,13:00:00,,,1,2,Chordata,Actinopterygii,Perciformes,Labridae,Oxycheilinus unifasciatus,Oxycheilinus unifasciatus,7.5,1,12.3201,POINT (-173.77999877929688 -15.930000305175781)
ep_m1_public_data.fid--6d42ff34_183dac69041_5595,912341183,Tonga,Tongatapu,Samoa Islands,Eastern Indo-Pacific,Tonga,PAC48,Niuatoputapu motu1,-15.93,-173.78,9/1/2012,6,RLS,23,13:00:00,,,1,2,Chordata,Actinopterygii,Perciformes,Labridae,Oxycheilinus unifasciatus,Oxycheilinus unifasciatus,10,2,58.4064,POINT (-173.77999877929688 -15.930000305175781)
ep_m1_public_data.fid--6d42ff34_183dac69041_5596,912341183,Tonga,Tongatapu,Samoa Islands,Eastern Indo-Pacific,Tonga,PAC48,Niuatoputapu motu1,-15.93,-173.78,9/1/2012,6,RLS,23,13:00:00,,,1,2,Chordata,Actinopterygii,Perciformes,Labridae,Thalassoma hardwicke,Thalassoma hardwicke,2.5,1,0.2939,POINT (-173.77999877929688 -15.930000305175781)
ep_m1_public_data.fid--6d42ff34_183dac69041_5597,912341183,Tonga,Tongatapu,Samoa Islands,Eastern Indo-Pacific,Tonga,PAC48,Niuatoputapu motu1,-15.93,-173.78,9/1/2012,6,RLS,23,13:00:00,,,1,2,Chordata,Actinopterygii,Perciformes,Labridae,Thalassoma hardwicke,Thalassoma hardwicke,10,2,36.4917,POINT (-173.77999877929688 -15.930000305175781)
ep_m1_public_data.fid--6d42ff34_183dac69041_5598,912341183,Tonga,Tongatapu,Samoa Islands,Eastern Indo-Pacific,Tonga,PAC48,Niuatoputapu motu1,-15.93,-173.78,9/1/2012,6,RLS,23,13:00:00,,,1,2,Chordata,Actinopterygii,Perciformes,Labridae,Thalassoma hardwicke,Thalassoma hardwicke,12.5,3,106.3858,POINT (-173.77999877929688 -15.930000305175781)
ep_m1_public_data.fid--6d42ff34_183dac69041_5599,912341183,Tonga,Tongatapu,Samoa Islands,Eastern Indo-Pacific,Tonga,PAC48,Niuatoputapu motu1,-15.93,-173.78,9/1/2012,6,RLS,23,13:00:00,,,1,2,Chordata,Actinopterygii,Perciformes,Lethrinidae,Monotaxis grandoculis,Monotaxis grandoculis,25,8,2846.819,POINT (-173.77999877929688 -15.930000305175781)
ep_m1_public_data.fid--6d42ff34_183dac69041_559a,912341183,Tonga,Tongatapu,Samoa Islands,Eastern Indo-Pacific,Tonga,PAC48,Niuatoputapu motu1,-15.93,-173.78,9/1/2012,6,RLS,23,13:00:00,,,1,2,Chordata,Actinopterygii,Perciformes,Pomacanthidae,Centropyge flavissima,Centropyge flavissima,5,1,7.3603,POINT (-173.77999877929688 -15.930000305175781)
ep_m1_public_data.fid--6d42ff34_183dac69041_559b,912341183,Tonga,Tongatapu,Samoa Islands,Eastern Indo-Pacific,Tonga,PAC48,Niuatoputapu motu1,-15.93,-173.78,9/1/2012,6,RLS,23,13:00:00,,,1,2,Chordata,Actinopterygii,Perciformes,Pomacentridae,Abudefduf sexfasciatus,Abudefduf sexfasciatus,12.5,2,139.0839,POINT (-173.77999877929688 -15.930000305175781)
ep_m1_public_data.fid--6d42ff34_183dac69041_559c,912341183,Tonga,Tongatapu,Samoa Islands,Eastern Indo-Pacific,Tonga,PAC48,Niuatoputapu motu1,-15.93,-173.78,9/1/2012,6,RLS,23,13:00:00,,,1,2,Chordata,Actinopterygii,Perciformes,Pomacentridae,Chromis margaritifer,Chromis margaritifer,2.5,15,5.1204,POINT (-173.77999877929688 -15.930000305175781)
ep_m1_public_data.fid--6d42ff34_183dac69041_559d,912341183,Tonga,Tongatapu,Samoa Islands,Eastern Indo-Pacific,Tonga,PAC48,Niuatoputapu motu1,-15.93,-173.78,9/1/2012,6,RLS,23,13:00:00,,,1,2,Chordata,Actinopterygii,Perciformes,Pomacentridae,Chromis xanthura,Chromis xanthura,2.5,22,8.8843,POINT (-173.77999877929688 -15.930000305175781)
ep_m1_public_data.fid--6d42ff34_183dac69041_559e,912341183,Tonga,Tongatapu,Samoa Islands,Eastern Indo-Pacific,Tonga,PAC48,Niuatoputapu motu1,-15.93,-173.78,9/1/2012,6,RLS,23,13:00:00,,,1,2,Chordata,Actinopterygii,Perciformes,Pomacentridae,Chrysiptera taupou,Chrysiptera taupou,2.5,65,34.163,POINT (-173.77999877929688 -15.930000305175781)
ep_m1_public_data.fid--6d42ff34_183dac69041_559f,912341183,Tonga,Tongatapu,Samoa Islands,Eastern Indo-Pacific,Tonga,PAC48,Niuatoputapu motu1,-15.93,-173.78,9/1/2012,6,RLS,23,13:00:00,,,1,2,Chordata,Actinopterygii,Perciformes,Pomacentridae,Plectroglyphidodon lacrymatus,Plectroglyphidodon lacrymatus,2.5,18,19.9177,POINT (-173.77999877929688 -15.930000305175781)
ep_m1_public_data.fid--6d42ff34_183dac69041_55a0,912341183,Tonga,Tongatapu,Samoa Islands,Eastern Indo-Pacific,Tonga,PAC48,Niuatoputapu motu1,-15.93,-173.78,9/1/2012,6,RLS,23,13:00:00,,,1,2,Chordata,Actinopterygii,Perciformes,Pomacentridae,Plectroglyphidodon lacrymatus,Plectroglyphidodon lacrymatus,5,27,185.5854,POINT (-173.77999877929688 -15.930000305175781)
ep_m1_public_data.fid--6d42ff34_183dac69041_55a1,912341183,Tonga,Tongatapu,Samoa Islands,Eastern Indo-Pacific,Tonga,PAC48,Niuatoputapu motu1,-15.93,-173.78,9/1/2012,6,RLS,23,13:00:00,,,1,2,Chordata,Actinopterygii,Perciformes,Pomacentridae,Pomacentrus imitator,Pomacentrus imitator,5,21,44.4983,POINT (-173.77999877929688 -15.930000305175781)
ep_m1_public_data.fid--6d42ff34_183dac69041_55a2,912341183,Tonga,Tongatapu,Samoa Islands,Eastern Indo-Pacific,Tonga,PAC48,Niuatoputapu motu1,-15.93,-173.78,9/1/2012,6,RLS,23,13:00:00,,,1,2,Chordata,Actinopterygii,Perciformes,Pomacentridae,Pomacentrus vaiuli,Pomacentrus vaiuli,2.5,77,43.9293,POINT (-173.77999877929688 -15.930000305175781)
ep_m1_public_data.fid--6d42ff34_183dac69041_55a3,912341183,Tonga,Tongatapu,Samoa Islands,Eastern Indo-Pacific,Tonga,PAC48,Niuatoputapu motu1,-15.93,-173.78,9/1/2012,6,RLS,23,13:00:00,,,1,2,Chordata,Actinopterygii,Perciformes,Pomacentridae,Pomacentrus vaiuli,Pomacentrus vaiuli,5,34,119.9083,POINT (-173.77999877929688 -15.930000305175781)
ep_m1_public_data.fid--6d42ff34_183dac69041_55a4,912341183,Tonga,Tongatapu,Samoa Islands,Eastern Indo-Pacific,Tonga,PAC48,Niuatoputapu motu1,-15.93,-173.78,9/1/2012,6,RLS,23,13:00:00,,,1,2,Chordata,Actinopterygii,Perciformes,Pomacentridae,Pomacentrus vaiuli,Pomacentrus vaiuli,7.5,14,143.3066,POINT (-173.77999877929688 -15.930000305175781)
ep_m1_public_data.fid--6d42ff34_183dac69041_55a5,912341183,Tonga,Tongatapu,Samoa Islands,Eastern Indo-Pacific,Tonga,PAC48,Niuatoputapu motu1,-15.93,-173.78,9/1/2012,6,RLS,23,13:00:00,,,1,2,Chordata,Actinopterygii,Perciformes,Scaridae,Chlorurus sordidus,Chlorurus sordidus,10,3,116.6317,POINT (-173.77999877929688 -15.930000305175781)
ep_m1_public_data.fid--6d42ff34_183dac69041_55a6,912341183,Tonga,Tongatapu,Samoa Islands,Eastern Indo-Pacific,Tonga,PAC48,Niuatoputapu motu1,-15.93,-173.78,9/1/2012,6,RLS,23,13:00:00,,,1,2,Chordata,Actinopterygii,Perciformes,Scaridae,Chlorurus sordidus,Chlorurus sordidus,12.5,2,150.8173,POINT (-173.77999877929688 -15.930000305175781)
ep_m1_public_data.fid--6d42ff34_183dac69041_55a7,912341183,Tonga,Tongatapu,Samoa Islands,Eastern Indo-Pacific,Tonga,PAC48,Niuatoputapu motu1,-15.93,-173.78,9/1/2012,6,RLS,23,13:00:00,,,1,2,Chordata,Actinopterygii,Perciformes,Scaridae,Chlorurus sordidus,Chlorurus sordidus,30,1,614.1267,POINT (-173.77999877929688 -15.930000305175781)
ep_m1_public_data.fid--6d42ff34_183dac69041_55a8,912341183,Tonga,Tongatapu,Samoa Islands,Eastern Indo-Pacific,Tonga,PAC48,Niuatoputapu motu1,-15.93,-173.78,9/1/2012,6,RLS,23,13:00:00,,,1,2,Chordata,Actinopterygii,Perciformes,Serranidae,Cephalopholis urodeta,Cephalopholis urodeta,20,1,201.1213,POINT (-173.77999877929688 -15.930000305175781)
ep_m1_public_data.fid--6d42ff34_183dac69041_55a9,912341183,Tonga,Tongatapu,Samoa Islands,Eastern Indo-Pacific,Tonga,PAC48,Niuatoputapu motu1,-15.93,-173.78,9/1/2012,6,RLS,23,13:00:00,,,1,2,Chordata,Actinopterygii,Tetraodontiformes,Tetraodontidae,Arothron nigropunctatus,Arothron nigropunctatus,25,1,341.0745,POINT (-173.77999877929688 -15.930000305175781)
ep_m1_public_data.fid--6d42ff34_183dac69041_5604,912341183,Tonga,Tongatapu,Samoa Islands,Eastern Indo-Pacific,Tonga,PAC48,Niuatoputapu motu1,-15.93,-173.78,9/1/2012,6,RLS,23,13:00:00,,,1,1,Chordata,Actinopterygii,Aulopiformes,Synodontidae,Synodus binotatus,Synodus binotatus,5,1,1.3791,POINT (-173.77999877929688 -15.930000305175781)
ep_m1_public_data.fid--6d42ff34_183dac69041_5605,912341183,Tonga,Tongatapu,Samoa Islands,Eastern Indo-Pacific,Tonga,PAC48,Niuatoputapu motu1,-15.93,-173.78,9/1/2012,6,RLS,23,13:00:00,,,1,1,Chordata,Actinopterygii,Perciformes,Acanthuridae,Acanthurus nigricans,Acanthurus nigricans,20,2,540.2723,POINT (-173.77999877929688 -15.930000305175781)
ep_m1_public_data.fid--6d42ff34_183dac69041_5606,912341183,Tonga,Tongatapu,Samoa Islands,Eastern Indo-Pacific,Tonga,PAC48,Niuatoputapu motu1,-15.93,-173.78,9/1/2012,6,RLS,23,13:00:00,,,1,1,Chordata,Actinopterygii,Perciformes,Acanthuridae,Acanthurus nigricans,Acanthurus nigricans,25,3,1282.1449,POINT (-173.77999877929688 -15.930000305175781)
ep_m1_public_data.fid--6d42ff34_183dac69041_5607,912341183,Tonga,Tongatapu,Samoa Islands,Eastern Indo-Pacific,Tonga,PAC48,Niuatoputapu motu1,-15.93,-173.78,9/1/2012,6,RLS,23,13:00:00,,,1,1,Chordata,Actinopterygii,Perciformes,Acanthuridae,Acanthurus nigrofuscus,Acanthurus nigrofuscus,7.5,4,47.8032,POINT (-173.77999877929688 -15.930000305175781)
ep_m1_public_data.fid--6d42ff34_183dac69041_5608,912341183,Tonga,Tongatapu,Samoa Islands,Eastern Indo-Pacific,Tonga,PAC48,Niuatoputapu motu1,-15.93,-173.78,9/1/2012,6,RLS,23,13:00:00,,,1,1,Chordata,Actinopterygii,Perciformes,Acanthuridae,Acanthurus nigrofuscus,Acanthurus nigrofuscus,10,12,368.237,POINT (-173.77999877929688 -15.930000305175781)
ep_m1_public_data.fid--6d42ff34_183dac69041_5609,912341183,Tonga,Tongatapu,Samoa Islands,Eastern Indo-Pacific,Tonga,PAC48,Niuatoputapu motu1,-15.93,-173.78,9/1/2012,6,RLS,23,13:00:00,,,1,1,Chordata,Actinopterygii,Perciformes,Acanthuridae,Ctenochaetus striatus,Ctenochaetus striatus,12.5,6,372.3905,POINT (-173.77999877929688 -15.930000305175781)
ep_m1_public_data.fid--6d42ff34_183dac69041_560a,912341183,Tonga,Tongatapu,Samoa Islands,Eastern Indo-Pacific,Tonga,PAC48,Niuatoputapu motu1,-15.93,-173.78,9/1/2012,6,RLS,23,13:00:00,,,1,1,Chordata,Actinopterygii,Perciformes,Acanthuridae,Ctenochaetus striatus,Ctenochaetus striatus,20,21,5022.3877,POINT (-173.77999877929688 -15.930000305175781)
ep_m1_public_data.fid--6d42ff34_183dac69041_560b,912341183,Tonga,Tongatapu,Samoa Islands,Eastern Indo-Pacific,Tonga,PAC48,Niuatoputapu motu1,-15.93,-173.78,9/1/2012,6,RLS,23,13:00:00,,,1,1,Chordata,Actinopterygii,Perciformes,Acanthuridae,Naso lituratus,Naso lituratus,35,1,532.1006,POINT (-173.77999877929688 -15.930000305175781)
ep_m1_public_data.fid--6d42ff34_183dac69041_560c,912341183,Tonga,Tongatapu,Samoa Islands,Eastern Indo-Pacific,Tonga,PAC48,Niuatoputapu motu1,-15.93,-173.78,9/1/2012,6,RLS,23,13:00:00,,,1,1,Chordata,Actinopterygii,Perciformes,Acanthuridae,Zebrasoma scopas,Zebrasoma scopas,10,5,247.0885,POINT (-173.77999877929688 -15.930000305175781)
ep_m1_public_data.fid--6d42ff34_183dac69041_560d,912341183,Tonga,Tongatapu,Samoa Islands,Eastern Indo-Pacific,Tonga,PAC48,Niuatoputapu motu1,-15.93,-173.78,9/1/2012,6,RLS,23,13:00:00,,,1,1,Chordata,Actinopterygii,Perciformes,Acanthuridae,Zebrasoma scopas,Zebrasoma scopas,12.5,14,1349.156,POINT (-173.77999877929688 -15.930000305175781)
ep_m1_public_data.fid--6d42ff34_183dac69041_560e,912341183,Tonga,Tongatapu,Samoa Islands,Eastern Indo-Pacific,Tonga,PAC48,Niuatoputapu motu1,-15.93,-173.78,9/1/2012,6,RLS,23,13:00:00,,,1,1,Chordata,Actinopterygii,Perciformes,Blenniidae,Cirripectes castaneus,Cirripectes castaneus,2.5,1,0.4425,POINT (-173.77999877929688 -15.930000305175781)
ep_m1_public_data.fid--6d42ff34_183dac69041_560f,912341183,Tonga,Tongatapu,Samoa Islands,Eastern Indo-Pacific,Tonga,PAC48,Niuatoputapu motu1,-15.93,-173.78,9/1/2012,6,RLS,23,13:00:00,,,1,1,Chordata,Actinopterygii,Perciformes,Chaetodontidae,Chaetodon trifasciatus,Chaetodon trifasciatus,10,2,101.259,POINT (-173.77999877929688 -15.930000305175781)
ep_m1_public_data.fid--6d42ff34_183dac69041_5610,912341183,Tonga,Tongatapu,Samoa Islands,Eastern Indo-Pacific,Tonga,PAC48,Niuatoputapu motu1,-15.93,-173.78,9/1/2012,6,RLS,23,13:00:00,,,1,1,Chordata,Actinopterygii,Perciformes,Chaetodontidae,Chaetodon vagabundus,Chaetodon vagabundus,12.5,2,174.4191,POINT (-173.77999877929688 -15.930000305175781)
ep_m1_public_data.fid--6d42ff34_183dac69041_5611,912341183,Tonga,Tongatapu,Samoa Islands,Eastern Indo-Pacific,Tonga,PAC48,Niuatoputapu motu1,-15.93,-173.78,9/1/2012,6,RLS,23,13:00:00,,,1,1,Chordata,Actinopterygii,Perciformes,Chaetodontidae,Forcipiger flavissimus,Forcipiger flavissimus,15,2,131.3084,POINT (-173.77999877929688 -15.930000305175781)
ep_m1_public_data.fid--6d42ff34_183dac69041_5612,912341183,Tonga,Tongatapu,Samoa Islands,Eastern Indo-Pacific,Tonga,PAC48,Niuatoputapu motu1,-15.93,-173.78,9/1/2012,6,RLS,23,13:00:00,,,1,1,Chordata,Actinopterygii,Perciformes,Gobiidae,Istigobius goldmanni,Istigobius goldmanni,5,1,2.671,POINT (-173.77999877929688 -15.930000305175781)
,,,,,,,,,,,,,,,,,,,,,,,,,,12.14285714,1021,67706.623,
