ep_m1_public_data.fid--6d42ff34_183e31b7ff8_52e9,912345722,Australia,Queensland,Central and Southern Great Barrier Reef,Central Indo-Pacific,Capricorn-Bunker,GBR250,Broomfield Reef Site 2,-23.25,151.95,10/5/2015,8,RLS,30,13:00:00,,,1,1,Chordata,Actinopterygii,Perciformes,Pomacentridae,Chromis viridis,Chromis viridis,2.5,25,13.0071,POINT (151.9499969482422 -23.25)
ep_m1_public_data.fid--6d42ff34_183e31b7ff8_5300,912345722,Australia,Queensland,Central and Southern Great Barrier Reef,Central Indo-Pacific,Capricorn-Bunker,GBR250,Broomfield Reef Site 2,-23.25,151.95,10/5/2015,8,RLS,30,13:00:00,,,1,1,Chordata,Actinopterygii,Perciformes,Acanthuridae,Acanthurus blochii,Acanthurus blochii,35,1,848.3673,POINT (151.9499969482422 -23.25)
ep_m1_public_data.fid--6d42ff34_183e31b7ff8_5301,912345722,Australia,Queensland,Central and Southern Great Barrier Reef,Central Indo-Pacific,Capricorn-Bunker,GBR250,Broomfield Reef Site 2,-23.25,151.95,10/5/2015,8,RLS,30,13:00:00,,,1,1,Chordata,Actinopterygii,Perciformes,Labridae,Gomphosus varius,Gomphosus varius,12.5,2,55.5759,POINT (151.9499969482422 -23.25)
ep_m1_public_data.fid--6d42ff34_183e31b7ff8_5302,912345722,Australia,Queensland,Central and Southern Great Barrier Reef,Central Indo-Pacific,Capricorn-Bunker,GBR250,Broomfield Reef Site 2,-23.25,151.95,10/5/2015,8,RLS,30,13:00:00,,,1,1,Chordata,Actinopterygii,Perciformes,Labridae,Thalassoma lutescens,Thalassoma lutescens,12.5,2,60.9848,POINT (151.9499969482422 -23.25)
ep_m1_public_data.fid--6d42ff34_183e31b7ff8_5303,912345722,Australia,Queensland,Central and Southern Great Barrier Reef,Central Indo-Pacific,Capricorn-Bunker,GBR250,Broomfield Reef Site 2,-23.25,151.95,10/5/2015,8,RLS,30,13:00:00,,,1,1,Chordata,Actinopterygii,Perciformes,Serranidae,Plectropomus leopardus,Plectropomus leopardus,35,1,516.9681,POINT (151.9499969482422 -23.25)
ep_m1_public_data.fid--6d42ff34_183e31b7ff8_5304,912345722,Australia,Queensland,Central and Southern Great Barrier Reef,Central Indo-Pacific,Capricorn-Bunker,GBR250,Broomfield Reef Site 2,-23.25,151.95,10/5/2015,8,RLS,30,13:00:00,,,1,2,Chordata,Actinopterygii,Perciformes,Chaetodontidae,Chaetodon melannotus,Chaetodon melannotus,12.5,1,102.8996,POINT (151.9499969482422 -23.25)
ep_m1_public_data.fid--6d42ff34_183e31b7ff8_5305,912345722,Australia,Queensland,Central and Southern Great Barrier Reef,Central Indo-Pacific,Capricorn-Bunker,GBR250,Broomfield Reef Site 2,-23.25,151.95,10/5/2015,8,RLS,30,13:00:00,,,1,2,Chordata,Actinopterygii,Perciformes,Chaetodontidae,Chaetodon trifascialis,Chaetodon trifascialis,15,3,406.826,POINT (151.9499969482422 -23.25)
ep_m1_public_data.fid--6d42ff34_183e31b7ff8_533e,912345722,Australia,Queensland,Central and Southern Great Barrier Reef,Central Indo-Pacific,Capricorn-Bunker,GBR250,Broomfield Reef Site 2,-23.25,151.95,10/5/2015,8,RLS,30,13:00:00,,,1,2,Chordata,Actinopterygii,Perciformes,Acanthuridae,Ctenochaetus striatus,Ctenochaetus striatus,15,5,542.4372,POINT (151.9499969482422 -23.25)
ep_m1_public_data.fid--6d42ff34_183e31b7ff8_533f,912345722,Australia,Queensland,Central and Southern Great Barrier Reef,Central Indo-Pacific,Capricorn-Bunker,GBR250,Broomfield Reef Site 2,-23.25,151.95,10/5/2015,8,RLS,30,13:00:00,,,1,2,Chordata,Actinopterygii,Perciformes,Labridae,Hemigymnus melapterus,Hemigymnus melapterus,15,1,112.9736,POINT (151.9499969482422 -23.25)
ep_m1_public_data.fid--6d42ff34_183e31b7ff8_5340,912345722,Australia,Queensland,Central and Southern Great Barrier Reef,Central Indo-Pacific,Capricorn-Bunker,GBR250,Broomfield Reef Site 2,-23.25,151.95,10/5/2015,8,RLS,30,13:00:00,,,1,2,Chordata,Actinopterygii,Perciformes,Labridae,Thalassoma lutescens,Thalassoma lutescens,15,4,212.3836,POINT (151.9499969482422 -23.25)
ep_m1_public_data.fid--6d42ff34_183e31b7ff8_5356,912345722,Australia,Queensland,Central and Southern Great Barrier Reef,Central Indo-Pacific,Capricorn-Bunker,GBR250,Broomfield Reef Site 2,-23.25,151.95,10/5/2015,8,RLS,30,13:00:00,,,1,1,Chordata,Actinopterygii,Perciformes,Acanthuridae,Zebrasoma scopas,Zebrasoma scopas,12.5,3,289.1049,POINT (151.9499969482422 -23.25)
ep_m1_public_data.fid--6d42ff34_183e31b7ff8_5357,912345722,Australia,Queensland,Central and Southern Great Barrier Reef,Central Indo-Pacific,Capricorn-Bunker,GBR250,Broomfield Reef Site 2,-23.25,151.95,10/5/2015,8,RLS,30,13:00:00,,,1,1,Chordata,Actinopterygii,Perciformes,Chaetodontidae,Chaetodon trifascialis,Chaetodon trifascialis,7.5,3,60.1406,POINT (151.9499969482422 -23.25)
ep_m1_public_data.fid--6d42ff34_183e31b7ff8_5358,912345722,Australia,Queensland,Central and Southern Great Barrier Reef,Central Indo-Pacific,Capricorn-Bunker,GBR250,Broomfield Reef Site 2,-23.25,151.95,10/5/2015,8,RLS,30,13:00:00,,,1,1,Chordata,Actinopterygii,Perciformes,Chaetodontidae,Chaetodon trifascialis,Chaetodon trifascialis,10,3,132.9686,POINT (151.9499969482422 -23.25)
ep_m1_public_data.fid--6d42ff34_183e31b7ff8_5359,912345722,Australia,Queensland,Central and Southern Great Barrier Reef,Central Indo-Pacific,Capricorn-Bunker,GBR250,Broomfield Reef Site 2,-23.25,151.95,10/5/2015,8,RLS,30,13:00:00,,,1,1,Chordata,Actinopterygii,Perciformes,Labridae,Halichoeres hortulanus,Halichoeres hortulanus,12.5,1,47.7629,POINT (151.9499969482422 -23.25)
ep_m1_public_data.fid--6d42ff34_183e31b7ff8_535a,912345722,Australia,Queensland,Central and Southern Great Barrier Reef,Central Indo-Pacific,Capricorn-Bunker,GBR250,Broomfield Reef Site 2,-23.25,151.95,10/5/2015,8,RLS,30,13:00:00,,,1,1,Chordata,Actinopterygii,Perciformes,Pomacentridae,Chromis viridis,Chromis viridis,5,12,46.6023,POINT (151.9499969482422 -23.25)
ep_m1_public_data.fid--6d42ff34_183e31b7ff8_535b,912345722,Australia,Queensland,Central and Southern Great Barrier Reef,Central Indo-Pacific,Capricorn-Bunker,GBR250,Broomfield Reef Site 2,-23.25,151.95,10/5/2015,8,RLS,30,13:00:00,,,1,1,Chordata,Actinopterygii,Perciformes,Scaridae,Scarus chameleon,Scarus chameleon,30,2,1220.7716,POINT (151.9499969482422 -23.25)
ep_m1_public_data.fid--6d42ff34_183e31b7ff8_535c,912345722,Australia,Queensland,Central and Southern Great Barrier Reef,Central Indo-Pacific,Capricorn-Bunker,GBR250,Broomfield Reef Site 2,-23.25,151.95,10/5/2015,8,RLS,30,13:00:00,,,1,1,Chordata,Actinopterygii,Perciformes,Scaridae,Scarus globiceps,Scarus globiceps,25,4,1434.4714,POINT (151.9499969482422 -23.25)
ep_m1_public_data.fid--6d42ff34_183e31b7ff8_535d,912345722,Australia,Queensland,Central and Southern Great Barrier Reef,Central Indo-Pacific,Capricorn-Bunker,GBR250,Broomfield Reef Site 2,-23.25,151.95,10/5/2015,8,RLS,30,13:00:00,,,1,2,Chordata,Actinopterygii,Perciformes,Labridae,Hemigymnus fasciatus,Hemigymnus fasciatus,20,1,240.2131,POINT (151.9499969482422 -23.25)
ep_m1_public_data.fid--6d42ff34_183e31b7ff8_535e,912345722,Australia,Queensland,Central and Southern Great Barrier Reef,Central Indo-Pacific,Capricorn-Bunker,GBR250,Broomfield Reef Site 2,-23.25,151.95,10/5/2015,8,RLS,30,13:00:00,,,1,2,Chordata,Actinopterygii,Perciformes,Labridae,Hemigymnus melapterus,Hemigymnus melapterus,30,1,522.7028,POINT (151.9499969482422 -23.25)
ep_m1_public_data.fid--6d42ff34_183e31b7ff8_535f,912345722,Australia,Queensland,Central and Southern Great Barrier Reef,Central Indo-Pacific,Capricorn-Bunker,GBR250,Broomfield Reef Site 2,-23.25,151.95,10/5/2015,8,RLS,30,13:00:00,,,1,2,Chordata,Actinopterygii,Perciformes,Pomacentridae,Pomacentrus bankanensis,Pomacentrus bankanensis,15,10,549.7811,POINT (151.9499969482422 -23.25)
ep_m1_public_data.fid--6d42ff34_183e31b7ff8_5360,912345722,Australia,Queensland,Central and Southern Great Barrier Reef,Central Indo-Pacific,Capricorn-Bunker,GBR250,Broomfield Reef Site 2,-23.25,151.95,10/5/2015,8,RLS,30,13:00:00,,,1,2,Chordata,Actinopterygii,Perciformes,Scaridae,Chlorurus sordidus,Chlorurus sordidus,20,15,4181.935,POINT (151.9499969482422 -23.25)
ep_m1_public_data.fid--6d42ff34_183e31b7ff8_5361,912345722,Australia,Queensland,Central and Southern Great Barrier Reef,Central Indo-Pacific,Capricorn-Bunker,GBR250,Broomfield Reef Site 2,-23.25,151.95,10/5/2015,8,RLS,30,13:00:00,,,1,2,Chordata,Actinopterygii,Perciformes,Scaridae,Scarus chameleon,Scarus chameleon,35,1,850.621,POINT (151.9499969482422 -23.25)
ep_m1_public_data.fid--6d42ff34_183e31b7ff8_5362,912345722,Australia,Queensland,Central and Southern Great Barrier Reef,Central Indo-Pacific,Capricorn-Bunker,GBR250,Broomfield Reef Site 2,-23.25,151.95,10/5/2015,8,RLS,30,13:00:00,,,1,2,Chordata,Actinopterygii,Tetraodontiformes,Balistidae,Sufflamen chrysopterum,Sufflamen chrysopterum,25,2,988.0062,POINT (151.9499969482422 -23.25)
ep_m1_public_data.fid--6d42ff34_183e31b7ff8_53bc,912345722,Australia,Queensland,Central and Southern Great Barrier Reef,Central Indo-Pacific,Capricorn-Bunker,GBR250,Broomfield Reef Site 2,-23.25,151.95,10/5/2015,8,RLS,30,13:00:00,,,1,1,Chordata,Actinopterygii,Perciformes,Acanthuridae,Acanthurus nigrofuscus,Acanthurus nigrofuscus,12.5,4,255.0804,POINT (151.9499969482422 -23.25)
ep_m1_public_data.fid--6d42ff34_183e31b7ff8_53bd,912345722,Australia,Queensland,Central and Southern Great Barrier Reef,Central Indo-Pacific,Capricorn-Bunker,GBR250,Broomfield Reef Site 2,-23.25,151.95,10/5/2015,8,RLS,30,13:00:00,,,1,1,Chordata,Actinopterygii,Perciformes,Chaetodontidae,Chaetodon kleinii,Chaetodon kleinii,12.5,3,308.3221,POINT (151.9499969482422 -23.25)
ep_m1_public_data.fid--6d42ff34_183e31b7ff8_53be,912345722,Australia,Queensland,Central and Southern Great Barrier Reef,Central Indo-Pacific,Capricorn-Bunker,GBR250,Broomfield Reef Site 2,-23.25,151.95,10/5/2015,8,RLS,30,13:00:00,,,1,1,Chordata,Actinopterygii,Perciformes,Labridae,Anampses caeruleopunctatus,Anampses caeruleopunctatus,12.5,1,38.3387,POINT (151.9499969482422 -23.25)
ep_m1_public_data.fid--6d42ff34_183e31b7ff8_53bf,912345722,Australia,Queensland,Central and Southern Great Barrier Reef,Central Indo-Pacific,Capricorn-Bunker,GBR250,Broomfield Reef Site 2,-23.25,151.95,10/5/2015,8,RLS,30,13:00:00,,,1,1,Chordata,Actinopterygii,Perciformes,Labridae,Anampses neoguinaicus,Anampses neoguinaicus,12.5,1,38.3387,POINT (151.9499969482422 -23.25)
ep_m1_public_data.fid--6d42ff34_183e31b7ff8_53c0,912345722,Australia,Queensland,Central and Southern Great Barrier Reef,Central Indo-Pacific,Capricorn-Bunker,GBR250,Broomfield Reef Site 2,-23.25,151.95,10/5/2015,8,RLS,30,13:00:00,,,1,1,Chordata,Actinopterygii,Perciformes,Labridae,Cheilinus trilobatus,Cheilinus trilobatus,20,1,246.7498,POINT (151.9499969482422 -23.25)
ep_m1_public_data.fid--6d42ff34_183e31b7ff8_53c1,912345722,Australia,Queensland,Central and Southern Great Barrier Reef,Central Indo-Pacific,Capricorn-Bunker,GBR250,Broomfield Reef Site 2,-23.25,151.95,10/5/2015,8,RLS,30,13:00:00,,,1,1,Chordata,Actinopterygii,Perciformes,Labridae,Halichoeres biocellatus,Halichoeres biocellatus,5,2,5.1897,POINT (151.9499969482422 -23.25)
ep_m1_public_data.fid--6d42ff34_183e31b7ff8_53c2,912345722,Australia,Queensland,Central and Southern Great Barrier Reef,Central Indo-Pacific,Capricorn-Bunker,GBR250,Broomfield Reef Site 2,-23.25,151.95,10/5/2015,8,RLS,30,13:00:00,,,1,1,Chordata,Actinopterygii,Perciformes,Labridae,Halichoeres biocellatus,Halichoeres biocellatus,7.5,4,36.9417,POINT (151.9499969482422 -23.25)
ep_m1_public_data.fid--6d42ff34_183e31b7ff8_53c3,912345722,Australia,Queensland,Central and Southern Great Barrier Reef,Central Indo-Pacific,Capricorn-Bunker,GBR250,Broomfield Reef Site 2,-23.25,151.95,10/5/2015,8,RLS,30,13:00:00,,,1,1,Chordata,Actinopterygii,Perciformes,Labridae,Hologymnosus doliatus,Hologymnosus doliatus,20,1,139.8826,POINT (151.9499969482422 -23.25)
ep_m1_public_data.fid--6d42ff34_183e31b7ff8_53c4,912345722,Australia,Queensland,Central and Southern Great Barrier Reef,Central Indo-Pacific,Capricorn-Bunker,GBR250,Broomfield Reef Site 2,-23.25,151.95,10/5/2015,8,RLS,30,13:00:00,,,1,1,Chordata,Actinopterygii,Perciformes,Labridae,Stethojulis bandanensis,Stethojulis bandanensis,10,2,37.0912,POINT (151.9499969482422 -23.25)
ep_m1_public_data.fid--6d42ff34_183e31b7ff8_53c5,912345722,Australia,Queensland,Central and Southern Great Barrier Reef,Central Indo-Pacific,Capricorn-Bunker,GBR250,Broomfield Reef Site 2,-23.25,151.95,10/5/2015,8,RLS,30,13:00:00,,,1,1,Chordata,Actinopterygii,Perciformes,Labridae,Thalassoma jansenii,Thalassoma jansenii,10,4,96.0768,POINT (151.9499969482422 -23.25)
ep_m1_public_data.fid--6d42ff34_183e31b7ff8_53c6,912345722,Australia,Queensland,Central and Southern Great Barrier Reef,Central Indo-Pacific,Capricorn-Bunker,GBR250,Broomfield Reef Site 2,-23.25,151.95,10/5/2015,8,RLS,30,13:00:00,,,1,1,Chordata,Actinopterygii,Perciformes,Lethrinidae,Lethrinus atkinsoni,Lethrinus atkinsoni,35,1,711.4322,POINT (151.9499969482422 -23.25)
ep_m1_public_data.fid--6d42ff34_183e31b7ff8_53c7,912345722,Australia,Queensland,Central and Southern Great Barrier Reef,Central Indo-Pacific,Capricorn-Bunker,GBR250,Broomfield Reef Site 2,-23.25,151.95,10/5/2015,8,RLS,30,13:00:00,,,1,1,Chordata,Actinopterygii,Perciformes,Pinguipedidae,Parapercis queenslandica,Parapercis queenslandica,12.5,1,35.1099,POINT (151.9499969482422 -23.25)
ep_m1_public_data.fid--6d42ff34_183e31b7ff8_53c8,912345722,Australia,Queensland,Central and Southern Great Barrier Reef,Central Indo-Pacific,Capricorn-Bunker,GBR250,Broomfield Reef Site 2,-23.25,151.95,10/5/2015,8,RLS,30,13:00:00,,,1,1,Chordata,Actinopterygii,Perciformes,Pomacentridae,Pomacentrus coelestis,Pomacentrus coelestis,2.5,20,13.3064,POINT (151.9499969482422 -23.25)
ep_m1_public_data.fid--6d42ff34_183e31b7ff8_53c9,912345722,Australia,Queensland,Central and Southern Great Barrier Reef,Central Indo-Pacific,Capricorn-Bunker,GBR250,Broomfield Reef Site 2,-23.25,151.95,10/5/2015,8,RLS,30,13:00:00,,,1,1,Chordata,Actinopterygii,Perciformes,Pomacentridae,Pomacentrus moluccensis,Pomacentrus moluccensis,5,4,28.453,POINT (151.9499969482422 -23.25)
ep_m1_public_data.fid--6d42ff34_183e31b7ff8_53ca,912345722,Australia,Queensland,Central and Southern Great Barrier Reef,Central Indo-Pacific,Capricorn-Bunker,GBR250,Broomfield Reef Site 2,-23.25,151.95,10/5/2015,8,RLS,30,13:00:00,,,1,1,Chordata,Actinopterygii,Perciformes,Scaridae,Scarus frenatus,Scarus frenatus,25,2,1015.8153,POINT (151.9499969482422 -23.25)
ep_m1_public_data.fid--6d42ff34_183e31b7ff8_53cb,912345722,Australia,Queensland,Central and Southern Great Barrier Reef,Central Indo-Pacific,Capricorn-Bunker,GBR250,Broomfield Reef Site 2,-23.25,151.95,10/5/2015,8,RLS,30,13:00:00,,,1,1,Chordata,Actinopterygii,Perciformes,Scaridae,Scarus globiceps,Scarus globiceps,20,3,704.1318,POINT (151.9499969482422 -23.25)
ep_m1_public_data.fid--6d42ff34_183e31b7ff8_53cc,912345722,Australia,Queensland,Central and Southern Great Barrier Reef,Central Indo-Pacific,Capricorn-Bunker,GBR250,Broomfield Reef Site 2,-23.25,151.95,10/5/2015,8,RLS,30,13:00:00,,,1,2,Chordata,Actinopterygii,Perciformes,Labridae,Cheilinus trilobatus,Cheilinus trilobatus,25,1,378.5989,POINT (151.9499969482422 -23.25)
ep_m1_public_data.fid--6d42ff34_183e31b7ff8_53cd,912345722,Australia,Queensland,Central and Southern Great Barrier Reef,Central Indo-Pacific,Capricorn-Bunker,GBR250,Broomfield Reef Site 2,-23.25,151.95,10/5/2015,8,RLS,30,13:00:00,,,1,2,Chordata,Actinopterygii,Perciformes,Pomacanthidae,Chaetodontoplus meredithi,Chaetodontoplus meredithi,25,1,596.0223,POINT (151.9499969482422 -23.25)
ep_m1_public_data.fid--6d42ff34_183e31b7ff8_53ce,912345722,Australia,Queensland,Central and Southern Great Barrier Reef,Central Indo-Pacific,Capricorn-Bunker,GBR250,Broomfield Reef Site 2,-23.25,151.95,10/5/2015,8,RLS,30,13:00:00,,,1,2,Chordata,Actinopterygii,Perciformes,Scaridae,Scarus schlegeli,Scarus schlegeli,25,7,2715.2097,POINT (151.9499969482422 -23.25)
ep_m1_public_data.fid--6d42ff34_183e31b7ff8_53cf,912345722,Australia,Queensland,Central and Southern Great Barrier Reef,Central Indo-Pacific,Capricorn-Bunker,GBR250,Broomfield Reef Site 2,-23.25,151.95,10/5/2015,8,RLS,30,13:00:00,,,1,2,Chordata,Actinopterygii,Perciformes,Scaridae,Scarus schlegeli,Scarus schlegeli,30,5,2784.6824,POINT (151.9499969482422 -23.25)
ep_m1_public_data.fid--6d42ff34_183e31b7ff8_53d0,912345722,Australia,Queensland,Central and Southern Great Barrier Reef,Central Indo-Pacific,Capricorn-Bunker,GBR250,Broomfield Reef Site 2,-23.25,151.95,10/5/2015,8,RLS,30,13:00:00,,,1,2,Chordata,Actinopterygii,Perciformes,Serranidae,Diploprion bifasciatum,Diploprion bifasciatum,15,1,115.924,POINT (151.9499969482422 -23.25)
ep_m1_public_data.fid--6d42ff34_183e31b7ff8_555f,912345722,Australia,Queensland,Central and Southern Great Barrier Reef,Central Indo-Pacific,Capricorn-Bunker,GBR250,Broomfield Reef Site 2,-23.25,151.95,10/5/2015,8,RLS,30,13:00:00,,,1,1,Chordata,Actinopterygii,Perciformes,Acanthuridae,Ctenochaetus striatus,Ctenochaetus striatus,15,1,108.4874,POINT (151.9499969482422 -23.25)
ep_m1_public_data.fid--6d42ff34_183e31b7ff8_5560,912345722,Australia,Queensland,Central and Southern Great Barrier Reef,Central Indo-Pacific,Capricorn-Bunker,GBR250,Broomfield Reef Site 2,-23.25,151.95,10/5/2015,8,RLS,30,13:00:00,,,1,1,Chordata,Actinopterygii,Perciformes,Acanthuridae,Naso brevirostris,Naso brevirostris,40,1,1269.3922,POINT (151.9499969482422 -23.25)
ep_m1_public_data.fid--6d42ff34_183e31b7ff8_5561,912345722,Australia,Queensland,Central and Southern Great Barrier Reef,Central Indo-Pacific,Capricorn-Bunker,GBR250,Broomfield Reef Site 2,-23.25,151.95,10/5/2015,8,RLS,30,13:00:00,,,1,1,Chordata,Actinopterygii,Perciformes,Acanthuridae,Zebrasoma scopas,Zebrasoma scopas,15,1,166.312,POINT (151.9499969482422 -23.25)
ep_m1_public_data.fid--6d42ff34_183e31b7ff8_5562,912345722,Australia,Queensland,Central and Southern Great Barrier Reef,Central Indo-Pacific,Capricorn-Bunker,GBR250,Broomfield Reef Site 2,-23.25,151.95,10/5/2015,8,RLS,30,13:00:00,,,1,1,Chordata,Actinopterygii,Perciformes,Caesionidae,Pterocaesio digramma,Pterocaesio digramma,10,40,744.1987,POINT (151.9499969482422 -23.25)
ep_m1_public_data.fid--6d42ff34_183e31b7ff8_5563,912345722,Australia,Queensland,Central and Southern Great Barrier Reef,Central Indo-Pacific,Capricorn-Bunker,GBR250,Broomfield Reef Site 2,-23.25,151.95,10/5/2015,8,RLS,30,13:00:00,,,1,1,Chordata,Actinopterygii,Perciformes,Caesionidae,Pterocaesio marri,Pterocaesio marri,10,25,464.0798,POINT (151.9499969482422 -23.25)
ep_m1_public_data.fid--6d42ff34_183e31b7ff8_5564,912345722,Australia,Queensland,Central and Southern Great Barrier Reef,Central Indo-Pacific,Capricorn-Bunker,GBR250,Broomfield Reef Site 2,-23.25,151.95,10/5/2015,8,RLS,30,13:00:00,,,1,1,Chordata,Actinopterygii,Perciformes,Chaetodontidae,Chaetodon lunulatus,Chaetodon lunulatus,10,1,52.8085,POINT (151.9499969482422 -23.25)
ep_m1_public_data.fid--6d42ff34_183e31b7ff8_5565,912345722,Australia,Queensland,Central and Southern Great Barrier Reef,Central Indo-Pacific,Capricorn-Bunker,GBR250,Broomfield Reef Site 2,-23.25,151.95,10/5/2015,8,RLS,30,13:00:00,,,1,1,Chordata,Actinopterygii,Perciformes,Chaetodontidae,Chaetodon lunulatus,Chaetodon lunulatus,12.5,1,102.774,POINT (151.9499969482422 -23.25)
ep_m1_public_data.fid--6d42ff34_183e31b7ff8_5566,912345722,Australia,Queensland,Central and Southern Great Barrier Reef,Central Indo-Pacific,Capricorn-Bunker,GBR250,Broomfield Reef Site 2,-23.25,151.95,10/5/2015,8,RLS,30,13:00:00,,,1,1,Chordata,Actinopterygii,Perciformes,Chaetodontidae,Chaetodon plebeius,Chaetodon plebeius,10,1,41.549,POINT (151.9499969482422 -23.25)
ep_m1_public_data.fid--6d42ff34_183e31b7ff8_5567,912345722,Australia,Queensland,Central and Southern Great Barrier Reef,Central Indo-Pacific,Capricorn-Bunker,GBR250,Broomfield Reef Site 2,-23.25,151.95,10/5/2015,8,RLS,30,13:00:00,,,1,1,Chordata,Actinopterygii,Perciformes,Chaetodontidae,Chaetodon plebeius,Chaetodon plebeius,12.5,1,74.6862,POINT (151.9499969482422 -23.25)
ep_m1_public_data.fid--6d42ff34_183e31b7ff8_5568,912345722,Australia,Queensland,Central and Southern Great Barrier Reef,Central Indo-Pacific,Capricorn-Bunker,GBR250,Broomfield Reef Site 2,-23.25,151.95,10/5/2015,8,RLS,30,13:00:00,,,1,1,Chordata,Actinopterygii,Perciformes,Chaetodontidae,Chaetodon rainfordi,Chaetodon rainfordi,5,4,26.6987,POINT (151.9499969482422 -23.25)
ep_m1_public_data.fid--6d42ff34_183e31b7ff8_5569,912345722,Australia,Queensland,Central and Southern Great Barrier Reef,Central Indo-Pacific,Capricorn-Bunker,GBR250,Broomfield Reef Site 2,-23.25,151.95,10/5/2015,8,RLS,30,13:00:00,,,1,1,Chordata,Actinopterygii,Perciformes,Chaetodontidae,Chaetodon rainfordi,Chaetodon rainfordi,7.5,3,67.1441,POINT (151.9499969482422 -23.25)
ep_m1_public_data.fid--6d42ff34_183e31b7ff8_556a,912345722,Australia,Queensland,Central and Southern Great Barrier Reef,Central Indo-Pacific,Capricorn-Bunker,GBR250,Broomfield Reef Site 2,-23.25,151.95,10/5/2015,8,RLS,30,13:00:00,,,1,1,Chordata,Actinopterygii,Perciformes,Chaetodontidae,Chaetodon unimaculatus,Chaetodon unimaculatus,10,1,60.8202,POINT (151.9499969482422 -23.25)
ep_m1_public_data.fid--6d42ff34_183e31b7ff8_556b,912345722,Australia,Queensland,Central and Southern Great Barrier Reef,Central Indo-Pacific,Capricorn-Bunker,GBR250,Broomfield Reef Site 2,-23.25,151.95,10/5/2015,8,RLS,30,13:00:00,,,1,1,Chordata,Actinopterygii,Perciformes,Chaetodontidae,Heniochus varius,Heniochus varius,12.5,2,208.3233,POINT (151.9499969482422 -23.25)
ep_m1_public_data.fid--6d42ff34_183e31b7ff8_556c,912345722,Australia,Queensland,Central and Southern Great Barrier Reef,Central Indo-Pacific,Capricorn-Bunker,GBR250,Broomfield Reef Site 2,-23.25,151.95,10/5/2015,8,RLS,30,13:00:00,,,1,1,Chordata,Actinopterygii,Perciformes,Chaetodontidae,Heniochus varius,Heniochus varius,15,2,368.2809,POINT (151.9499969482422 -23.25)
ep_m1_public_data.fid--6d42ff34_183e31b7ff8_556d,912345722,Australia,Queensland,Central and Southern Great Barrier Reef,Central Indo-Pacific,Capricorn-Bunker,GBR250,Broomfield Reef Site 2,-23.25,151.95,10/5/2015,8,RLS,30,13:00:00,,,1,1,Chordata,Actinopterygii,Perciformes,Labridae,Anampses caeruleopunctatus,Anampses caeruleopunctatus,15,2,131.033,POINT (151.9499969482422 -23.25)
ep_m1_public_data.fid--6d42ff34_183e31b7ff8_556e,912345722,Australia,Queensland,Central and Southern Great Barrier Reef,Central Indo-Pacific,Capricorn-Bunker,GBR250,Broomfield Reef Site 2,-23.25,151.95,10/5/2015,8,RLS,30,13:00:00,,,1,1,Chordata,Actinopterygii,Perciformes,Labridae,Anampses neoguinaicus,Anampses neoguinaicus,10,1,19.8984,POINT (151.9499969482422 -23.25)
ep_m1_public_data.fid--6d42ff34_183e31b7ff8_556f,912345722,Australia,Queensland,Central and Southern Great Barrier Reef,Central Indo-Pacific,Capricorn-Bunker,GBR250,Broomfield Reef Site 2,-23.25,151.95,10/5/2015,8,RLS,30,13:00:00,,,1,1,Chordata,Actinopterygii,Perciformes,Labridae,Anampses neoguinaicus,Anampses neoguinaicus,15,3,196.5495,POINT (151.9499969482422 -23.25)
ep_m1_public_data.fid--6d42ff34_183e31b7ff8_5570,912345722,Australia,Queensland,Central and Southern Great Barrier Reef,Central Indo-Pacific,Capricorn-Bunker,GBR250,Broomfield Reef Site 2,-23.25,151.95,10/5/2015,8,RLS,30,13:00:00,,,1,1,Chordata,Actinopterygii,Perciformes,Labridae,Cheilinus chlorourus,Cheilinus chlorourus,10,1,34.79,POINT (151.9499969482422 -23.25)
ep_m1_public_data.fid--6d42ff34_183e31b7ff8_5571,912345722,Australia,Queensland,Central and Southern Great Barrier Reef,Central Indo-Pacific,Capricorn-Bunker,GBR250,Broomfield Reef Site 2,-23.25,151.95,10/5/2015,8,RLS,30,13:00:00,,,1,1,Chordata,Actinopterygii,Perciformes,Labridae,Choerodon graphicus,Choerodon graphicus,20,1,271.8662,POINT (151.9499969482422 -23.25)
ep_m1_public_data.fid--6d42ff34_183e31b7ff8_5572,912345722,Australia,Queensland,Central and Southern Great Barrier Reef,Central Indo-Pacific,Capricorn-Bunker,GBR250,Broomfield Reef Site 2,-23.25,151.95,10/5/2015,8,RLS,30,13:00:00,,,1,1,Chordata,Actinopterygii,Perciformes,Labridae,Gomphosus varius,Gomphosus varius,5,2,4.6693,POINT (151.9499969482422 -23.25)
ep_m1_public_data.fid--6d42ff34_183e31b7ff8_5573,912345722,Australia,Queensland,Central and Southern Great Barrier Reef,Central Indo-Pacific,Capricorn-Bunker,GBR250,Broomfield Reef Site 2,-23.25,151.95,10/5/2015,8,RLS,30,13:00:00,,,1,1,Chordata,Actinopterygii,Perciformes,Labridae,Halichoeres hortulanus,Halichoeres hortulanus,10,2,48.2157,POINT (151.9499969482422 -23.25)
ep_m1_public_data.fid--6d42ff34_183e31b7ff8_5574,912345722,Australia,Queensland,Central and Southern Great Barrier Reef,Central Indo-Pacific,Capricorn-Bunker,GBR250,Broomfield Reef Site 2,-23.25,151.95,10/5/2015,8,RLS,30,13:00:00,,,1,1,Chordata,Actinopterygii,Perciformes,Labridae,Halichoeres hortulanus,Halichoeres hortulanus,15,2,167.0059,POINT (151.9499969482422 -23.25)
ep_m1_public_data.fid--6d42ff34_183e31b7ff8_5575,912345722,Australia,Queensland,Central and Southern Great Barrier Reef,Central Indo-Pacific,Capricorn-Bunker,GBR250,Broomfield Reef Site 2,-23.25,151.95,10/5/2015,8,RLS,30,13:00:00,,,1,1,Chordata,Actinopterygii,Perciformes,Labridae,Hemigymnus fasciatus,Hemigymnus fasciatus,15,2,225.9472,POINT (151.9499969482422 -23.25)
ep_m1_public_data.fid--6d42ff34_183e31b7ff8_5576,912345722,Australia,Queensland,Central and Southern Great Barrier Reef,Central Indo-Pacific,Capricorn-Bunker,GBR250,Broomfield Reef Site 2,-23.25,151.95,10/5/2015,8,RLS,30,13:00:00,,,1,1,Chordata,Actinopterygii,Perciformes,Labridae,Hemigymnus melapterus,Hemigymnus melapterus,20,2,480.4262,POINT (151.9499969482422 -23.25)
ep_m1_public_data.fid--6d42ff34_183e31b7ff8_5577,912345722,Australia,Queensland,Central and Southern Great Barrier Reef,Central Indo-Pacific,Capricorn-Bunker,GBR250,Broomfield Reef Site 2,-23.25,151.95,10/5/2015,8,RLS,30,13:00:00,,,1,1,Chordata,Actinopterygii,Perciformes,Labridae,Hologymnosus doliatus,Hologymnosus doliatus,12.5,1,38.3387,POINT (151.9499969482422 -23.25)
ep_m1_public_data.fid--6d42ff34_183e31b7ff8_5578,912345722,Australia,Queensland,Central and Southern Great Barrier Reef,Central Indo-Pacific,Capricorn-Bunker,GBR250,Broomfield Reef Site 2,-23.25,151.95,10/5/2015,8,RLS,30,13:00:00,,,1,1,Chordata,Actinopterygii,Perciformes,Labridae,Hologymnosus doliatus,Hologymnosus doliatus,15,3,196.5495,POINT (151.9499969482422 -23.25)
ep_m1_public_data.fid--6d42ff34_183e31b7ff8_5579,912345722,Australia,Queensland,Central and Southern Great Barrier Reef,Central Indo-Pacific,Capricorn-Bunker,GBR250,Broomfield Reef Site 2,-23.25,151.95,10/5/2015,8,RLS,30,13:00:00,,,1,1,Chordata,Actinopterygii,Perciformes,Labridae,Thalassoma jansenii,Thalassoma jansenii,7.5,3,30.3993,POINT (151.9499969482422 -23.25)
ep_m1_public_data.fid--6d42ff34_183e31b7ff8_557a,912345722,Australia,Queensland,Central and Southern Great Barrier Reef,Central Indo-Pacific,Capricorn-Bunker,GBR250,Broomfield Reef Site 2,-23.25,151.95,10/5/2015,8,RLS,30,13:00:00,,,1,1,Chordata,Actinopterygii,Perciformes,Labridae,Thalassoma jansenii,Thalassoma jansenii,12.5,4,187.65,POINT (151.9499969482422 -23.25)
ep_m1_public_data.fid--6d42ff34_183e31b7ff8_557b,912345722,Australia,Queensland,Central and Southern Great Barrier Reef,Central Indo-Pacific,Capricorn-Bunker,GBR250,Broomfield Reef Site 2,-23.25,151.95,10/5/2015,8,RLS,30,13:00:00,,,1,1,Chordata,Actinopterygii,Perciformes,Labridae,Thalassoma lunare,Thalassoma lunare,7.5,6,63.8041,POINT (151.9499969482422 -23.25)
ep_m1_public_data.fid--6d42ff34_183e31b7ff8_557c,912345722,Australia,Queensland,Central and Southern Great Barrier Reef,Central Indo-Pacific,Capricorn-Bunker,GBR250,Broomfield Reef Site 2,-23.25,151.95,10/5/2015,8,RLS,30,13:00:00,,,1,1,Chordata,Actinopterygii,Perciformes,Labridae,Thalassoma lunare,Thalassoma lunare,10,2,48.0346,POINT (151.9499969482422 -23.25)
ep_m1_public_data.fid--6d42ff34_183e31b7ff8_557d,912345722,Australia,Queensland,Central and Southern Great Barrier Reef,Central Indo-Pacific,Capricorn-Bunker,GBR250,Broomfield Reef Site 2,-23.25,151.95,10/5/2015,8,RLS,30,13:00:00,,,1,1,Chordata,Actinopterygii,Perciformes,Labridae,Thalassoma lunare,Thalassoma lunare,12.5,4,180.7311,POINT (151.9499969482422 -23.25)
ep_m1_public_data.fid--6d42ff34_183e31b7ff8_557e,912345722,Australia,Queensland,Central and Southern Great Barrier Reef,Central Indo-Pacific,Capricorn-Bunker,GBR250,Broomfield Reef Site 2,-23.25,151.95,10/5/2015,8,RLS,30,13:00:00,,,1,1,Chordata,Actinopterygii,Perciformes,Labridae,Thalassoma lutescens,Thalassoma lutescens,7.5,3,19.3397,POINT (151.9499969482422 -23.25)
ep_m1_public_data.fid--6d42ff34_183e31b7ff8_557f,912345722,Australia,Queensland,Central and Southern Great Barrier Reef,Central Indo-Pacific,Capricorn-Bunker,GBR250,Broomfield Reef Site 2,-23.25,151.95,10/5/2015,8,RLS,30,13:00:00,,,1,1,Chordata,Actinopterygii,Perciformes,Labridae,Thalassoma lutescens,Thalassoma lutescens,10,2,30.9329,POINT (151.9499969482422 -23.25)
ep_m1_public_data.fid--6d42ff34_183e31b7ff8_5580,912345722,Australia,Queensland,Central and Southern Great Barrier Reef,Central Indo-Pacific,Capricorn-Bunker,GBR250,Broomfield Reef Site 2,-23.25,151.95,10/5/2015,8,RLS,30,13:00:00,,,1,1,Chordata,Actinopterygii,Perciformes,Labridae,Thalassoma lutescens,Thalassoma lutescens,15,1,53.0959,POINT (151.9499969482422 -23.25)
ep_m1_public_data.fid--6d42ff34_183e31b7ff8_5581,912345722,Australia,Queensland,Central and Southern Great Barrier Reef,Central Indo-Pacific,Capricorn-Bunker,GBR250,Broomfield Reef Site 2,-23.25,151.95,10/5/2015,8,RLS,30,13:00:00,,,1,1,Chordata,Actinopterygii,Perciformes,Nemipteridae,Scolopsis bilineata,Scolopsis bilineata,7.5,2,21.7919,POINT (151.9499969482422 -23.25)
ep_m1_public_data.fid--6d42ff34_183e31b7ff8_5582,912345722,Australia,Queensland,Central and Southern Great Barrier Reef,Central Indo-Pacific,Capricorn-Bunker,GBR250,Broomfield Reef Site 2,-23.25,151.95,10/5/2015,8,RLS,30,13:00:00,,,1,1,Chordata,Actinopterygii,Perciformes,Nemipteridae,Scolopsis bilineata,Scolopsis bilineata,10,2,54.3063,POINT (151.9499969482422 -23.25)
ep_m1_public_data.fid--6d42ff34_183e31b7ff8_5583,912345722,Australia,Queensland,Central and Southern Great Barrier Reef,Central Indo-Pacific,Capricorn-Bunker,GBR250,Broomfield Reef Site 2,-23.25,151.95,10/5/2015,8,RLS,30,13:00:00,,,1,1,Chordata,Actinopterygii,Perciformes,Nemipteridae,Scolopsis bilineata,Scolopsis bilineata,12.5,3,165.3993,POINT (151.9499969482422 -23.25)
ep_m1_public_data.fid--6d42ff34_183e31b7ff8_5584,912345722,Australia,Queensland,Central and Southern Great Barrier Reef,Central Indo-Pacific,Capricorn-Bunker,GBR250,Broomfield Reef Site 2,-23.25,151.95,10/5/2015,8,RLS,30,13:00:00,,,1,1,Chordata,Actinopterygii,Perciformes,Pinguipedidae,Parapercis queenslandica,Parapercis queenslandica,10,1,17.3574,POINT (151.9499969482422 -23.25)
ep_m1_public_data.fid--6d42ff34_183e31b7ff8_5585,912345722,Australia,Queensland,Central and Southern Great Barrier Reef,Central Indo-Pacific,Capricorn-Bunker,GBR250,Broomfield Reef Site 2,-23.25,151.95,10/5/2015,8,RLS,30,13:00:00,,,1,1,Chordata,Actinopterygii,Perciformes,Pomacentridae,Chromis margaritifer,Chromis margaritifer,5,1,2.5764,POINT (151.9499969482422 -23.25)
ep_m1_public_data.fid--6d42ff34_183e31b7ff8_5586,912345722,Australia,Queensland,Central and Southern Great Barrier Reef,Central Indo-Pacific,Capricorn-Bunker,GBR250,Broomfield Reef Site 2,-23.25,151.95,10/5/2015,8,RLS,30,13:00:00,,,1,1,Chordata,Actinopterygii,Perciformes,Pomacentridae,Chromis margaritifer,Chromis margaritifer,7.5,2,16.8086,POINT (151.9499969482422 -23.25)
ep_m1_public_data.fid--6d42ff34_183e31b7ff8_5587,912345722,Australia,Queensland,Central and Southern Great Barrier Reef,Central Indo-Pacific,Capricorn-Bunker,GBR250,Broomfield Reef Site 2,-23.25,151.95,10/5/2015,8,RLS,30,13:00:00,,,1,1,Chordata,Actinopterygii,Perciformes,Pomacentridae,Pomacentrus amboinensis,Pomacentrus amboinensis,7.5,3,50.8251,POINT (151.9499969482422 -23.25)
ep_m1_public_data.fid--6d42ff34_183e31b7ff8_5588,912345722,Australia,Queensland,Central and Southern Great Barrier Reef,Central Indo-Pacific,Capricorn-Bunker,GBR250,Broomfield Reef Site 2,-23.25,151.95,10/5/2015,8,RLS,30,13:00:00,,,1,1,Chordata,Actinopterygii,Perciformes,Pomacentridae,Pomacentrus bankanensis,Pomacentrus bankanensis,7.5,7,56.225,POINT (151.9499969482422 -23.25)
ep_m1_public_data.fid--6d42ff34_183e31b7ff8_5589,912345722,Australia,Queensland,Central and Southern Great Barrier Reef,Central Indo-Pacific,Capricorn-Bunker,GBR250,Broomfield Reef Site 2,-23.25,151.95,10/5/2015,8,RLS,30,13:00:00,,,1,1,Chordata,Actinopterygii,Perciformes,Pomacentridae,Pomacentrus bankanensis,Pomacentrus bankanensis,10,3,53.5375,POINT (151.9499969482422 -23.25)
ep_m1_public_data.fid--6d42ff34_183e31b7ff8_558a,912345722,Australia,Queensland,Central and Southern Great Barrier Reef,Central Indo-Pacific,Capricorn-Bunker,GBR250,Broomfield Reef Site 2,-23.25,151.95,10/5/2015,8,RLS,30,13:00:00,,,1,1,Chordata,Actinopterygii,Perciformes,Pomacentridae,Pomacentrus coelestis,Pomacentrus coelestis,5,65,267.7028,POINT (151.9499969482422 -23.25)
ep_m1_public_data.fid--6d42ff34_183e31b7ff8_558b,912345722,Australia,Queensland,Central and Southern Great Barrier Reef,Central Indo-Pacific,Capricorn-Bunker,GBR250,Broomfield Reef Site 2,-23.25,151.95,10/5/2015,8,RLS,30,13:00:00,,,1,1,Chordata,Actinopterygii,Perciformes,Pomacentridae,Pomacentrus moluccensis,Pomacentrus moluccensis,7.5,1,20.7972,POINT (151.9499969482422 -23.25)
ep_m1_public_data.fid--6d42ff34_183e31b7ff8_558c,912345722,Australia,Queensland,Central and Southern Great Barrier Reef,Central Indo-Pacific,Capricorn-Bunker,GBR250,Broomfield Reef Site 2,-23.25,151.95,10/5/2015,8,RLS,30,13:00:00,,,1,1,Chordata,Actinopterygii,Perciformes,Pomacentridae,Pomacentrus sp. [rhodonotus],Pomacentrus spp.,5,2,,POINT (151.9499969482422 -23.25)
ep_m1_public_data.fid--6d42ff34_183e31b7ff8_558d,912345722,Australia,Queensland,Central and Southern Great Barrier Reef,Central Indo-Pacific,Capricorn-Bunker,GBR250,Broomfield Reef Site 2,-23.25,151.95,10/5/2015,8,RLS,30,13:00:00,,,1,1,Chordata,Actinopterygii,Perciformes,Scaridae,Chlorurus sordidus,Chlorurus sordidus,15,3,388.7153,POINT (151.9499969482422 -23.25)
ep_m1_public_data.fid--6d42ff34_183e31b7ff8_558e,912345722,Australia,Queensland,Central and Southern Great Barrier Reef,Central Indo-Pacific,Capricorn-Bunker,GBR250,Broomfield Reef Site 2,-23.25,151.95,10/5/2015,8,RLS,30,13:00:00,,,1,1,Chordata,Actinopterygii,Perciformes,Scaridae,Chlorurus sordidus,Chlorurus sordidus,20,33,9200.257,POINT (151.9499969482422 -23.25)
ep_m1_public_data.fid--6d42ff34_183e31b7ff8_558f,912345722,Australia,Queensland,Central and Southern Great Barrier Reef,Central Indo-Pacific,Capricorn-Bunker,GBR250,Broomfield Reef Site 2,-23.25,151.95,10/5/2015,8,RLS,30,13:00:00,,,1,1,Chordata,Actinopterygii,Perciformes,Scaridae,Chlorurus sordidus,Chlorurus sordidus,25,12,5068.97,POINT (151.9499969482422 -23.25)
ep_m1_public_data.fid--6d42ff34_183e31b7ff8_5590,912345722,Australia,Queensland,Central and Southern Great Barrier Reef,Central Indo-Pacific,Capricorn-Bunker,GBR250,Broomfield Reef Site 2,-23.25,151.95,10/5/2015,8,RLS,30,13:00:00,,,1,1,Chordata,Actinopterygii,Perciformes,Scaridae,Scarus chameleon,Scarus chameleon,25,1,415.8124,POINT (151.9499969482422 -23.25)
ep_m1_public_data.fid--6d42ff34_183e31b7ff8_5591,912345722,Australia,Queensland,Central and Southern Great Barrier Reef,Central Indo-Pacific,Capricorn-Bunker,GBR250,Broomfield Reef Site 2,-23.25,151.95,10/5/2015,8,RLS,30,13:00:00,,,1,1,Chordata,Actinopterygii,Perciformes,Scaridae,Scarus frenatus,Scarus frenatus,15,1,150.254,POINT (151.9499969482422 -23.25)
ep_m1_public_data.fid--6d42ff34_183e31b7ff8_5592,912345722,Australia,Queensland,Central and Southern Great Barrier Reef,Central Indo-Pacific,Capricorn-Bunker,GBR250,Broomfield Reef Site 2,-23.25,151.95,10/5/2015,8,RLS,30,13:00:00,,,1,1,Chordata,Actinopterygii,Perciformes,Scaridae,Scarus frenatus,Scarus frenatus,20,3,992.9392,POINT (151.9499969482422 -23.25)
ep_m1_public_data.fid--6d42ff34_183e31b7ff8_5593,912345722,Australia,Queensland,Central and Southern Great Barrier Reef,Central Indo-Pacific,Capricorn-Bunker,GBR250,Broomfield Reef Site 2,-23.25,151.95,10/5/2015,8,RLS,30,13:00:00,,,1,1,Chordata,Actinopterygii,Perciformes,Scaridae,Scarus globiceps,Scarus globiceps,15,7,751.848,POINT (151.9499969482422 -23.25)
ep_m1_public_data.fid--6d42ff34_183e31b7ff8_5594,912345722,Australia,Queensland,Central and Southern Great Barrier Reef,Central Indo-Pacific,Capricorn-Bunker,GBR250,Broomfield Reef Site 2,-23.25,151.95,10/5/2015,8,RLS,30,13:00:00,,,1,1,Chordata,Actinopterygii,Perciformes,Serranidae,Pseudanthias squamipinnis,Pseudanthias squamipinnis,5,5,14.1306,POINT (151.9499969482422 -23.25)
ep_m1_public_data.fid--6d42ff34_183e31b7ff8_5595,912345722,Australia,Queensland,Central and Southern Great Barrier Reef,Central Indo-Pacific,Capricorn-Bunker,GBR250,Broomfield Reef Site 2,-23.25,151.95,10/5/2015,8,RLS,30,13:00:00,,,1,1,Chordata,Actinopterygii,Perciformes,Serranidae,Pseudanthias squamipinnis,Pseudanthias squamipinnis,7.5,4,40.5286,POINT (151.9499969482422 -23.25)
ep_m1_public_data.fid--6d42ff34_183e31b7ff8_5596,912345722,Australia,Queensland,Central and Southern Great Barrier Reef,Central Indo-Pacific,Capricorn-Bunker,GBR250,Broomfield Reef Site 2,-23.25,151.95,10/5/2015,8,RLS,30,13:00:00,,,1,1,Chordata,Actinopterygii,Tetraodontiformes,Ostraciidae,Ostracion cubicus,Ostracion cubicus,15,1,179.0468,POINT (151.9499969482422 -23.25)
ep_m1_public_data.fid--6d42ff34_183e31b7ff8_5597,912345722,Australia,Queensland,Central and Southern Great Barrier Reef,Central Indo-Pacific,Capricorn-Bunker,GBR250,Broomfield Reef Site 2,-23.25,151.95,10/5/2015,8,RLS,30,13:00:00,,,1,2,Chordata,Actinopterygii,Perciformes,Acanthuridae,Acanthurus triostegus,Acanthurus triostegus,15,5,784.954,POINT (151.9499969482422 -23.25)
ep_m1_public_data.fid--6d42ff34_183e31b7ff8_5598,912345722,Australia,Queensland,Central and Southern Great Barrier Reef,Central Indo-Pacific,Capricorn-Bunker,GBR250,Broomfield Reef Site 2,-23.25,151.95,10/5/2015,8,RLS,30,13:00:00,,,1,2,Chordata,Actinopterygii,Perciformes,Acanthuridae,Ctenochaetus striatus,Ctenochaetus striatus,20,4,956.6453,POINT (151.9499969482422 -23.25)
ep_m1_public_data.fid--6d42ff34_183e31b7ff8_5599,912345722,Australia,Queensland,Central and Southern Great Barrier Reef,Central Indo-Pacific,Capricorn-Bunker,GBR250,Broomfield Reef Site 2,-23.25,151.95,10/5/2015,8,RLS,30,13:00:00,,,1,2,Chordata,Actinopterygii,Perciformes,Acanthuridae,Naso lituratus,Naso lituratus,25,2,496.6235,POINT (151.9499969482422 -23.25)
ep_m1_public_data.fid--6d42ff34_183e31b7ff8_559a,912345722,Australia,Queensland,Central and Southern Great Barrier Reef,Central Indo-Pacific,Capricorn-Bunker,GBR250,Broomfield Reef Site 2,-23.25,151.95,10/5/2015,8,RLS,30,13:00:00,,,1,2,Chordata,Actinopterygii,Perciformes,Acanthuridae,Naso tonganus,Naso tonganus,35,2,1766.2249,POINT (151.9499969482422 -23.25)
ep_m1_public_data.fid--6d42ff34_183e31b7ff8_559b,912345722,Australia,Queensland,Central and Southern Great Barrier Reef,Central Indo-Pacific,Capricorn-Bunker,GBR250,Broomfield Reef Site 2,-23.25,151.95,10/5/2015,8,RLS,30,13:00:00,,,1,2,Chordata,Actinopterygii,Perciformes,Acanthuridae,Zebrasoma scopas,Zebrasoma scopas,10,4,197.6708,POINT (151.9499969482422 -23.25)
ep_m1_public_data.fid--6d42ff34_183e31b7ff8_559c,912345722,Australia,Queensland,Central and Southern Great Barrier Reef,Central Indo-Pacific,Capricorn-Bunker,GBR250,Broomfield Reef Site 2,-23.25,151.95,10/5/2015,8,RLS,30,13:00:00,,,1,2,Chordata,Actinopterygii,Perciformes,Acanthuridae,Zebrasoma scopas,Zebrasoma scopas,12.5,2,192.7366,POINT (151.9499969482422 -23.25)
ep_m1_public_data.fid--6d42ff34_183e31b7ff8_559d,912345722,Australia,Queensland,Central and Southern Great Barrier Reef,Central Indo-Pacific,Capricorn-Bunker,GBR250,Broomfield Reef Site 2,-23.25,151.95,10/5/2015,8,RLS,30,13:00:00,,,1,2,Chordata,Actinopterygii,Perciformes,Acanthuridae,Zebrasoma scopas,Zebrasoma scopas,20,1,360.0719,POINT (151.9499969482422 -23.25)
ep_m1_public_data.fid--6d42ff34_183e31b7ff8_559e,912345722,Australia,Queensland,Central and Southern Great Barrier Reef,Central Indo-Pacific,Capricorn-Bunker,GBR250,Broomfield Reef Site 2,-23.25,151.95,10/5/2015,8,RLS,30,13:00:00,,,1,2,Chordata,Actinopterygii,Perciformes,Chaetodontidae,Chaetodon citrinellus,Chaetodon citrinellus,12.5,4,304.0026,POINT (151.9499969482422 -23.25)
ep_m1_public_data.fid--6d42ff34_183e31b7ff8_559f,912345722,Australia,Queensland,Central and Southern Great Barrier Reef,Central Indo-Pacific,Capricorn-Bunker,GBR250,Broomfield Reef Site 2,-23.25,151.95,10/5/2015,8,RLS,30,13:00:00,,,1,2,Chordata,Actinopterygii,Perciformes,Chaetodontidae,Chaetodon rainfordi,Chaetodon rainfordi,10,5,264.0426,POINT (151.9499969482422 -23.25)
ep_m1_public_data.fid--6d42ff34_183e31b7ff8_55a0,912345722,Australia,Queensland,Central and Southern Great Barrier Reef,Central Indo-Pacific,Capricorn-Bunker,GBR250,Broomfield Reef Site 2,-23.25,151.95,10/5/2015,8,RLS,30,13:00:00,,,1,2,Chordata,Actinopterygii,Perciformes,Labridae,Anampses neoguinaicus,Anampses neoguinaicus,12.5,1,38.3387,POINT (151.9499969482422 -23.25)
ep_m1_public_data.fid--6d42ff34_183e31b7ff8_55a1,912345722,Australia,Queensland,Central and Southern Great Barrier Reef,Central Indo-Pacific,Capricorn-Bunker,GBR250,Broomfield Reef Site 2,-23.25,151.95,10/5/2015,8,RLS,30,13:00:00,,,1,2,Chordata,Actinopterygii,Perciformes,Labridae,Choerodon fasciatus,Choerodon fasciatus,25,1,421.0069,POINT (151.9499969482422 -23.25)
ep_m1_public_data.fid--6d42ff34_183e31b7ff8_55a2,912345722,Australia,Queensland,Central and Southern Great Barrier Reef,Central Indo-Pacific,Capricorn-Bunker,GBR250,Broomfield Reef Site 2,-23.25,151.95,10/5/2015,8,RLS,30,13:00:00,,,1,2,Chordata,Actinopterygii,Perciformes,Labridae,Halichoeres hortulanus,Halichoeres hortulanus,15,1,83.503,POINT (151.9499969482422 -23.25)
ep_m1_public_data.fid--6d42ff34_183e31b7ff8_55a3,912345722,Australia,Queensland,Central and Southern Great Barrier Reef,Central Indo-Pacific,Capricorn-Bunker,GBR250,Broomfield Reef Site 2,-23.25,151.95,10/5/2015,8,RLS,30,13:00:00,,,1,2,Chordata,Actinopterygii,Perciformes,Labridae,Halichoeres nebulosus,Halichoeres nebulosus,10,5,113.6606,POINT (151.9499969482422 -23.25)
ep_m1_public_data.fid--6d42ff34_183e31b7ff8_55a4,912345722,Australia,Queensland,Central and Southern Great Barrier Reef,Central Indo-Pacific,Capricorn-Bunker,GBR250,Broomfield Reef Site 2,-23.25,151.95,10/5/2015,8,RLS,30,13:00:00,,,1,2,Chordata,Actinopterygii,Perciformes,Labridae,Hemigymnus melapterus,Hemigymnus melapterus,10,1,34.5352,POINT (151.9499969482422 -23.25)
ep_m1_public_data.fid--6d42ff34_183e31b7ff8_55a5,912345722,Australia,Queensland,Central and Southern Great Barrier Reef,Central Indo-Pacific,Capricorn-Bunker,GBR250,Broomfield Reef Site 2,-23.25,151.95,10/5/2015,8,RLS,30,13:00:00,,,1,2,Chordata,Actinopterygii,Perciformes,Labridae,Labroides dimidiatus,Labroides dimidiatus,12.5,3,111.6668,POINT (151.9499969482422 -23.25)
ep_m1_public_data.fid--6d42ff34_183e31b7ff8_55a6,912345722,Australia,Queensland,Central and Southern Great Barrier Reef,Central Indo-Pacific,Capricorn-Bunker,GBR250,Broomfield Reef Site 2,-23.25,151.95,10/5/2015,8,RLS,30,13:00:00,,,1,2,Chordata,Actinopterygii,Perciformes,Labridae,Stethojulis bandanensis,Stethojulis bandanensis,10,2,37.0912,POINT (151.9499969482422 -23.25)
ep_m1_public_data.fid--6d42ff34_183e31b7ff8_55a7,912345722,Australia,Queensland,Central and Southern Great Barrier Reef,Central Indo-Pacific,Capricorn-Bunker,GBR250,Broomfield Reef Site 2,-23.25,151.95,10/5/2015,8,RLS,30,13:00:00,,,1,2,Chordata,Actinopterygii,Perciformes,Labridae,Thalassoma jansenii,Thalassoma jansenii,12.5,20,938.25,POINT (151.9499969482422 -23.25)
ep_m1_public_data.fid--6d42ff34_183e31b7ff8_55a8,912345722,Australia,Queensland,Central and Southern Great Barrier Reef,Central Indo-Pacific,Capricorn-Bunker,GBR250,Broomfield Reef Site 2,-23.25,151.95,10/5/2015,8,RLS,30,13:00:00,,,1,2,Chordata,Actinopterygii,Perciformes,Mullidae,Parupeneus multifasciatus,Parupeneus multifasciatus,20,1,122.1762,POINT (151.9499969482422 -23.25)
ep_m1_public_data.fid--6d42ff34_183e31b7ff8_55a9,912345722,Australia,Queensland,Central and Southern Great Barrier Reef,Central Indo-Pacific,Capricorn-Bunker,GBR250,Broomfield Reef Site 2,-23.25,151.95,10/5/2015,8,RLS,30,13:00:00,,,1,2,Chordata,Actinopterygii,Perciformes,Nemipteridae,Scolopsis bilineata,Scolopsis bilineata,15,2,196.6815,POINT (151.9499969482422 -23.25)
ep_m1_public_data.fid--6d42ff34_183e31b7ff8_55aa,912345722,Australia,Queensland,Central and Southern Great Barrier Reef,Central Indo-Pacific,Capricorn-Bunker,GBR250,Broomfield Reef Site 2,-23.25,151.95,10/5/2015,8,RLS,30,13:00:00,,,1,2,Chordata,Actinopterygii,Perciformes,Nemipteridae,Scolopsis bilineata,Scolopsis bilineata,20,2,446.1865,POINT (151.9499969482422 -23.25)
ep_m1_public_data.fid--6d42ff34_183e31b7ff8_55ab,912345722,Australia,Queensland,Central and Southern Great Barrier Reef,Central Indo-Pacific,Capricorn-Bunker,GBR250,Broomfield Reef Site 2,-23.25,151.95,10/5/2015,8,RLS,30,13:00:00,,,1,2,Chordata,Actinopterygii,Perciformes,Pomacanthidae,Centropyge vrolikii,Centropyge vrolikii,15,1,158.6543,POINT (151.9499969482422 -23.25)
ep_m1_public_data.fid--6d42ff34_183e31b7ff8_55ac,912345722,Australia,Queensland,Central and Southern Great Barrier Reef,Central Indo-Pacific,Capricorn-Bunker,GBR250,Broomfield Reef Site 2,-23.25,151.95,10/5/2015,8,RLS,30,13:00:00,,,1,2,Chordata,Actinopterygii,Perciformes,Pomacanthidae,Chaetodontoplus meredithi,Chaetodontoplus meredithi,20,1,393.433,POINT (151.9499969482422 -23.25)
ep_m1_public_data.fid--6d42ff34_183e31b7ff8_55ad,912345722,Australia,Queensland,Central and Southern Great Barrier Reef,Central Indo-Pacific,Capricorn-Bunker,GBR250,Broomfield Reef Site 2,-23.25,151.95,10/5/2015,8,RLS,30,13:00:00,,,1,2,Chordata,Actinopterygii,Perciformes,Pomacentridae,Plectroglyphidodon dickii,Plectroglyphidodon dickii,7.5,1,20.0069,POINT (151.9499969482422 -23.25)
ep_m1_public_data.fid--6d42ff34_183e31b7ff8_55ae,912345722,Australia,Queensland,Central and Southern Great Barrier Reef,Central Indo-Pacific,Capricorn-Bunker,GBR250,Broomfield Reef Site 2,-23.25,151.95,10/5/2015,8,RLS,30,13:00:00,,,1,1,Chordata,Actinopterygii,Perciformes,Acanthuridae,Zebrasoma scopas,Zebrasoma scopas,10,1,49.4177,POINT (151.9499969482422 -23.25)
ep_m1_public_data.fid--6d42ff34_183e31b7ff8_55af,912345722,Australia,Queensland,Central and Southern Great Barrier Reef,Central Indo-Pacific,Capricorn-Bunker,GBR250,Broomfield Reef Site 2,-23.25,151.95,10/5/2015,8,RLS,30,13:00:00,,,1,1,Chordata,Actinopterygii,Perciformes,Caesionidae,Pterocaesio marri,Pterocaesio marri,7.5,110,825.0652,POINT (151.9499969482422 -23.25)
ep_m1_public_data.fid--6d42ff34_183e31b7ff8_55b0,912345722,Australia,Queensland,Central and Southern Great Barrier Reef,Central Indo-Pacific,Capricorn-Bunker,GBR250,Broomfield Reef Site 2,-23.25,151.95,10/5/2015,8,RLS,30,13:00:00,,,1,1,Chordata,Actinopterygii,Perciformes,Chaetodontidae,Chaetodon kleinii,Chaetodon kleinii,7.5,2,44.7627,POINT (151.9499969482422 -23.25)
ep_m1_public_data.fid--6d42ff34_183e31b7ff8_55b1,912345722,Australia,Queensland,Central and Southern Great Barrier Reef,Central Indo-Pacific,Capricorn-Bunker,GBR250,Broomfield Reef Site 2,-23.25,151.95,10/5/2015,8,RLS,30,13:00:00,,,1,1,Chordata,Actinopterygii,Perciformes,Chaetodontidae,Chaetodon kleinii,Chaetodon kleinii,10,1,52.8085,POINT (151.9499969482422 -23.25)
ep_m1_public_data.fid--6d42ff34_183e31b7ff8_55b2,912345722,Australia,Queensland,Central and Southern Great Barrier Reef,Central Indo-Pacific,Capricorn-Bunker,GBR250,Broomfield Reef Site 2,-23.25,151.95,10/5/2015,8,RLS,30,13:00:00,,,1,1,Chordata,Actinopterygii,Perciformes,Labridae,Anampses caeruleopunctatus,Anampses caeruleopunctatus,20,1,139.8826,POINT (151.9499969482422 -23.25)
ep_m1_public_data.fid--6d42ff34_183e31b7ff8_55b3,912345722,Australia,Queensland,Central and Southern Great Barrier Reef,Central Indo-Pacific,Capricorn-Bunker,GBR250,Broomfield Reef Site 2,-23.25,151.95,10/5/2015,8,RLS,30,13:00:00,,,1,1,Chordata,Actinopterygii,Perciformes,Labridae,Cheilinus trilobatus,Cheilinus trilobatus,15,1,112.0453,POINT (151.9499969482422 -23.25)
ep_m1_public_data.fid--6d42ff34_183e31b7ff8_55b4,912345722,Australia,Queensland,Central and Southern Great Barrier Reef,Central Indo-Pacific,Capricorn-Bunker,GBR250,Broomfield Reef Site 2,-23.25,151.95,10/5/2015,8,RLS,30,13:00:00,,,1,1,Chordata,Actinopterygii,Perciformes,Labridae,Choerodon graphicus,Choerodon graphicus,15,1,121.3653,POINT (151.9499969482422 -23.25)
ep_m1_public_data.fid--6d42ff34_183e31b7ff8_55b5,912345722,Australia,Queensland,Central and Southern Great Barrier Reef,Central Indo-Pacific,Capricorn-Bunker,GBR250,Broomfield Reef Site 2,-23.25,151.95,10/5/2015,8,RLS,30,13:00:00,,,1,1,Chordata,Actinopterygii,Perciformes,Labridae,Stethojulis bandanensis,Stethojulis bandanensis,7.5,2,17.6524,POINT (151.9499969482422 -23.25)
ep_m1_public_data.fid--6d42ff34_183e31b7ff8_55b6,912345722,Australia,Queensland,Central and Southern Great Barrier Reef,Central Indo-Pacific,Capricorn-Bunker,GBR250,Broomfield Reef Site 2,-23.25,151.95,10/5/2015,8,RLS,30,13:00:00,,,1,1,Chordata,Actinopterygii,Perciformes,Labridae,Thalassoma lutescens,Thalassoma lutescens,5,2,3.7557,POINT (151.9499969482422 -23.25)
ep_m1_public_data.fid--6d42ff34_183e31b7ff8_55b7,912345722,Australia,Queensland,Central and Southern Great Barrier Reef,Central Indo-Pacific,Capricorn-Bunker,GBR250,Broomfield Reef Site 2,-23.25,151.95,10/5/2015,8,RLS,30,13:00:00,,,1,1,Chordata,Actinopterygii,Perciformes,Pomacentridae,Pomacentrus bankanensis,Pomacentrus bankanensis,5,2,5.2144,POINT (151.9499969482422 -23.25)
ep_m1_public_data.fid--6d42ff34_183e31b7ff8_55b8,912345722,Australia,Queensland,Central and Southern Great Barrier Reef,Central Indo-Pacific,Capricorn-Bunker,GBR250,Broomfield Reef Site 2,-23.25,151.95,10/5/2015,8,RLS,30,13:00:00,,,1,1,Chordata,Actinopterygii,Perciformes,Pomacentridae,Pomacentrus sp. [rhodonotus],Pomacentrus spp.,7.5,2,,POINT (151.9499969482422 -23.25)
ep_m1_public_data.fid--6d42ff34_183e31b7ff8_55b9,912345722,Australia,Queensland,Central and Southern Great Barrier Reef,Central Indo-Pacific,Capricorn-Bunker,GBR250,Broomfield Reef Site 2,-23.25,151.95,10/5/2015,8,RLS,30,13:00:00,,,1,1,Chordata,Actinopterygii,Perciformes,Scaridae,Chlorurus sordidus,Chlorurus sordidus,12.5,10,754.0866,POINT (151.9499969482422 -23.25)
ep_m1_public_data.fid--6d42ff34_183e31b7ff8_55ba,912345722,Australia,Queensland,Central and Southern Great Barrier Reef,Central Indo-Pacific,Capricorn-Bunker,GBR250,Broomfield Reef Site 2,-23.25,151.95,10/5/2015,8,RLS,30,13:00:00,,,1,1,Chordata,Actinopterygii,Tetraodontiformes,Balistidae,Sufflamen chrysopterum,Sufflamen chrysopterum,15,1,151.7121,POINT (151.9499969482422 -23.25)
ep_m1_public_data.fid--6d42ff34_183e31b7ff8_55bb,912345722,Australia,Queensland,Central and Southern Great Barrier Reef,Central Indo-Pacific,Capricorn-Bunker,GBR250,Broomfield Reef Site 2,-23.25,151.95,10/5/2015,8,RLS,30,13:00:00,,,1,2,Chordata,Actinopterygii,Perciformes,Acanthuridae,Naso lituratus,Naso lituratus,15,1,68.2975,POINT (151.9499969482422 -23.25)
ep_m1_public_data.fid--6d42ff34_183e31b7ff8_55bc,912345722,Australia,Queensland,Central and Southern Great Barrier Reef,Central Indo-Pacific,Capricorn-Bunker,GBR250,Broomfield Reef Site 2,-23.25,151.95,10/5/2015,8,RLS,30,13:00:00,,,1,2,Chordata,Actinopterygii,Perciformes,Acanthuridae,Zebrasoma scopas,Zebrasoma scopas,15,5,831.56,POINT (151.9499969482422 -23.25)
ep_m1_public_data.fid--6d42ff34_183e31b7ff8_55bd,912345722,Australia,Queensland,Central and Southern Great Barrier Reef,Central Indo-Pacific,Capricorn-Bunker,GBR250,Broomfield Reef Site 2,-23.25,151.95,10/5/2015,8,RLS,30,13:00:00,,,1,2,Chordata,Actinopterygii,Perciformes,Caesionidae,Pterocaesio marri,Pterocaesio marri,15,500,33289.72,POINT (151.9499969482422 -23.25)
ep_m1_public_data.fid--6d42ff34_183e31b7ff8_55be,912345722,Australia,Queensland,Central and Southern Great Barrier Reef,Central Indo-Pacific,Capricorn-Bunker,GBR250,Broomfield Reef Site 2,-23.25,151.95,10/5/2015,8,RLS,30,13:00:00,,,1,2,Chordata,Actinopterygii,Perciformes,Chaetodontidae,Chaetodon auriga,Chaetodon auriga,15,2,287.4599,POINT (151.9499969482422 -23.25)
ep_m1_public_data.fid--6d42ff34_183e31b7ff8_55bf,912345722,Australia,Queensland,Central and Southern Great Barrier Reef,Central Indo-Pacific,Capricorn-Bunker,GBR250,Broomfield Reef Site 2,-23.25,151.95,10/5/2015,8,RLS,30,13:00:00,,,1,2,Chordata,Actinopterygii,Perciformes,Chaetodontidae,Chaetodon melannotus,Chaetodon melannotus,10,2,104.2233,POINT (151.9499969482422 -23.25)
ep_m1_public_data.fid--6d42ff34_183e31b7ff8_55c0,912345722,Australia,Queensland,Central and Southern Great Barrier Reef,Central Indo-Pacific,Capricorn-Bunker,GBR250,Broomfield Reef Site 2,-23.25,151.95,10/5/2015,8,RLS,30,13:00:00,,,1,2,Chordata,Actinopterygii,Perciformes,Chaetodontidae,Chaetodon plebeius,Chaetodon plebeius,10,1,41.549,POINT (151.9499969482422 -23.25)
ep_m1_public_data.fid--6d42ff34_183e31b7ff8_55c1,912345722,Australia,Queensland,Central and Southern Great Barrier Reef,Central Indo-Pacific,Capricorn-Bunker,GBR250,Broomfield Reef Site 2,-23.25,151.95,10/5/2015,8,RLS,30,13:00:00,,,1,2,Chordata,Actinopterygii,Perciformes,Chaetodontidae,Chaetodon rainfordi,Chaetodon rainfordi,7.5,5,111.9069,POINT (151.9499969482422 -23.25)
ep_m1_public_data.fid--6d42ff34_183e31b7ff8_55c2,912345722,Australia,Queensland,Central and Southern Great Barrier Reef,Central Indo-Pacific,Capricorn-Bunker,GBR250,Broomfield Reef Site 2,-23.25,151.95,10/5/2015,8,RLS,30,13:00:00,,,1,2,Chordata,Actinopterygii,Perciformes,Labridae,Cheilinus trilobatus,Cheilinus trilobatus,15,2,224.0906,POINT (151.9499969482422 -23.25)
ep_m1_public_data.fid--6d42ff34_183e31b7ff8_55c3,912345722,Australia,Queensland,Central and Southern Great Barrier Reef,Central Indo-Pacific,Capricorn-Bunker,GBR250,Broomfield Reef Site 2,-23.25,151.95,10/5/2015,8,RLS,30,13:00:00,,,1,2,Chordata,Actinopterygii,Perciformes,Labridae,Gomphosus varius,Gomphosus varius,15,1,45.4866,POINT (151.9499969482422 -23.25)
ep_m1_public_data.fid--6d42ff34_183e31b7ff8_55c4,912345722,Australia,Queensland,Central and Southern Great Barrier Reef,Central Indo-Pacific,Capricorn-Bunker,GBR250,Broomfield Reef Site 2,-23.25,151.95,10/5/2015,8,RLS,30,13:00:00,,,1,2,Chordata,Actinopterygii,Perciformes,Labridae,Halichoeres hortulanus,Halichoeres hortulanus,20,1,184.1304,POINT (151.9499969482422 -23.25)
ep_m1_public_data.fid--6d42ff34_183e31b7ff8_55c5,912345722,Australia,Queensland,Central and Southern Great Barrier Reef,Central Indo-Pacific,Capricorn-Bunker,GBR250,Broomfield Reef Site 2,-23.25,151.95,10/5/2015,8,RLS,30,13:00:00,,,1,2,Chordata,Actinopterygii,Perciformes,Labridae,Halichoeres nebulosus,Halichoeres nebulosus,7.5,2,18.4708,POINT (151.9499969482422 -23.25)
ep_m1_public_data.fid--6d42ff34_183e31b7ff8_55c6,912345722,Australia,Queensland,Central and Southern Great Barrier Reef,Central Indo-Pacific,Capricorn-Bunker,GBR250,Broomfield Reef Site 2,-23.25,151.95,10/5/2015,8,RLS,30,13:00:00,,,1,2,Chordata,Actinopterygii,Perciformes,Labridae,Halichoeres nebulosus,Halichoeres nebulosus,12.5,1,45.7157,POINT (151.9499969482422 -23.25)
ep_m1_public_data.fid--6d42ff34_183e31b7ff8_55c7,912345722,Australia,Queensland,Central and Southern Great Barrier Reef,Central Indo-Pacific,Capricorn-Bunker,GBR250,Broomfield Reef Site 2,-23.25,151.95,10/5/2015,8,RLS,30,13:00:00,,,1,2,Chordata,Actinopterygii,Perciformes,Labridae,Thalassoma jansenii,Thalassoma jansenii,10,15,360.288,POINT (151.9499969482422 -23.25)
ep_m1_public_data.fid--6d42ff34_183e31b7ff8_55c8,912345722,Australia,Queensland,Central and Southern Great Barrier Reef,Central Indo-Pacific,Capricorn-Bunker,GBR250,Broomfield Reef Site 2,-23.25,151.95,10/5/2015,8,RLS,30,13:00:00,,,1,2,Chordata,Actinopterygii,Perciformes,Labridae,Thalassoma lutescens,Thalassoma lutescens,20,3,349.2528,POINT (151.9499969482422 -23.25)
ep_m1_public_data.fid--6d42ff34_183e31b7ff8_55c9,912345722,Australia,Queensland,Central and Southern Great Barrier Reef,Central Indo-Pacific,Capricorn-Bunker,GBR250,Broomfield Reef Site 2,-23.25,151.95,10/5/2015,8,RLS,30,13:00:00,,,1,2,Chordata,Actinopterygii,Perciformes,Pomacentridae,Pomacentrus coelestis,Pomacentrus coelestis,5,200,823.7009,POINT (151.9499969482422 -23.25)
ep_m1_public_data.fid--6d42ff34_183e31b7ff8_55ca,912345722,Australia,Queensland,Central and Southern Great Barrier Reef,Central Indo-Pacific,Capricorn-Bunker,GBR250,Broomfield Reef Site 2,-23.25,151.95,10/5/2015,8,RLS,30,13:00:00,,,1,2,Chordata,Actinopterygii,Perciformes,Scaridae,Chlorurus sordidus,Chlorurus sordidus,25,14,5913.7983,POINT (151.9499969482422 -23.25)
ep_m1_public_data.fid--6d42ff34_183e31b7ff8_55cb,912345722,Australia,Queensland,Central and Southern Great Barrier Reef,Central Indo-Pacific,Capricorn-Bunker,GBR250,Broomfield Reef Site 2,-23.25,151.95,10/5/2015,8,RLS,30,13:00:00,,,1,2,Chordata,Actinopterygii,Perciformes,Scaridae,Scarus frenatus,Scarus frenatus,35,1,1042.5656,POINT (151.9499969482422 -23.25)
ep_m1_public_data.fid--6d42ff34_183e31b7ff8_55cc,912345722,Australia,Queensland,Central and Southern Great Barrier Reef,Central Indo-Pacific,Capricorn-Bunker,GBR250,Broomfield Reef Site 2,-23.25,151.95,10/5/2015,8,RLS,30,13:00:00,,,1,2,Chordata,Actinopterygii,Perciformes,Scaridae,Scarus schlegeli,Scarus schlegeli,20,8,2076.634,POINT (151.9499969482422 -23.25)
,,,,,,,,,,,,,,,,,,,,,,,,,,14.43181818,1436,104387.6457,
