ep_m1_public_data.fid--6d42ff34_183e3488150_74f5,912344544,Republic of the Marshall Islands,Marshall Islands,Marshall Islands,Eastern Indo-Pacific,Marshall Islands,RT2,Rongalap Airport,11.16,166.89,7/18/2014,5,RLS,25,15:00:00,,,1,1,Chordata,Actinopterygii,Perciformes,Acanthuridae,Acanthurus nigricans,Acanthurus nigricans,15,2,231.848,POINT (166.88999938964844 11.15999984741211)
ep_m1_public_data.fid--6d42ff34_183e3488150_74f6,912344544,Republic of the Marshall Islands,Marshall Islands,Marshall Islands,Eastern Indo-Pacific,Marshall Islands,RT2,Rongalap Airport,11.16,166.89,7/18/2014,5,RLS,25,15:00:00,,,1,1,Chordata,Actinopterygii,Perciformes,Acanthuridae,Ctenochaetus cyanocheilus,Ctenochaetus cyanocheilus,12.5,1,62.279,POINT (166.88999938964844 11.15999984741211)
ep_m1_public_data.fid--6d42ff34_183e3488150_74f7,912344544,Republic of the Marshall Islands,Marshall Islands,Marshall Islands,Eastern Indo-Pacific,Marshall Islands,RT2,Rongalap Airport,11.16,166.89,7/18/2014,5,RLS,25,15:00:00,,,1,1,Chordata,Actinopterygii,Perciformes,Chaetodontidae,Chaetodon lunula,Chaetodon lunula,12.5,2,205.5481,POINT (166.88999938964844 11.15999984741211)
ep_m1_public_data.fid--6d42ff34_183e3488150_74f8,912344544,Republic of the Marshall Islands,Marshall Islands,Marshall Islands,Eastern Indo-Pacific,Marshall Islands,RT2,Rongalap Airport,11.16,166.89,7/18/2014,5,RLS,25,15:00:00,,,1,1,Chordata,Actinopterygii,Perciformes,Chaetodontidae,Chaetodon pelewensis,Chaetodon pelewensis,10,2,96.8053,POINT (166.88999938964844 11.15999984741211)
ep_m1_public_data.fid--6d42ff34_183e3488150_74f9,912344544,Republic of the Marshall Islands,Marshall Islands,Marshall Islands,Eastern Indo-Pacific,Marshall Islands,RT2,Rongalap Airport,11.16,166.89,7/18/2014,5,RLS,25,15:00:00,,,1,1,Chordata,Actinopterygii,Perciformes,Chaetodontidae,Chaetodon ulietensis,Chaetodon ulietensis,12.5,3,223.8556,POINT (166.88999938964844 11.15999984741211)
ep_m1_public_data.fid--6d42ff34_183e3488150_74fa,912344544,Republic of the Marshall Islands,Marshall Islands,Marshall Islands,Eastern Indo-Pacific,Marshall Islands,RT2,Rongalap Airport,11.16,166.89,7/18/2014,5,RLS,25,15:00:00,,,1,1,Chordata,Actinopterygii,Perciformes,Labridae,Anampses twistii,Anampses twistii,2.5,2,0.6767,POINT (166.88999938964844 11.15999984741211)
ep_m1_public_data.fid--6d42ff34_183e3488150_74fb,912344544,Republic of the Marshall Islands,Marshall Islands,Marshall Islands,Eastern Indo-Pacific,Marshall Islands,RT2,Rongalap Airport,11.16,166.89,7/18/2014,5,RLS,25,15:00:00,,,1,1,Chordata,Actinopterygii,Perciformes,Labridae,Gomphosus varius,Gomphosus varius,5,2,4.6693,POINT (166.88999938964844 11.15999984741211)
ep_m1_public_data.fid--6d42ff34_183e3488150_74fc,912344544,Republic of the Marshall Islands,Marshall Islands,Marshall Islands,Eastern Indo-Pacific,Marshall Islands,RT2,Rongalap Airport,11.16,166.89,7/18/2014,5,RLS,25,15:00:00,,,1,1,Chordata,Actinopterygii,Perciformes,Labridae,Gomphosus varius,Gomphosus varius,7.5,4,27.9421,POINT (166.88999938964844 11.15999984741211)
ep_m1_public_data.fid--6d42ff34_183e3488150_74fd,912344544,Republic of the Marshall Islands,Marshall Islands,Marshall Islands,Eastern Indo-Pacific,Marshall Islands,RT2,Rongalap Airport,11.16,166.89,7/18/2014,5,RLS,25,15:00:00,,,1,1,Chordata,Actinopterygii,Perciformes,Labridae,Gomphosus varius,Gomphosus varius,12.5,1,27.7879,POINT (166.88999938964844 11.15999984741211)
ep_m1_public_data.fid--6d42ff34_183e3488150_74fe,912344544,Republic of the Marshall Islands,Marshall Islands,Marshall Islands,Eastern Indo-Pacific,Marshall Islands,RT2,Rongalap Airport,11.16,166.89,7/18/2014,5,RLS,25,15:00:00,,,1,1,Chordata,Actinopterygii,Perciformes,Labridae,Halichoeres hortulanus,Halichoeres hortulanus,12.5,1,47.7629,POINT (166.88999938964844 11.15999984741211)
ep_m1_public_data.fid--6d42ff34_183e3488150_74ff,912344544,Republic of the Marshall Islands,Marshall Islands,Marshall Islands,Eastern Indo-Pacific,Marshall Islands,RT2,Rongalap Airport,11.16,166.89,7/18/2014,5,RLS,25,15:00:00,,,1,1,Chordata,Actinopterygii,Perciformes,Labridae,Labroides dimidiatus,Labroides dimidiatus,10,4,72.4013,POINT (166.88999938964844 11.15999984741211)
ep_m1_public_data.fid--6d42ff34_183e3488150_7500,912344544,Republic of the Marshall Islands,Marshall Islands,Marshall Islands,Eastern Indo-Pacific,Marshall Islands,RT2,Rongalap Airport,11.16,166.89,7/18/2014,5,RLS,25,15:00:00,,,1,1,Chordata,Actinopterygii,Perciformes,Labridae,Thalassoma lutescens,Thalassoma lutescens,12.5,2,60.9848,POINT (166.88999938964844 11.15999984741211)
ep_m1_public_data.fid--6d42ff34_183e3488150_7501,912344544,Republic of the Marshall Islands,Marshall Islands,Marshall Islands,Eastern Indo-Pacific,Marshall Islands,RT2,Rongalap Airport,11.16,166.89,7/18/2014,5,RLS,25,15:00:00,,,1,1,Chordata,Actinopterygii,Perciformes,Lutjanidae,Macolor macularis,Macolor macularis,50,1,1344.8068,POINT (166.88999938964844 11.15999984741211)
ep_m1_public_data.fid--6d42ff34_183e3488150_7502,912344544,Republic of the Marshall Islands,Marshall Islands,Marshall Islands,Eastern Indo-Pacific,Marshall Islands,RT2,Rongalap Airport,11.16,166.89,7/18/2014,5,RLS,25,15:00:00,,,1,1,Chordata,Actinopterygii,Perciformes,Pomacanthidae,Centropyge loricula,Centropyge loricula,5,1,7.3603,POINT (166.88999938964844 11.15999984741211)
ep_m1_public_data.fid--6d42ff34_183e3488150_7503,912344544,Republic of the Marshall Islands,Marshall Islands,Marshall Islands,Eastern Indo-Pacific,Marshall Islands,RT2,Rongalap Airport,11.16,166.89,7/18/2014,5,RLS,25,15:00:00,,,1,1,Chordata,Actinopterygii,Perciformes,Pomacentridae,Chromis agilis,Chromis agilis,2.5,2,0.8077,POINT (166.88999938964844 11.15999984741211)
ep_m1_public_data.fid--6d42ff34_183e3488150_7504,912344544,Republic of the Marshall Islands,Marshall Islands,Marshall Islands,Eastern Indo-Pacific,Marshall Islands,RT2,Rongalap Airport,11.16,166.89,7/18/2014,5,RLS,25,15:00:00,,,1,1,Chordata,Actinopterygii,Perciformes,Pomacentridae,Chromis agilis,Chromis agilis,7.5,11,152.2266,POINT (166.88999938964844 11.15999984741211)
ep_m1_public_data.fid--6d42ff34_183e3488150_7505,912344544,Republic of the Marshall Islands,Marshall Islands,Marshall Islands,Eastern Indo-Pacific,Marshall Islands,RT2,Rongalap Airport,11.16,166.89,7/18/2014,5,RLS,25,15:00:00,,,1,1,Chordata,Actinopterygii,Perciformes,Serranidae,Pseudanthias pascalus,Pseudanthias pascalus,7.5,400,4855.8022,POINT (166.88999938964844 11.15999984741211)
ep_m1_public_data.fid--6d42ff34_183e3488150_7506,912344544,Republic of the Marshall Islands,Marshall Islands,Marshall Islands,Eastern Indo-Pacific,Marshall Islands,RT2,Rongalap Airport,11.16,166.89,7/18/2014,5,RLS,25,15:00:00,,,1,2,Chordata,Actinopterygii,Perciformes,Acanthuridae,Acanthurus nigricans,Acanthurus nigricans,15,2,231.848,POINT (166.88999938964844 11.15999984741211)
ep_m1_public_data.fid--6d42ff34_183e3488150_7507,912344544,Republic of the Marshall Islands,Marshall Islands,Marshall Islands,Eastern Indo-Pacific,Marshall Islands,RT2,Rongalap Airport,11.16,166.89,7/18/2014,5,RLS,25,15:00:00,,,1,2,Chordata,Actinopterygii,Perciformes,Acanthuridae,Acanthurus nigrofuscus,Acanthurus nigrofuscus,10,3,92.0592,POINT (166.88999938964844 11.15999984741211)
ep_m1_public_data.fid--6d42ff34_183e3488150_7508,912344544,Republic of the Marshall Islands,Marshall Islands,Marshall Islands,Eastern Indo-Pacific,Marshall Islands,RT2,Rongalap Airport,11.16,166.89,7/18/2014,5,RLS,25,15:00:00,,,1,2,Chordata,Actinopterygii,Perciformes,Acanthuridae,Acanthurus thompsoni,Acanthurus thompsoni,15,4,497.8112,POINT (166.88999938964844 11.15999984741211)
ep_m1_public_data.fid--6d42ff34_183e3488150_7509,912344544,Republic of the Marshall Islands,Marshall Islands,Marshall Islands,Eastern Indo-Pacific,Marshall Islands,RT2,Rongalap Airport,11.16,166.89,7/18/2014,5,RLS,25,15:00:00,,,1,2,Chordata,Actinopterygii,Perciformes,Carangidae,Caranx melampygus,Caranx melampygus,30,2,916.1119,POINT (166.88999938964844 11.15999984741211)
ep_m1_public_data.fid--6d42ff34_183e3488150_750a,912344544,Republic of the Marshall Islands,Marshall Islands,Marshall Islands,Eastern Indo-Pacific,Marshall Islands,RT2,Rongalap Airport,11.16,166.89,7/18/2014,5,RLS,25,15:00:00,,,1,2,Chordata,Actinopterygii,Perciformes,Chaetodontidae,Chaetodon pelewensis,Chaetodon pelewensis,10,2,96.8053,POINT (166.88999938964844 11.15999984741211)
ep_m1_public_data.fid--6d42ff34_183e3488150_750b,912344544,Republic of the Marshall Islands,Marshall Islands,Marshall Islands,Eastern Indo-Pacific,Marshall Islands,RT2,Rongalap Airport,11.16,166.89,7/18/2014,5,RLS,25,15:00:00,,,1,2,Chordata,Actinopterygii,Perciformes,Cirrhitidae,Paracirrhites arcatus,Paracirrhites arcatus,2.5,2,0.8474,POINT (166.88999938964844 11.15999984741211)
ep_m1_public_data.fid--6d42ff34_183e3488150_750c,912344544,Republic of the Marshall Islands,Marshall Islands,Marshall Islands,Eastern Indo-Pacific,Marshall Islands,RT2,Rongalap Airport,11.16,166.89,7/18/2014,5,RLS,25,15:00:00,,,1,2,Chordata,Actinopterygii,Perciformes,Cirrhitidae,Paracirrhites arcatus,Paracirrhites arcatus,5,2,7.352,POINT (166.88999938964844 11.15999984741211)
ep_m1_public_data.fid--6d42ff34_183e3488150_750d,912344544,Republic of the Marshall Islands,Marshall Islands,Marshall Islands,Eastern Indo-Pacific,Marshall Islands,RT2,Rongalap Airport,11.16,166.89,7/18/2014,5,RLS,25,15:00:00,,,1,2,Chordata,Actinopterygii,Perciformes,Cirrhitidae,Paracirrhites arcatus,Paracirrhites arcatus,7.5,8,104.0742,POINT (166.88999938964844 11.15999984741211)
ep_m1_public_data.fid--6d42ff34_183e3488150_750e,912344544,Republic of the Marshall Islands,Marshall Islands,Marshall Islands,Eastern Indo-Pacific,Marshall Islands,RT2,Rongalap Airport,11.16,166.89,7/18/2014,5,RLS,25,15:00:00,,,1,2,Chordata,Actinopterygii,Perciformes,Labridae,Gomphosus varius,Gomphosus varius,5,3,7.004,POINT (166.88999938964844 11.15999984741211)
ep_m1_public_data.fid--6d42ff34_183e3488150_750f,912344544,Republic of the Marshall Islands,Marshall Islands,Marshall Islands,Eastern Indo-Pacific,Marshall Islands,RT2,Rongalap Airport,11.16,166.89,7/18/2014,5,RLS,25,15:00:00,,,1,2,Chordata,Actinopterygii,Perciformes,Pomacanthidae,Centropyge loricula,Centropyge loricula,7.5,3,68.5795,POINT (166.88999938964844 11.15999984741211)
ep_m1_public_data.fid--6d42ff34_183e3488150_7510,912344544,Republic of the Marshall Islands,Marshall Islands,Marshall Islands,Eastern Indo-Pacific,Marshall Islands,RT2,Rongalap Airport,11.16,166.89,7/18/2014,5,RLS,25,15:00:00,,,1,2,Chordata,Actinopterygii,Perciformes,Pomacentridae,Chromis agilis,Chromis agilis,5,12,45.0602,POINT (166.88999938964844 11.15999984741211)
ep_m1_public_data.fid--6d42ff34_183e3488150_7511,912344544,Republic of the Marshall Islands,Marshall Islands,Marshall Islands,Eastern Indo-Pacific,Marshall Islands,RT2,Rongalap Airport,11.16,166.89,7/18/2014,5,RLS,25,15:00:00,,,1,2,Chordata,Actinopterygii,Perciformes,Pomacentridae,Plectroglyphidodon johnstonianus,Plectroglyphidodon johnstonianus,5,2,13.7471,POINT (166.88999938964844 11.15999984741211)
ep_m1_public_data.fid--6d42ff34_183e3488150_7512,912344544,Republic of the Marshall Islands,Marshall Islands,Marshall Islands,Eastern Indo-Pacific,Marshall Islands,RT2,Rongalap Airport,11.16,166.89,7/18/2014,5,RLS,25,15:00:00,,,1,2,Chordata,Actinopterygii,Perciformes,Scaridae,Chlorurus microrhinos,Chlorurus microrhinos,35,2,1701.2421,POINT (166.88999938964844 11.15999984741211)
ep_m1_public_data.fid--6d42ff34_183e3488150_7513,912344544,Republic of the Marshall Islands,Marshall Islands,Marshall Islands,Eastern Indo-Pacific,Marshall Islands,RT2,Rongalap Airport,11.16,166.89,7/18/2014,5,RLS,25,15:00:00,,,1,2,Chordata,Actinopterygii,Perciformes,Scaridae,Scarus psittacus,Scarus psittacus,30,1,520.4772,POINT (166.88999938964844 11.15999984741211)
ep_m1_public_data.fid--6d42ff34_183e3488150_7539,912344544,Republic of the Marshall Islands,Marshall Islands,Marshall Islands,Eastern Indo-Pacific,Marshall Islands,RT2,Rongalap Airport,11.16,166.89,7/18/2014,5,RLS,25,15:00:00,,,1,1,Chordata,Actinopterygii,Perciformes,Labridae,Labroides dimidiatus,Labroides dimidiatus,5,1,1.9278,POINT (166.88999938964844 11.15999984741211)
ep_m1_public_data.fid--6d42ff34_183e3488150_753a,912344544,Republic of the Marshall Islands,Marshall Islands,Marshall Islands,Eastern Indo-Pacific,Marshall Islands,RT2,Rongalap Airport,11.16,166.89,7/18/2014,5,RLS,25,15:00:00,,,1,1,Chordata,Actinopterygii,Perciformes,Serranidae,Pseudanthias pascalus,Pseudanthias pascalus,5,300,1042.5112,POINT (166.88999938964844 11.15999984741211)
ep_m1_public_data.fid--6d42ff34_183e3488150_753b,912344544,Republic of the Marshall Islands,Marshall Islands,Marshall Islands,Eastern Indo-Pacific,Marshall Islands,RT2,Rongalap Airport,11.16,166.89,7/18/2014,5,RLS,25,15:00:00,,,1,2,Chordata,Actinopterygii,Perciformes,Lutjanidae,Macolor macularis,Macolor macularis,35,2,1106.4855,POINT (166.88999938964844 11.15999984741211)
ep_m1_public_data.fid--6d42ff34_183e3488150_756a,912344544,Republic of the Marshall Islands,Marshall Islands,Marshall Islands,Eastern Indo-Pacific,Marshall Islands,RT2,Rongalap Airport,11.16,166.89,7/18/2014,5,RLS,25,15:00:00,,,1,1,Chordata,Actinopterygii,Beryciformes,Holocentridae,Myripristis kuntee,Myripristis kuntee,20,2,696.1367,POINT (166.88999938964844 11.15999984741211)
ep_m1_public_data.fid--6d42ff34_183e3488150_756b,912344544,Republic of the Marshall Islands,Marshall Islands,Marshall Islands,Eastern Indo-Pacific,Marshall Islands,RT2,Rongalap Airport,11.16,166.89,7/18/2014,5,RLS,25,15:00:00,,,1,1,Chordata,Actinopterygii,Perciformes,Acanthuridae,Acanthurus nigricans,Acanthurus nigricans,12.5,1,63.7701,POINT (166.88999938964844 11.15999984741211)
ep_m1_public_data.fid--6d42ff34_183e3488150_756c,912344544,Republic of the Marshall Islands,Marshall Islands,Marshall Islands,Eastern Indo-Pacific,Marshall Islands,RT2,Rongalap Airport,11.16,166.89,7/18/2014,5,RLS,25,15:00:00,,,1,1,Chordata,Actinopterygii,Perciformes,Acanthuridae,Acanthurus nigrofuscus,Acanthurus nigrofuscus,5,2,6.327,POINT (166.88999938964844 11.15999984741211)
ep_m1_public_data.fid--6d42ff34_183e3488150_756d,912344544,Republic of the Marshall Islands,Marshall Islands,Marshall Islands,Eastern Indo-Pacific,Marshall Islands,RT2,Rongalap Airport,11.16,166.89,7/18/2014,5,RLS,25,15:00:00,,,1,1,Chordata,Actinopterygii,Perciformes,Acanthuridae,Ctenochaetus cyanocheilus,Ctenochaetus cyanocheilus,15,2,216.2985,POINT (166.88999938964844 11.15999984741211)
ep_m1_public_data.fid--6d42ff34_183e3488150_756e,912344544,Republic of the Marshall Islands,Marshall Islands,Marshall Islands,Eastern Indo-Pacific,Marshall Islands,RT2,Rongalap Airport,11.16,166.89,7/18/2014,5,RLS,25,15:00:00,,,1,1,Chordata,Actinopterygii,Perciformes,Acanthuridae,Zebrasoma velifer,Zebrasoma velifer,15,2,271.6033,POINT (166.88999938964844 11.15999984741211)
ep_m1_public_data.fid--6d42ff34_183e3488150_756f,912344544,Republic of the Marshall Islands,Marshall Islands,Marshall Islands,Eastern Indo-Pacific,Marshall Islands,RT2,Rongalap Airport,11.16,166.89,7/18/2014,5,RLS,25,15:00:00,,,1,1,Chordata,Actinopterygii,Perciformes,Chaetodontidae,Chaetodon lunula,Chaetodon lunula,15,1,177.0762,POINT (166.88999938964844 11.15999984741211)
ep_m1_public_data.fid--6d42ff34_183e3488150_7570,912344544,Republic of the Marshall Islands,Marshall Islands,Marshall Islands,Eastern Indo-Pacific,Marshall Islands,RT2,Rongalap Airport,11.16,166.89,7/18/2014,5,RLS,25,15:00:00,,,1,1,Chordata,Actinopterygii,Perciformes,Cirrhitidae,Paracirrhites arcatus,Paracirrhites arcatus,2.5,1,0.4237,POINT (166.88999938964844 11.15999984741211)
ep_m1_public_data.fid--6d42ff34_183e3488150_7571,912344544,Republic of the Marshall Islands,Marshall Islands,Marshall Islands,Eastern Indo-Pacific,Marshall Islands,RT2,Rongalap Airport,11.16,166.89,7/18/2014,5,RLS,25,15:00:00,,,1,1,Chordata,Actinopterygii,Perciformes,Cirrhitidae,Paracirrhites arcatus,Paracirrhites arcatus,5,3,11.028,POINT (166.88999938964844 11.15999984741211)
ep_m1_public_data.fid--6d42ff34_183e3488150_7572,912344544,Republic of the Marshall Islands,Marshall Islands,Marshall Islands,Eastern Indo-Pacific,Marshall Islands,RT2,Rongalap Airport,11.16,166.89,7/18/2014,5,RLS,25,15:00:00,,,1,1,Chordata,Actinopterygii,Perciformes,Cirrhitidae,Paracirrhites arcatus,Paracirrhites arcatus,7.5,2,26.0185,POINT (166.88999938964844 11.15999984741211)
ep_m1_public_data.fid--6d42ff34_183e3488150_7573,912344544,Republic of the Marshall Islands,Marshall Islands,Marshall Islands,Eastern Indo-Pacific,Marshall Islands,RT2,Rongalap Airport,11.16,166.89,7/18/2014,5,RLS,25,15:00:00,,,1,1,Chordata,Actinopterygii,Perciformes,Labridae,Cheilinus undulatus,Cheilinus undulatus,50,1,1755.4274,POINT (166.88999938964844 11.15999984741211)
ep_m1_public_data.fid--6d42ff34_183e3488150_7574,912344544,Republic of the Marshall Islands,Marshall Islands,Marshall Islands,Eastern Indo-Pacific,Marshall Islands,RT2,Rongalap Airport,11.16,166.89,7/18/2014,5,RLS,25,15:00:00,,,1,1,Chordata,Actinopterygii,Perciformes,Labridae,Macropharyngodon meleagris,Macropharyngodon meleagris,12.5,1,38.3387,POINT (166.88999938964844 11.15999984741211)
ep_m1_public_data.fid--6d42ff34_183e3488150_7575,912344544,Republic of the Marshall Islands,Marshall Islands,Marshall Islands,Eastern Indo-Pacific,Marshall Islands,RT2,Rongalap Airport,11.16,166.89,7/18/2014,5,RLS,25,15:00:00,,,1,1,Chordata,Actinopterygii,Perciformes,Labridae,Pseudocheilinus tetrataenia,Pseudocheilinus tetrataenia,5,2,5.1894,POINT (166.88999938964844 11.15999984741211)
ep_m1_public_data.fid--6d42ff34_183e3488150_7576,912344544,Republic of the Marshall Islands,Marshall Islands,Marshall Islands,Eastern Indo-Pacific,Marshall Islands,RT2,Rongalap Airport,11.16,166.89,7/18/2014,5,RLS,25,15:00:00,,,1,1,Chordata,Actinopterygii,Perciformes,Labridae,Stethojulis bandanensis,Stethojulis bandanensis,7.5,3,26.4786,POINT (166.88999938964844 11.15999984741211)
ep_m1_public_data.fid--6d42ff34_183e3488150_7577,912344544,Republic of the Marshall Islands,Marshall Islands,Marshall Islands,Eastern Indo-Pacific,Marshall Islands,RT2,Rongalap Airport,11.16,166.89,7/18/2014,5,RLS,25,15:00:00,,,1,1,Chordata,Actinopterygii,Perciformes,Labridae,Thalassoma lutescens,Thalassoma lutescens,5,1,1.8778,POINT (166.88999938964844 11.15999984741211)
ep_m1_public_data.fid--6d42ff34_183e3488150_7578,912344544,Republic of the Marshall Islands,Marshall Islands,Marshall Islands,Eastern Indo-Pacific,Marshall Islands,RT2,Rongalap Airport,11.16,166.89,7/18/2014,5,RLS,25,15:00:00,,,1,1,Chordata,Actinopterygii,Perciformes,Pomacanthidae,Centropyge loricula,Centropyge loricula,7.5,1,22.8598,POINT (166.88999938964844 11.15999984741211)
ep_m1_public_data.fid--6d42ff34_183e3488150_7579,912344544,Republic of the Marshall Islands,Marshall Islands,Marshall Islands,Eastern Indo-Pacific,Marshall Islands,RT2,Rongalap Airport,11.16,166.89,7/18/2014,5,RLS,25,15:00:00,,,1,1,Chordata,Actinopterygii,Perciformes,Pomacentridae,Chromis acares,Chromis acares,2.5,150,60.5745,POINT (166.88999938964844 11.15999984741211)
ep_m1_public_data.fid--6d42ff34_183e3488150_757a,912344544,Republic of the Marshall Islands,Marshall Islands,Marshall Islands,Eastern Indo-Pacific,Marshall Islands,RT2,Rongalap Airport,11.16,166.89,7/18/2014,5,RLS,25,15:00:00,,,1,1,Chordata,Actinopterygii,Perciformes,Pomacentridae,Chromis agilis,Chromis agilis,5,7,26.2851,POINT (166.88999938964844 11.15999984741211)
ep_m1_public_data.fid--6d42ff34_183e3488150_757b,912344544,Republic of the Marshall Islands,Marshall Islands,Marshall Islands,Eastern Indo-Pacific,Marshall Islands,RT2,Rongalap Airport,11.16,166.89,7/18/2014,5,RLS,25,15:00:00,,,1,1,Chordata,Actinopterygii,Perciformes,Pomacentridae,Plectroglyphidodon dickii,Plectroglyphidodon dickii,5,6,41.2412,POINT (166.88999938964844 11.15999984741211)
ep_m1_public_data.fid--6d42ff34_183e3488150_757c,912344544,Republic of the Marshall Islands,Marshall Islands,Marshall Islands,Eastern Indo-Pacific,Marshall Islands,RT2,Rongalap Airport,11.16,166.89,7/18/2014,5,RLS,25,15:00:00,,,1,1,Chordata,Actinopterygii,Perciformes,Pomacentridae,Plectroglyphidodon lacrymatus,Plectroglyphidodon lacrymatus,5,2,13.7471,POINT (166.88999938964844 11.15999984741211)
ep_m1_public_data.fid--6d42ff34_183e3488150_757d,912344544,Republic of the Marshall Islands,Marshall Islands,Marshall Islands,Eastern Indo-Pacific,Marshall Islands,RT2,Rongalap Airport,11.16,166.89,7/18/2014,5,RLS,25,15:00:00,,,1,1,Chordata,Actinopterygii,Perciformes,Pomacentridae,Plectroglyphidodon lacrymatus,Plectroglyphidodon lacrymatus,10,1,42.6967,POINT (166.88999938964844 11.15999984741211)
ep_m1_public_data.fid--6d42ff34_183e3488150_757e,912344544,Republic of the Marshall Islands,Marshall Islands,Marshall Islands,Eastern Indo-Pacific,Marshall Islands,RT2,Rongalap Airport,11.16,166.89,7/18/2014,5,RLS,25,15:00:00,,,1,1,Chordata,Actinopterygii,Perciformes,Scaridae,Chlorurus sordidus,Chlorurus sordidus,12.5,3,226.226,POINT (166.88999938964844 11.15999984741211)
ep_m1_public_data.fid--6d42ff34_183e3488150_757f,912344544,Republic of the Marshall Islands,Marshall Islands,Marshall Islands,Eastern Indo-Pacific,Marshall Islands,RT2,Rongalap Airport,11.16,166.89,7/18/2014,5,RLS,25,15:00:00,,,1,1,Chordata,Actinopterygii,Perciformes,Scaridae,Scarus ghobban,Scarus ghobban,40,2,1442.8445,POINT (166.88999938964844 11.15999984741211)
ep_m1_public_data.fid--6d42ff34_183e3488150_7580,912344544,Republic of the Marshall Islands,Marshall Islands,Marshall Islands,Eastern Indo-Pacific,Marshall Islands,RT2,Rongalap Airport,11.16,166.89,7/18/2014,5,RLS,25,15:00:00,,,1,2,Chordata,Actinopterygii,Perciformes,Acanthuridae,Acanthurus nigrofuscus,Acanthurus nigrofuscus,12.5,2,127.5402,POINT (166.88999938964844 11.15999984741211)
ep_m1_public_data.fid--6d42ff34_183e3488150_7581,912344544,Republic of the Marshall Islands,Marshall Islands,Marshall Islands,Eastern Indo-Pacific,Marshall Islands,RT2,Rongalap Airport,11.16,166.89,7/18/2014,5,RLS,25,15:00:00,,,1,2,Chordata,Actinopterygii,Perciformes,Acanthuridae,Acanthurus thompsoni,Acanthurus thompsoni,20,2,544.3416,POINT (166.88999938964844 11.15999984741211)
ep_m1_public_data.fid--6d42ff34_183e3488150_7582,912344544,Republic of the Marshall Islands,Marshall Islands,Marshall Islands,Eastern Indo-Pacific,Marshall Islands,RT2,Rongalap Airport,11.16,166.89,7/18/2014,5,RLS,25,15:00:00,,,1,2,Chordata,Actinopterygii,Perciformes,Acanthuridae,Naso lituratus,Naso lituratus,30,4,1494.7728,POINT (166.88999938964844 11.15999984741211)
ep_m1_public_data.fid--6d42ff34_183e3488150_7583,912344544,Republic of the Marshall Islands,Marshall Islands,Marshall Islands,Eastern Indo-Pacific,Marshall Islands,RT2,Rongalap Airport,11.16,166.89,7/18/2014,5,RLS,25,15:00:00,,,1,2,Chordata,Actinopterygii,Perciformes,Chaetodontidae,Chaetodon auriga,Chaetodon auriga,12.5,3,257.4334,POINT (166.88999938964844 11.15999984741211)
ep_m1_public_data.fid--6d42ff34_183e3488150_7584,912344544,Republic of the Marshall Islands,Marshall Islands,Marshall Islands,Eastern Indo-Pacific,Marshall Islands,RT2,Rongalap Airport,11.16,166.89,7/18/2014,5,RLS,25,15:00:00,,,1,2,Chordata,Actinopterygii,Perciformes,Chaetodontidae,Forcipiger longirostris,Forcipiger longirostris,7.5,2,16.4136,POINT (166.88999938964844 11.15999984741211)
ep_m1_public_data.fid--6d42ff34_183e3488150_7585,912344544,Republic of the Marshall Islands,Marshall Islands,Marshall Islands,Eastern Indo-Pacific,Marshall Islands,RT2,Rongalap Airport,11.16,166.89,7/18/2014,5,RLS,25,15:00:00,,,1,2,Chordata,Actinopterygii,Perciformes,Labridae,Anampses caeruleopunctatus,Anampses caeruleopunctatus,10,1,19.8984,POINT (166.88999938964844 11.15999984741211)
ep_m1_public_data.fid--6d42ff34_183e3488150_7586,912344544,Republic of the Marshall Islands,Marshall Islands,Marshall Islands,Eastern Indo-Pacific,Marshall Islands,RT2,Rongalap Airport,11.16,166.89,7/18/2014,5,RLS,25,15:00:00,,,1,2,Chordata,Actinopterygii,Perciformes,Labridae,Anampses twistii,Anampses twistii,5,1,2.5947,POINT (166.88999938964844 11.15999984741211)
ep_m1_public_data.fid--6d42ff34_183e3488150_7587,912344544,Republic of the Marshall Islands,Marshall Islands,Marshall Islands,Eastern Indo-Pacific,Marshall Islands,RT2,Rongalap Airport,11.16,166.89,7/18/2014,5,RLS,25,15:00:00,,,1,2,Chordata,Actinopterygii,Perciformes,Labridae,Cheilinus undulatus,Cheilinus undulatus,50,2,3510.8547,POINT (166.88999938964844 11.15999984741211)
ep_m1_public_data.fid--6d42ff34_183e3488150_7588,912344544,Republic of the Marshall Islands,Marshall Islands,Marshall Islands,Eastern Indo-Pacific,Marshall Islands,RT2,Rongalap Airport,11.16,166.89,7/18/2014,5,RLS,25,15:00:00,,,1,2,Chordata,Actinopterygii,Perciformes,Labridae,Labroides dimidiatus,Labroides dimidiatus,10,3,54.301,POINT (166.88999938964844 11.15999984741211)
ep_m1_public_data.fid--6d42ff34_183e3488150_7589,912344544,Republic of the Marshall Islands,Marshall Islands,Marshall Islands,Eastern Indo-Pacific,Marshall Islands,RT2,Rongalap Airport,11.16,166.89,7/18/2014,5,RLS,25,15:00:00,,,1,2,Chordata,Actinopterygii,Perciformes,Labridae,Thalassoma lutescens,Thalassoma lutescens,12.5,2,60.9848,POINT (166.88999938964844 11.15999984741211)
ep_m1_public_data.fid--6d42ff34_183e3488150_758a,912344544,Republic of the Marshall Islands,Marshall Islands,Marshall Islands,Eastern Indo-Pacific,Marshall Islands,RT2,Rongalap Airport,11.16,166.89,7/18/2014,5,RLS,25,15:00:00,,,1,2,Chordata,Actinopterygii,Perciformes,Lethrinidae,Lethrinus olivaceus,Lethrinus olivaceus,50,1,1323.1433,POINT (166.88999938964844 11.15999984741211)
ep_m1_public_data.fid--6d42ff34_183e3488150_758b,912344544,Republic of the Marshall Islands,Marshall Islands,Marshall Islands,Eastern Indo-Pacific,Marshall Islands,RT2,Rongalap Airport,11.16,166.89,7/18/2014,5,RLS,25,15:00:00,,,1,2,Chordata,Actinopterygii,Perciformes,Pomacentridae,Plectroglyphidodon johnstonianus,Plectroglyphidodon johnstonianus,7.5,10,200.0693,POINT (166.88999938964844 11.15999984741211)
ep_m1_public_data.fid--6d42ff34_183e3488150_758c,912344544,Republic of the Marshall Islands,Marshall Islands,Marshall Islands,Eastern Indo-Pacific,Marshall Islands,RT2,Rongalap Airport,11.16,166.89,7/18/2014,5,RLS,25,15:00:00,,,1,2,Chordata,Actinopterygii,Perciformes,Pomacentridae,Plectroglyphidodon lacrymatus,Plectroglyphidodon lacrymatus,5,4,27.4941,POINT (166.88999938964844 11.15999984741211)
ep_m1_public_data.fid--6d42ff34_183e3488150_758d,912344544,Republic of the Marshall Islands,Marshall Islands,Marshall Islands,Eastern Indo-Pacific,Marshall Islands,RT2,Rongalap Airport,11.16,166.89,7/18/2014,5,RLS,25,15:00:00,,,1,2,Chordata,Actinopterygii,Perciformes,Pomacentridae,Plectroglyphidodon lacrymatus,Plectroglyphidodon lacrymatus,7.5,12,240.0831,POINT (166.88999938964844 11.15999984741211)
ep_m1_public_data.fid--6d42ff34_183e3488150_758e,912344544,Republic of the Marshall Islands,Marshall Islands,Marshall Islands,Eastern Indo-Pacific,Marshall Islands,RT2,Rongalap Airport,11.16,166.89,7/18/2014,5,RLS,25,15:00:00,,,1,2,Chordata,Actinopterygii,Perciformes,Scaridae,Cetoscarus bicolor,Cetoscarus bicolor,40,2,1063.3796,POINT (166.88999938964844 11.15999984741211)
ep_m1_public_data.fid--6d42ff34_183e3488150_758f,912344544,Republic of the Marshall Islands,Marshall Islands,Marshall Islands,Eastern Indo-Pacific,Marshall Islands,RT2,Rongalap Airport,11.16,166.89,7/18/2014,5,RLS,25,15:00:00,,,1,2,Chordata,Actinopterygii,Perciformes,Scaridae,Chlorurus microrhinos,Chlorurus microrhinos,40,4,4332.748,POINT (166.88999938964844 11.15999984741211)
ep_m1_public_data.fid--6d42ff34_183e3488150_7590,912344544,Republic of the Marshall Islands,Marshall Islands,Marshall Islands,Eastern Indo-Pacific,Marshall Islands,RT2,Rongalap Airport,11.16,166.89,7/18/2014,5,RLS,25,15:00:00,,,1,2,Chordata,Actinopterygii,Perciformes,Scaridae,Chlorurus microrhinos,Chlorurus microrhinos,50,6,12929.841,POINT (166.88999938964844 11.15999984741211)
ep_m1_public_data.fid--6d42ff34_183e3488150_7591,912344544,Republic of the Marshall Islands,Marshall Islands,Marshall Islands,Eastern Indo-Pacific,Marshall Islands,RT2,Rongalap Airport,11.16,166.89,7/18/2014,5,RLS,25,15:00:00,,,1,2,Chordata,Actinopterygii,Perciformes,Scaridae,Hipposcarus longiceps,Hipposcarus longiceps,40,1,531.6898,POINT (166.88999938964844 11.15999984741211)
ep_m1_public_data.fid--6d42ff34_183e3488150_7592,912344544,Republic of the Marshall Islands,Marshall Islands,Marshall Islands,Eastern Indo-Pacific,Marshall Islands,RT2,Rongalap Airport,11.16,166.89,7/18/2014,5,RLS,25,15:00:00,,,1,2,Chordata,Actinopterygii,Perciformes,Serranidae,Pseudanthias pascalus,Pseudanthias pascalus,2.5,80,32.7621,POINT (166.88999938964844 11.15999984741211)
ep_m1_public_data.fid--6d42ff34_183e3488150_75db,912344544,Republic of the Marshall Islands,Marshall Islands,Marshall Islands,Eastern Indo-Pacific,Marshall Islands,RT2,Rongalap Airport,11.16,166.89,7/18/2014,5,RLS,25,15:00:00,,,1,1,Chordata,Actinopterygii,Perciformes,Labridae,Labropsis australis,Labropsis australis,10,1,19.8984,POINT (166.88999938964844 11.15999984741211)
ep_m1_public_data.fid--6d42ff34_183e3488150_75dc,912344544,Republic of the Marshall Islands,Marshall Islands,Marshall Islands,Eastern Indo-Pacific,Marshall Islands,RT2,Rongalap Airport,11.16,166.89,7/18/2014,5,RLS,25,15:00:00,,,1,1,Chordata,Actinopterygii,Perciformes,Labridae,Thalassoma lutescens,Thalassoma lutescens,7.5,2,12.8931,POINT (166.88999938964844 11.15999984741211)
ep_m1_public_data.fid--6d42ff34_183e3488150_75dd,912344544,Republic of the Marshall Islands,Marshall Islands,Marshall Islands,Eastern Indo-Pacific,Marshall Islands,RT2,Rongalap Airport,11.16,166.89,7/18/2014,5,RLS,25,15:00:00,,,1,2,Chordata,Actinopterygii,Perciformes,Acanthuridae,Naso unicornis,Naso unicornis,40,1,628.3641,POINT (166.88999938964844 11.15999984741211)
ep_m1_public_data.fid--6d42ff34_183e3488150_75de,912344544,Republic of the Marshall Islands,Marshall Islands,Marshall Islands,Eastern Indo-Pacific,Marshall Islands,RT2,Rongalap Airport,11.16,166.89,7/18/2014,5,RLS,25,15:00:00,,,1,2,Chordata,Actinopterygii,Perciformes,Pomacentridae,Pomacentrus vaiuli,Pomacentrus vaiuli,5,3,10.5801,POINT (166.88999938964844 11.15999984741211)
ep_m1_public_data.fid--6d42ff34_183e3488150_75df,912344544,Republic of the Marshall Islands,Marshall Islands,Marshall Islands,Eastern Indo-Pacific,Marshall Islands,RT2,Rongalap Airport,11.16,166.89,7/18/2014,5,RLS,25,15:00:00,,,1,2,Chordata,Actinopterygii,Perciformes,Scaridae,Chlorurus sordidus,Chlorurus sordidus,12.5,4,301.6346,POINT (166.88999938964844 11.15999984741211)
ep_m1_public_data.fid--6d42ff34_183e3488150_75e0,912344544,Republic of the Marshall Islands,Marshall Islands,Marshall Islands,Eastern Indo-Pacific,Marshall Islands,RT2,Rongalap Airport,11.16,166.89,7/18/2014,5,RLS,25,15:00:00,,,1,2,Chordata,Actinopterygii,Perciformes,Scaridae,Chlorurus sordidus,Chlorurus sordidus,15,4,518.2871,POINT (166.88999938964844 11.15999984741211)
ep_m1_public_data.fid--6d42ff34_183e3488150_75e1,912344544,Republic of the Marshall Islands,Marshall Islands,Marshall Islands,Eastern Indo-Pacific,Marshall Islands,RT2,Rongalap Airport,11.16,166.89,7/18/2014,5,RLS,25,15:00:00,,,1,2,Chordata,Actinopterygii,Syngnathiformes,Aulostomidae,Aulostomus chinensis,Aulostomus chinensis,62.5,2,610.2852,POINT (166.88999938964844 11.15999984741211)
ep_m1_public_data.fid--6d42ff34_183e3488150_75ed,912344544,Republic of the Marshall Islands,Marshall Islands,Marshall Islands,Eastern Indo-Pacific,Marshall Islands,RT2,Rongalap Airport,11.16,166.89,7/18/2014,5,RLS,25,15:00:00,,,1,1,Chordata,Actinopterygii,Perciformes,Labridae,Thalassoma lutescens,Thalassoma lutescens,10,1,15.4665,POINT (166.88999938964844 11.15999984741211)
ep_m1_public_data.fid--6d42ff34_183e3488150_75f1,912344544,Republic of the Marshall Islands,Marshall Islands,Marshall Islands,Eastern Indo-Pacific,Marshall Islands,RT2,Rongalap Airport,11.16,166.89,7/18/2014,5,RLS,25,15:00:00,,,1,2,Chordata,Actinopterygii,Perciformes,Labridae,Halichoeres hortulanus,Halichoeres hortulanus,12.5,2,95.5258,POINT (166.88999938964844 11.15999984741211)
ep_m1_public_data.fid--6d42ff34_183e3488150_75f4,912344544,Republic of the Marshall Islands,Marshall Islands,Marshall Islands,Eastern Indo-Pacific,Marshall Islands,RT2,Rongalap Airport,11.16,166.89,7/18/2014,5,RLS,25,15:00:00,,,1,1,Chordata,Actinopterygii,Perciformes,Chaetodontidae,Chaetodon pelewensis,Chaetodon pelewensis,2.5,1,0.9031,POINT (166.88999938964844 11.15999984741211)
ep_m1_public_data.fid--6d42ff34_183e3488150_75fa,912344544,Republic of the Marshall Islands,Marshall Islands,Marshall Islands,Eastern Indo-Pacific,Marshall Islands,RT2,Rongalap Airport,11.16,166.89,7/18/2014,5,RLS,25,15:00:00,,,1,2,Chordata,Actinopterygii,Perciformes,Labridae,Halichoeres hortulanus,Halichoeres hortulanus,10,1,24.1078,POINT (166.88999938964844 11.15999984741211)
ep_m1_public_data.fid--6d42ff34_183e3488150_75fb,912344544,Republic of the Marshall Islands,Marshall Islands,Marshall Islands,Eastern Indo-Pacific,Marshall Islands,RT2,Rongalap Airport,11.16,166.89,7/18/2014,5,RLS,25,15:00:00,,,1,2,Chordata,Actinopterygii,Perciformes,Labridae,Macropharyngodon meleagris,Macropharyngodon meleagris,10,2,39.7968,POINT (166.88999938964844 11.15999984741211)
ep_m1_public_data.fid--6d42ff34_183e3488150_75fc,912344544,Republic of the Marshall Islands,Marshall Islands,Marshall Islands,Eastern Indo-Pacific,Marshall Islands,RT2,Rongalap Airport,11.16,166.89,7/18/2014,5,RLS,25,15:00:00,,,1,2,Chordata,Actinopterygii,Perciformes,Pomacentridae,Plectroglyphidodon dickii,Plectroglyphidodon dickii,7.5,7,140.0485,POINT (166.88999938964844 11.15999984741211)
ep_m1_public_data.fid--6d42ff34_183e3488150_75fd,912344544,Republic of the Marshall Islands,Marshall Islands,Marshall Islands,Eastern Indo-Pacific,Marshall Islands,RT2,Rongalap Airport,11.16,166.89,7/18/2014,5,RLS,25,15:00:00,,,1,2,Chordata,Actinopterygii,Perciformes,Pomacentridae,Plectroglyphidodon lacrymatus,Plectroglyphidodon lacrymatus,10,3,128.09,POINT (166.88999938964844 11.15999984741211)
ep_m1_public_data.fid--6d42ff34_183e3488150_7645,912344544,Republic of the Marshall Islands,Marshall Islands,Marshall Islands,Eastern Indo-Pacific,Marshall Islands,RT2,Rongalap Airport,11.16,166.89,7/18/2014,5,RLS,25,15:00:00,,,1,1,Chordata,Actinopterygii,Perciformes,Acanthuridae,Acanthurus nigrofuscus,Acanthurus nigrofuscus,7.5,2,23.9016,POINT (166.88999938964844 11.15999984741211)
ep_m1_public_data.fid--6d42ff34_183e3488150_7646,912344544,Republic of the Marshall Islands,Marshall Islands,Marshall Islands,Eastern Indo-Pacific,Marshall Islands,RT2,Rongalap Airport,11.16,166.89,7/18/2014,5,RLS,25,15:00:00,,,1,1,Chordata,Actinopterygii,Perciformes,Acanthuridae,Acanthurus thompsoni,Acanthurus thompsoni,20,2,544.3416,POINT (166.88999938964844 11.15999984741211)
ep_m1_public_data.fid--6d42ff34_183e3488150_7647,912344544,Republic of the Marshall Islands,Marshall Islands,Marshall Islands,Eastern Indo-Pacific,Marshall Islands,RT2,Rongalap Airport,11.16,166.89,7/18/2014,5,RLS,25,15:00:00,,,1,1,Chordata,Actinopterygii,Perciformes,Acanthuridae,Naso lituratus,Naso lituratus,15,2,136.595,POINT (166.88999938964844 11.15999984741211)
ep_m1_public_data.fid--6d42ff34_183e3488150_7648,912344544,Republic of the Marshall Islands,Marshall Islands,Marshall Islands,Eastern Indo-Pacific,Marshall Islands,RT2,Rongalap Airport,11.16,166.89,7/18/2014,5,RLS,25,15:00:00,,,1,1,Chordata,Actinopterygii,Perciformes,Acanthuridae,Naso lituratus,Naso lituratus,20,1,157.7217,POINT (166.88999938964844 11.15999984741211)
ep_m1_public_data.fid--6d42ff34_183e3488150_7649,912344544,Republic of the Marshall Islands,Marshall Islands,Marshall Islands,Eastern Indo-Pacific,Marshall Islands,RT2,Rongalap Airport,11.16,166.89,7/18/2014,5,RLS,25,15:00:00,,,1,1,Chordata,Actinopterygii,Perciformes,Acanthuridae,Naso unicornis,Naso unicornis,50,1,1247.1533,POINT (166.88999938964844 11.15999984741211)
ep_m1_public_data.fid--6d42ff34_183e3488150_764a,912344544,Republic of the Marshall Islands,Marshall Islands,Marshall Islands,Eastern Indo-Pacific,Marshall Islands,RT2,Rongalap Airport,11.16,166.89,7/18/2014,5,RLS,25,15:00:00,,,1,1,Chordata,Actinopterygii,Perciformes,Carangidae,Caranx melampygus,Caranx melampygus,40,2,1594.0436,POINT (166.88999938964844 11.15999984741211)
ep_m1_public_data.fid--6d42ff34_183e3488150_764b,912344544,Republic of the Marshall Islands,Marshall Islands,Marshall Islands,Eastern Indo-Pacific,Marshall Islands,RT2,Rongalap Airport,11.16,166.89,7/18/2014,5,RLS,25,15:00:00,,,1,1,Chordata,Actinopterygii,Perciformes,Chaetodontidae,Chaetodon auriga,Chaetodon auriga,10,2,91.2883,POINT (166.88999938964844 11.15999984741211)
ep_m1_public_data.fid--6d42ff34_183e3488150_764c,912344544,Republic of the Marshall Islands,Marshall Islands,Marshall Islands,Eastern Indo-Pacific,Marshall Islands,RT2,Rongalap Airport,11.16,166.89,7/18/2014,5,RLS,25,15:00:00,,,1,1,Chordata,Actinopterygii,Perciformes,Chaetodontidae,Chaetodon auriga,Chaetodon auriga,12.5,1,85.8111,POINT (166.88999938964844 11.15999984741211)
ep_m1_public_data.fid--6d42ff34_183e3488150_764d,912344544,Republic of the Marshall Islands,Marshall Islands,Marshall Islands,Eastern Indo-Pacific,Marshall Islands,RT2,Rongalap Airport,11.16,166.89,7/18/2014,5,RLS,25,15:00:00,,,1,1,Chordata,Actinopterygii,Perciformes,Chaetodontidae,Chaetodon trifascialis,Chaetodon trifascialis,12.5,2,164.0346,POINT (166.88999938964844 11.15999984741211)
ep_m1_public_data.fid--6d42ff34_183e3488150_764e,912344544,Republic of the Marshall Islands,Marshall Islands,Marshall Islands,Eastern Indo-Pacific,Marshall Islands,RT2,Rongalap Airport,11.16,166.89,7/18/2014,5,RLS,25,15:00:00,,,1,1,Chordata,Actinopterygii,Perciformes,Chaetodontidae,Chaetodon ulietensis,Chaetodon ulietensis,10,2,78.5882,POINT (166.88999938964844 11.15999984741211)
ep_m1_public_data.fid--6d42ff34_183e3488150_764f,912344544,Republic of the Marshall Islands,Marshall Islands,Marshall Islands,Eastern Indo-Pacific,Marshall Islands,RT2,Rongalap Airport,11.16,166.89,7/18/2014,5,RLS,25,15:00:00,,,1,1,Chordata,Actinopterygii,Perciformes,Chaetodontidae,Forcipiger longirostris,Forcipiger longirostris,10,2,38.9062,POINT (166.88999938964844 11.15999984741211)
ep_m1_public_data.fid--6d42ff34_183e3488150_7650,912344544,Republic of the Marshall Islands,Marshall Islands,Marshall Islands,Eastern Indo-Pacific,Marshall Islands,RT2,Rongalap Airport,11.16,166.89,7/18/2014,5,RLS,25,15:00:00,,,1,1,Chordata,Actinopterygii,Perciformes,Labridae,Anampses twistii,Anampses twistii,5,1,2.5947,POINT (166.88999938964844 11.15999984741211)
ep_m1_public_data.fid--6d42ff34_183e3488150_7651,912344544,Republic of the Marshall Islands,Marshall Islands,Marshall Islands,Eastern Indo-Pacific,Marshall Islands,RT2,Rongalap Airport,11.16,166.89,7/18/2014,5,RLS,25,15:00:00,,,1,1,Chordata,Actinopterygii,Perciformes,Labridae,Gomphosus varius,Gomphosus varius,10,1,15.2023,POINT (166.88999938964844 11.15999984741211)
ep_m1_public_data.fid--6d42ff34_183e3488150_7652,912344544,Republic of the Marshall Islands,Marshall Islands,Marshall Islands,Eastern Indo-Pacific,Marshall Islands,RT2,Rongalap Airport,11.16,166.89,7/18/2014,5,RLS,25,15:00:00,,,1,1,Chordata,Actinopterygii,Perciformes,Labridae,Halichoeres hortulanus,Halichoeres hortulanus,5,1,2.8827,POINT (166.88999938964844 11.15999984741211)
ep_m1_public_data.fid--6d42ff34_183e3488150_7653,912344544,Republic of the Marshall Islands,Marshall Islands,Marshall Islands,Eastern Indo-Pacific,Marshall Islands,RT2,Rongalap Airport,11.16,166.89,7/18/2014,5,RLS,25,15:00:00,,,1,1,Chordata,Actinopterygii,Perciformes,Labridae,Halichoeres hortulanus,Halichoeres hortulanus,7.5,2,19.9699,POINT (166.88999938964844 11.15999984741211)
ep_m1_public_data.fid--6d42ff34_183e3488150_7654,912344544,Republic of the Marshall Islands,Marshall Islands,Marshall Islands,Eastern Indo-Pacific,Marshall Islands,RT2,Rongalap Airport,11.16,166.89,7/18/2014,5,RLS,25,15:00:00,,,1,1,Chordata,Actinopterygii,Perciformes,Labridae,Labroides dimidiatus,Labroides dimidiatus,7.5,2,14.2902,POINT (166.88999938964844 11.15999984741211)
ep_m1_public_data.fid--6d42ff34_183e3488150_7655,912344544,Republic of the Marshall Islands,Marshall Islands,Marshall Islands,Eastern Indo-Pacific,Marshall Islands,RT2,Rongalap Airport,11.16,166.89,7/18/2014,5,RLS,25,15:00:00,,,1,1,Chordata,Actinopterygii,Perciformes,Labridae,Macropharyngodon meleagris,Macropharyngodon meleagris,10,1,19.8984,POINT (166.88999938964844 11.15999984741211)
ep_m1_public_data.fid--6d42ff34_183e3488150_7656,912344544,Republic of the Marshall Islands,Marshall Islands,Marshall Islands,Eastern Indo-Pacific,Marshall Islands,RT2,Rongalap Airport,11.16,166.89,7/18/2014,5,RLS,25,15:00:00,,,1,1,Chordata,Actinopterygii,Perciformes,Labridae,Stethojulis bandanensis,Stethojulis bandanensis,10,2,37.0912,POINT (166.88999938964844 11.15999984741211)
ep_m1_public_data.fid--6d42ff34_183e3488150_7657,912344544,Republic of the Marshall Islands,Marshall Islands,Marshall Islands,Eastern Indo-Pacific,Marshall Islands,RT2,Rongalap Airport,11.16,166.89,7/18/2014,5,RLS,25,15:00:00,,,1,1,Chordata,Actinopterygii,Perciformes,Pomacentridae,Chromis acares,Chromis acares,5,65,244.0763,POINT (166.88999938964844 11.15999984741211)
ep_m1_public_data.fid--6d42ff34_183e3488150_7658,912344544,Republic of the Marshall Islands,Marshall Islands,Marshall Islands,Eastern Indo-Pacific,Marshall Islands,RT2,Rongalap Airport,11.16,166.89,7/18/2014,5,RLS,25,15:00:00,,,1,1,Chordata,Actinopterygii,Perciformes,Pomacentridae,Chromis margaritifer,Chromis margaritifer,5,4,10.3057,POINT (166.88999938964844 11.15999984741211)
ep_m1_public_data.fid--6d42ff34_183e3488150_7659,912344544,Republic of the Marshall Islands,Marshall Islands,Marshall Islands,Eastern Indo-Pacific,Marshall Islands,RT2,Rongalap Airport,11.16,166.89,7/18/2014,5,RLS,25,15:00:00,,,1,1,Chordata,Actinopterygii,Perciformes,Pomacentridae,Plectroglyphidodon dickii,Plectroglyphidodon dickii,7.5,13,260.0901,POINT (166.88999938964844 11.15999984741211)
ep_m1_public_data.fid--6d42ff34_183e3488150_765a,912344544,Republic of the Marshall Islands,Marshall Islands,Marshall Islands,Eastern Indo-Pacific,Marshall Islands,RT2,Rongalap Airport,11.16,166.89,7/18/2014,5,RLS,25,15:00:00,,,1,1,Chordata,Actinopterygii,Perciformes,Pomacentridae,Plectroglyphidodon johnstonianus,Plectroglyphidodon johnstonianus,5,7,48.1147,POINT (166.88999938964844 11.15999984741211)
ep_m1_public_data.fid--6d42ff34_183e3488150_765b,912344544,Republic of the Marshall Islands,Marshall Islands,Marshall Islands,Eastern Indo-Pacific,Marshall Islands,RT2,Rongalap Airport,11.16,166.89,7/18/2014,5,RLS,25,15:00:00,,,1,1,Chordata,Actinopterygii,Perciformes,Pomacentridae,Plectroglyphidodon johnstonianus,Plectroglyphidodon johnstonianus,7.5,4,80.0277,POINT (166.88999938964844 11.15999984741211)
ep_m1_public_data.fid--6d42ff34_183e3488150_765c,912344544,Republic of the Marshall Islands,Marshall Islands,Marshall Islands,Eastern Indo-Pacific,Marshall Islands,RT2,Rongalap Airport,11.16,166.89,7/18/2014,5,RLS,25,15:00:00,,,1,1,Chordata,Actinopterygii,Perciformes,Pomacentridae,Plectroglyphidodon lacrymatus,Plectroglyphidodon lacrymatus,7.5,6,120.0416,POINT (166.88999938964844 11.15999984741211)
ep_m1_public_data.fid--6d42ff34_183e3488150_765d,912344544,Republic of the Marshall Islands,Marshall Islands,Marshall Islands,Eastern Indo-Pacific,Marshall Islands,RT2,Rongalap Airport,11.16,166.89,7/18/2014,5,RLS,25,15:00:00,,,1,1,Chordata,Actinopterygii,Perciformes,Pomacentridae,Pomacentrus vaiuli,Pomacentrus vaiuli,7.5,2,20.4724,POINT (166.88999938964844 11.15999984741211)
ep_m1_public_data.fid--6d42ff34_183e3488150_765e,912344544,Republic of the Marshall Islands,Marshall Islands,Marshall Islands,Eastern Indo-Pacific,Marshall Islands,RT2,Rongalap Airport,11.16,166.89,7/18/2014,5,RLS,25,15:00:00,,,1,1,Chordata,Actinopterygii,Perciformes,Scaridae,Hipposcarus longiceps,Hipposcarus longiceps,40,1,531.6898,POINT (166.88999938964844 11.15999984741211)
ep_m1_public_data.fid--6d42ff34_183e3488150_765f,912344544,Republic of the Marshall Islands,Marshall Islands,Marshall Islands,Eastern Indo-Pacific,Marshall Islands,RT2,Rongalap Airport,11.16,166.89,7/18/2014,5,RLS,25,15:00:00,,,1,2,Chordata,Actinopterygii,Perciformes,Acanthuridae,Acanthurus nigricans,Acanthurus nigricans,20,3,810.4085,POINT (166.88999938964844 11.15999984741211)
ep_m1_public_data.fid--6d42ff34_183e3488150_7660,912344544,Republic of the Marshall Islands,Marshall Islands,Marshall Islands,Eastern Indo-Pacific,Marshall Islands,RT2,Rongalap Airport,11.16,166.89,7/18/2014,5,RLS,25,15:00:00,,,1,2,Chordata,Actinopterygii,Perciformes,Acanthuridae,Ctenochaetus cyanocheilus,Ctenochaetus cyanocheilus,15,1,108.1492,POINT (166.88999938964844 11.15999984741211)
ep_m1_public_data.fid--6d42ff34_183e3488150_7661,912344544,Republic of the Marshall Islands,Marshall Islands,Marshall Islands,Eastern Indo-Pacific,Marshall Islands,RT2,Rongalap Airport,11.16,166.89,7/18/2014,5,RLS,25,15:00:00,,,1,2,Chordata,Actinopterygii,Perciformes,Acanthuridae,Naso lituratus,Naso lituratus,25,2,496.6235,POINT (166.88999938964844 11.15999984741211)
ep_m1_public_data.fid--6d42ff34_183e3488150_7662,912344544,Republic of the Marshall Islands,Marshall Islands,Marshall Islands,Eastern Indo-Pacific,Marshall Islands,RT2,Rongalap Airport,11.16,166.89,7/18/2014,5,RLS,25,15:00:00,,,1,2,Chordata,Actinopterygii,Perciformes,Acanthuridae,Zebrasoma velifer,Zebrasoma velifer,15,1,135.8017,POINT (166.88999938964844 11.15999984741211)
ep_m1_public_data.fid--6d42ff34_183e3488150_7663,912344544,Republic of the Marshall Islands,Marshall Islands,Marshall Islands,Eastern Indo-Pacific,Marshall Islands,RT2,Rongalap Airport,11.16,166.89,7/18/2014,5,RLS,25,15:00:00,,,1,2,Chordata,Actinopterygii,Perciformes,Caesionidae,Caesio cuning,Caesio cuning,25,15,3587.9878,POINT (166.88999938964844 11.15999984741211)
ep_m1_public_data.fid--6d42ff34_183e3488150_7664,912344544,Republic of the Marshall Islands,Marshall Islands,Marshall Islands,Eastern Indo-Pacific,Marshall Islands,RT2,Rongalap Airport,11.16,166.89,7/18/2014,5,RLS,25,15:00:00,,,1,2,Chordata,Actinopterygii,Perciformes,Chaetodontidae,Chaetodon ephippium,Chaetodon ephippium,15,1,156.5207,POINT (166.88999938964844 11.15999984741211)
ep_m1_public_data.fid--6d42ff34_183e3488150_7665,912344544,Republic of the Marshall Islands,Marshall Islands,Marshall Islands,Eastern Indo-Pacific,Marshall Islands,RT2,Rongalap Airport,11.16,166.89,7/18/2014,5,RLS,25,15:00:00,,,1,2,Chordata,Actinopterygii,Perciformes,Chaetodontidae,Chaetodon trifascialis,Chaetodon trifascialis,7.5,1,20.0469,POINT (166.88999938964844 11.15999984741211)
ep_m1_public_data.fid--6d42ff34_183e3488150_7666,912344544,Republic of the Marshall Islands,Marshall Islands,Marshall Islands,Eastern Indo-Pacific,Marshall Islands,RT2,Rongalap Airport,11.16,166.89,7/18/2014,5,RLS,25,15:00:00,,,1,2,Chordata,Actinopterygii,Perciformes,Chaetodontidae,Chaetodon trifascialis,Chaetodon trifascialis,10,2,88.6457,POINT (166.88999938964844 11.15999984741211)
ep_m1_public_data.fid--6d42ff34_183e3488150_7667,912344544,Republic of the Marshall Islands,Marshall Islands,Marshall Islands,Eastern Indo-Pacific,Marshall Islands,RT2,Rongalap Airport,11.16,166.89,7/18/2014,5,RLS,25,15:00:00,,,1,2,Chordata,Actinopterygii,Perciformes,Chaetodontidae,Chaetodon trifascialis,Chaetodon trifascialis,12.5,2,164.0346,POINT (166.88999938964844 11.15999984741211)
ep_m1_public_data.fid--6d42ff34_183e3488150_7668,912344544,Republic of the Marshall Islands,Marshall Islands,Marshall Islands,Eastern Indo-Pacific,Marshall Islands,RT2,Rongalap Airport,11.16,166.89,7/18/2014,5,RLS,25,15:00:00,,,1,2,Chordata,Actinopterygii,Perciformes,Chaetodontidae,Chaetodon ulietensis,Chaetodon ulietensis,10,3,117.8823,POINT (166.88999938964844 11.15999984741211)
ep_m1_public_data.fid--6d42ff34_183e3488150_7669,912344544,Republic of the Marshall Islands,Marshall Islands,Marshall Islands,Eastern Indo-Pacific,Marshall Islands,RT2,Rongalap Airport,11.16,166.89,7/18/2014,5,RLS,25,15:00:00,,,1,2,Chordata,Actinopterygii,Perciformes,Chaetodontidae,Chaetodon ulietensis,Chaetodon ulietensis,12.5,3,223.8556,POINT (166.88999938964844 11.15999984741211)
ep_m1_public_data.fid--6d42ff34_183e3488150_766a,912344544,Republic of the Marshall Islands,Marshall Islands,Marshall Islands,Eastern Indo-Pacific,Marshall Islands,RT2,Rongalap Airport,11.16,166.89,7/18/2014,5,RLS,25,15:00:00,,,1,2,Chordata,Actinopterygii,Perciformes,Chaetodontidae,Chaetodon ulietensis,Chaetodon ulietensis,15,2,252.025,POINT (166.88999938964844 11.15999984741211)
ep_m1_public_data.fid--6d42ff34_183e3488150_766b,912344544,Republic of the Marshall Islands,Marshall Islands,Marshall Islands,Eastern Indo-Pacific,Marshall Islands,RT2,Rongalap Airport,11.16,166.89,7/18/2014,5,RLS,25,15:00:00,,,1,2,Chordata,Actinopterygii,Perciformes,Chaetodontidae,Forcipiger longirostris,Forcipiger longirostris,5,1,2.4316,POINT (166.88999938964844 11.15999984741211)
ep_m1_public_data.fid--6d42ff34_183e3488150_766c,912344544,Republic of the Marshall Islands,Marshall Islands,Marshall Islands,Eastern Indo-Pacific,Marshall Islands,RT2,Rongalap Airport,11.16,166.89,7/18/2014,5,RLS,25,15:00:00,,,1,2,Chordata,Actinopterygii,Perciformes,Labridae,Anampses twistii,Anampses twistii,7.5,1,8.5433,POINT (166.88999938964844 11.15999984741211)
ep_m1_public_data.fid--6d42ff34_183e3488150_766d,912344544,Republic of the Marshall Islands,Marshall Islands,Marshall Islands,Eastern Indo-Pacific,Marshall Islands,RT2,Rongalap Airport,11.16,166.89,7/18/2014,5,RLS,25,15:00:00,,,1,2,Chordata,Actinopterygii,Perciformes,Labridae,Gomphosus varius,Gomphosus varius,7.5,5,34.9276,POINT (166.88999938964844 11.15999984741211)
ep_m1_public_data.fid--6d42ff34_183e3488150_766e,912344544,Republic of the Marshall Islands,Marshall Islands,Marshall Islands,Eastern Indo-Pacific,Marshall Islands,RT2,Rongalap Airport,11.16,166.89,7/18/2014,5,RLS,25,15:00:00,,,1,2,Chordata,Actinopterygii,Perciformes,Labridae,Labroides dimidiatus,Labroides dimidiatus,7.5,2,14.2902,POINT (166.88999938964844 11.15999984741211)
ep_m1_public_data.fid--6d42ff34_183e3488150_766f,912344544,Republic of the Marshall Islands,Marshall Islands,Marshall Islands,Eastern Indo-Pacific,Marshall Islands,RT2,Rongalap Airport,11.16,166.89,7/18/2014,5,RLS,25,15:00:00,,,1,2,Chordata,Actinopterygii,Perciformes,Labridae,Labroides dimidiatus,Labroides dimidiatus,12.5,2,74.4445,POINT (166.88999938964844 11.15999984741211)
ep_m1_public_data.fid--6d42ff34_183e3488150_7670,912344544,Republic of the Marshall Islands,Marshall Islands,Marshall Islands,Eastern Indo-Pacific,Marshall Islands,RT2,Rongalap Airport,11.16,166.89,7/18/2014,5,RLS,25,15:00:00,,,1,2,Chordata,Actinopterygii,Perciformes,Labridae,Macropharyngodon meleagris,Macropharyngodon meleagris,5,4,10.3789,POINT (166.88999938964844 11.15999984741211)
ep_m1_public_data.fid--6d42ff34_183e3488150_7671,912344544,Republic of the Marshall Islands,Marshall Islands,Marshall Islands,Eastern Indo-Pacific,Marshall Islands,RT2,Rongalap Airport,11.16,166.89,7/18/2014,5,RLS,25,15:00:00,,,1,2,Chordata,Actinopterygii,Perciformes,Labridae,Macropharyngodon meleagris,Macropharyngodon meleagris,7.5,2,17.0865,POINT (166.88999938964844 11.15999984741211)
ep_m1_public_data.fid--6d42ff34_183e3488150_7672,912344544,Republic of the Marshall Islands,Marshall Islands,Marshall Islands,Eastern Indo-Pacific,Marshall Islands,RT2,Rongalap Airport,11.16,166.89,7/18/2014,5,RLS,25,15:00:00,,,1,2,Chordata,Actinopterygii,Perciformes,Labridae,Macropharyngodon meleagris,Macropharyngodon meleagris,12.5,1,38.3387,POINT (166.88999938964844 11.15999984741211)
ep_m1_public_data.fid--6d42ff34_183e3488150_7673,912344544,Republic of the Marshall Islands,Marshall Islands,Marshall Islands,Eastern Indo-Pacific,Marshall Islands,RT2,Rongalap Airport,11.16,166.89,7/18/2014,5,RLS,25,15:00:00,,,1,2,Chordata,Actinopterygii,Perciformes,Labridae,Pseudocheilinus tetrataenia,Pseudocheilinus tetrataenia,5,1,2.5947,POINT (166.88999938964844 11.15999984741211)
ep_m1_public_data.fid--6d42ff34_183e3488150_7674,912344544,Republic of the Marshall Islands,Marshall Islands,Marshall Islands,Eastern Indo-Pacific,Marshall Islands,RT2,Rongalap Airport,11.16,166.89,7/18/2014,5,RLS,25,15:00:00,,,1,2,Chordata,Actinopterygii,Perciformes,Labridae,Stethojulis bandanensis,Stethojulis bandanensis,10,1,18.5456,POINT (166.88999938964844 11.15999984741211)
ep_m1_public_data.fid--6d42ff34_183e3488150_7675,912344544,Republic of the Marshall Islands,Marshall Islands,Marshall Islands,Eastern Indo-Pacific,Marshall Islands,RT2,Rongalap Airport,11.16,166.89,7/18/2014,5,RLS,25,15:00:00,,,1,2,Chordata,Actinopterygii,Perciformes,Lutjanidae,Aphareus furca,Aphareus furca,30,1,234.3329,POINT (166.88999938964844 11.15999984741211)
ep_m1_public_data.fid--6d42ff34_183e3488150_7676,912344544,Republic of the Marshall Islands,Marshall Islands,Marshall Islands,Eastern Indo-Pacific,Marshall Islands,RT2,Rongalap Airport,11.16,166.89,7/18/2014,5,RLS,25,15:00:00,,,1,2,Chordata,Actinopterygii,Perciformes,Lutjanidae,Macolor niger,Macolor niger,40,1,696.968,POINT (166.88999938964844 11.15999984741211)
ep_m1_public_data.fid--6d42ff34_183e3488150_7677,912344544,Republic of the Marshall Islands,Marshall Islands,Marshall Islands,Eastern Indo-Pacific,Marshall Islands,RT2,Rongalap Airport,11.16,166.89,7/18/2014,5,RLS,25,15:00:00,,,1,2,Chordata,Actinopterygii,Perciformes,Pomacentridae,Chromis acares,Chromis acares,2.5,350,141.3406,POINT (166.88999938964844 11.15999984741211)
ep_m1_public_data.fid--6d42ff34_183e3488150_7678,912344544,Republic of the Marshall Islands,Marshall Islands,Marshall Islands,Eastern Indo-Pacific,Marshall Islands,RT2,Rongalap Airport,11.16,166.89,7/18/2014,5,RLS,25,15:00:00,,,1,2,Chordata,Actinopterygii,Perciformes,Pomacentridae,Chromis acares,Chromis acares,5,320,1201.6066,POINT (166.88999938964844 11.15999984741211)
ep_m1_public_data.fid--6d42ff34_183e3488150_7679,912344544,Republic of the Marshall Islands,Marshall Islands,Marshall Islands,Eastern Indo-Pacific,Marshall Islands,RT2,Rongalap Airport,11.16,166.89,7/18/2014,5,RLS,25,15:00:00,,,1,2,Chordata,Actinopterygii,Perciformes,Pomacentridae,Chromis agilis,Chromis agilis,7.5,4,55.3551,POINT (166.88999938964844 11.15999984741211)
ep_m1_public_data.fid--6d42ff34_183e3488150_767a,912344544,Republic of the Marshall Islands,Marshall Islands,Marshall Islands,Eastern Indo-Pacific,Marshall Islands,RT2,Rongalap Airport,11.16,166.89,7/18/2014,5,RLS,25,15:00:00,,,1,2,Chordata,Actinopterygii,Perciformes,Pomacentridae,Chromis margaritifer,Chromis margaritifer,5,3,7.7293,POINT (166.88999938964844 11.15999984741211)
ep_m1_public_data.fid--6d42ff34_183e3488150_767b,912344544,Republic of the Marshall Islands,Marshall Islands,Marshall Islands,Eastern Indo-Pacific,Marshall Islands,RT2,Rongalap Airport,11.16,166.89,7/18/2014,5,RLS,25,15:00:00,,,1,2,Chordata,Actinopterygii,Perciformes,Pomacentridae,Plectroglyphidodon dickii,Plectroglyphidodon dickii,5,4,27.4941,POINT (166.88999938964844 11.15999984741211)
ep_m1_public_data.fid--6d42ff34_183e3488150_767c,912344544,Republic of the Marshall Islands,Marshall Islands,Marshall Islands,Eastern Indo-Pacific,Marshall Islands,RT2,Rongalap Airport,11.16,166.89,7/18/2014,5,RLS,25,15:00:00,,,1,2,Chordata,Actinopterygii,Perciformes,Pomacentridae,Pomacentrus vaiuli,Pomacentrus vaiuli,7.5,8,81.8895,POINT (166.88999938964844 11.15999984741211)
ep_m1_public_data.fid--6d42ff34_183e3488150_767d,912344544,Republic of the Marshall Islands,Marshall Islands,Marshall Islands,Eastern Indo-Pacific,Marshall Islands,RT2,Rongalap Airport,11.16,166.89,7/18/2014,5,RLS,25,15:00:00,,,1,2,Chordata,Actinopterygii,Perciformes,Scaridae,Cetoscarus bicolor,Cetoscarus bicolor,50,1,1032.6427,POINT (166.88999938964844 11.15999984741211)
ep_m1_public_data.fid--6d42ff34_183e3488150_767e,912344544,Republic of the Marshall Islands,Marshall Islands,Marshall Islands,Eastern Indo-Pacific,Marshall Islands,RT2,Rongalap Airport,11.16,166.89,7/18/2014,5,RLS,25,15:00:00,,,1,2,Chordata,Actinopterygii,Perciformes,Scaridae,Chlorurus sordidus,Chlorurus sordidus,20,10,2787.9565,POINT (166.88999938964844 11.15999984741211)
ep_m1_public_data.fid--6d42ff34_183e3488150_767f,912344544,Republic of the Marshall Islands,Marshall Islands,Marshall Islands,Eastern Indo-Pacific,Marshall Islands,RT2,Rongalap Airport,11.16,166.89,7/18/2014,5,RLS,25,15:00:00,,,1,2,Chordata,Actinopterygii,Perciformes,Scaridae,Scarus ghobban,Scarus ghobban,35,2,1133.4629,POINT (166.88999938964844 11.15999984741211)
ep_m1_public_data.fid--6d42ff34_183e3488150_7680,912344544,Republic of the Marshall Islands,Marshall Islands,Marshall Islands,Eastern Indo-Pacific,Marshall Islands,RT2,Rongalap Airport,11.16,166.89,7/18/2014,5,RLS,25,15:00:00,,,1,2,Chordata,Actinopterygii,Perciformes,Scaridae,Scarus niger,Scarus niger,40,2,1451.4103,POINT (166.88999938964844 11.15999984741211)
ep_m1_public_data.fid--6d42ff34_183e3488150_7681,912344544,Republic of the Marshall Islands,Marshall Islands,Marshall Islands,Eastern Indo-Pacific,Marshall Islands,RT2,Rongalap Airport,11.16,166.89,7/18/2014,5,RLS,25,15:00:00,,,1,2,Chordata,Actinopterygii,Perciformes,Scaridae,Scarus oviceps,Scarus oviceps,40,1,929.3625,POINT (166.88999938964844 11.15999984741211)
ep_m1_public_data.fid--6d42ff34_183e3488150_7682,912344544,Republic of the Marshall Islands,Marshall Islands,Marshall Islands,Eastern Indo-Pacific,Marshall Islands,RT2,Rongalap Airport,11.16,166.89,7/18/2014,5,RLS,25,15:00:00,,,1,2,Chordata,Actinopterygii,Perciformes,Serranidae,Cephalopholis argus,Cephalopholis argus,62.5,1,3681.174,POINT (166.88999938964844 11.15999984741211)
ep_m1_public_data.fid--6d42ff34_183e3488150_7683,912344544,Republic of the Marshall Islands,Marshall Islands,Marshall Islands,Eastern Indo-Pacific,Marshall Islands,RT2,Rongalap Airport,11.16,166.89,7/18/2014,5,RLS,25,15:00:00,,,1,2,Chordata,Actinopterygii,Perciformes,Serranidae,Pseudanthias pascalus,Pseudanthias pascalus,5,250,868.7593,POINT (166.88999938964844 11.15999984741211)
ep_m1_public_data.fid--6d42ff34_183e3488150_7684,912344544,Republic of the Marshall Islands,Marshall Islands,Marshall Islands,Eastern Indo-Pacific,Marshall Islands,RT2,Rongalap Airport,11.16,166.89,7/18/2014,5,RLS,25,15:00:00,,,1,2,Chordata,Actinopterygii,Perciformes,Serranidae,Pseudanthias pascalus,Pseudanthias pascalus,7.5,130,1578.1357,POINT (166.88999938964844 11.15999984741211)
ep_m1_public_data.fid--6d42ff34_183e3488150_7685,912344544,Republic of the Marshall Islands,Marshall Islands,Marshall Islands,Eastern Indo-Pacific,Marshall Islands,RT2,Rongalap Airport,11.16,166.89,7/18/2014,5,RLS,25,15:00:00,,,1,2,Chordata,Elasmobranchii,Carcharhiniformes,Carcharhinidae,Carcharhinus amblyrhynchos,Carcharhinus amblyrhynchos,100,2,17295.854,POINT (166.88999938964844 11.15999984741211)
,,,,,,,,,,,,,,,,,,,,,,,,,,15.51948052,2441,93544.3738,
