ep_m1_public_data.fid-7cdaa17e_183da8d0a8f_2d53,912344549,Republic of the Marshall Islands,Marshall Islands,Marshall Islands,Eastern Indo-Pacific,Marshall Islands,RT4,Arbar Island,11.17,166.76,7/19/2014,5,RLS,35,9:00:00,,,1,1,Chordata,Actinopterygii,Perciformes,Acanthuridae,Acanthurus nigroris,Acanthurus nigroris,10,1,36.3995,POINT (166.75999450683594 11.170000076293945)
ep_m1_public_data.fid-7cdaa17e_183da8d0a8f_2d54,912344549,Republic of the Marshall Islands,Marshall Islands,Marshall Islands,Eastern Indo-Pacific,Marshall Islands,RT4,Arbar Island,11.17,166.76,7/19/2014,5,RLS,35,9:00:00,,,1,1,Chordata,Actinopterygii,Perciformes,Labridae,Pseudocheilinus tetrataenia,Pseudocheilinus tetrataenia,5,1,2.5947,POINT (166.75999450683594 11.170000076293945)
ep_m1_public_data.fid-7cdaa17e_183da8d0a8f_2d55,912344549,Republic of the Marshall Islands,Marshall Islands,Marshall Islands,Eastern Indo-Pacific,Marshall Islands,RT4,Arbar Island,11.17,166.76,7/19/2014,5,RLS,35,9:00:00,,,1,1,Chordata,Actinopterygii,Perciformes,Pomacentridae,Plectroglyphidodon johnstonianus,Plectroglyphidodon johnstonianus,5,4,27.4941,POINT (166.75999450683594 11.170000076293945)
ep_m1_public_data.fid-7cdaa17e_183da8d0a8f_2d56,912344549,Republic of the Marshall Islands,Marshall Islands,Marshall Islands,Eastern Indo-Pacific,Marshall Islands,RT4,Arbar Island,11.17,166.76,7/19/2014,5,RLS,35,9:00:00,,,1,2,Chordata,Actinopterygii,Perciformes,Acanthuridae,Acanthurus nigricans,Acanthurus nigricans,25,1,427.3816,POINT (166.75999450683594 11.170000076293945)
ep_m1_public_data.fid-7cdaa17e_183da8d0a8f_2d57,912344549,Republic of the Marshall Islands,Marshall Islands,Marshall Islands,Eastern Indo-Pacific,Marshall Islands,RT4,Arbar Island,11.17,166.76,7/19/2014,5,RLS,35,9:00:00,,,1,2,Chordata,Actinopterygii,Perciformes,Labridae,Halichoeres hortulanus,Halichoeres hortulanus,10,2,48.2157,POINT (166.75999450683594 11.170000076293945)
ep_m1_public_data.fid-7cdaa17e_183da8d0a8f_2d58,912344549,Republic of the Marshall Islands,Marshall Islands,Marshall Islands,Eastern Indo-Pacific,Marshall Islands,RT4,Arbar Island,11.17,166.76,7/19/2014,5,RLS,35,9:00:00,,,1,2,Chordata,Actinopterygii,Perciformes,Scaridae,Chlorurus sordidus,Chlorurus sordidus,10,10,388.7724,POINT (166.75999450683594 11.170000076293945)
ep_m1_public_data.fid-7cdaa17e_183da8d0a8f_2d59,912344549,Republic of the Marshall Islands,Marshall Islands,Marshall Islands,Eastern Indo-Pacific,Marshall Islands,RT4,Arbar Island,11.17,166.76,7/19/2014,5,RLS,35,9:00:00,,,1,2,Chordata,Actinopterygii,Perciformes,Scaridae,Scarus festivus,Scarus festivus,40,1,929.3625,POINT (166.75999450683594 11.170000076293945)
ep_m1_public_data.fid-7cdaa17e_183da8d0a8f_2d65,912344549,Republic of the Marshall Islands,Marshall Islands,Marshall Islands,Eastern Indo-Pacific,Marshall Islands,RT4,Arbar Island,11.17,166.76,7/19/2014,5,RLS,35,9:00:00,,,1,1,Chordata,Actinopterygii,Perciformes,Acanthuridae,Acanthurus nigricans,Acanthurus nigricans,7.5,1,11.9508,POINT (166.75999450683594 11.170000076293945)
ep_m1_public_data.fid-7cdaa17e_183da8d0a8f_2d66,912344549,Republic of the Marshall Islands,Marshall Islands,Marshall Islands,Eastern Indo-Pacific,Marshall Islands,RT4,Arbar Island,11.17,166.76,7/19/2014,5,RLS,35,9:00:00,,,1,1,Chordata,Actinopterygii,Perciformes,Blenniidae,Meiacanthus atrodorsalis,Meiacanthus atrodorsalis,7.5,1,10.1852,POINT (166.75999450683594 11.170000076293945)
ep_m1_public_data.fid-7cdaa17e_183da8d0a8f_2d67,912344549,Republic of the Marshall Islands,Marshall Islands,Marshall Islands,Eastern Indo-Pacific,Marshall Islands,RT4,Arbar Island,11.17,166.76,7/19/2014,5,RLS,35,9:00:00,,,1,1,Chordata,Actinopterygii,Perciformes,Cirrhitidae,Paracirrhites arcatus,Paracirrhites arcatus,10,2,63.7848,POINT (166.75999450683594 11.170000076293945)
ep_m1_public_data.fid-7cdaa17e_183da8d0a8f_2d68,912344549,Republic of the Marshall Islands,Marshall Islands,Marshall Islands,Eastern Indo-Pacific,Marshall Islands,RT4,Arbar Island,11.17,166.76,7/19/2014,5,RLS,35,9:00:00,,,1,1,Chordata,Actinopterygii,Perciformes,Pomacanthidae,Centropyge flavissima,Centropyge flavissima,7.5,1,,POINT (166.75999450683594 11.170000076293945)
ep_m1_public_data.fid-7cdaa17e_183da8d0a8f_2d69,912344549,Republic of the Marshall Islands,Marshall Islands,Marshall Islands,Eastern Indo-Pacific,Marshall Islands,RT4,Arbar Island,11.17,166.76,7/19/2014,5,RLS,35,9:00:00,,,1,1,Chordata,Actinopterygii,Perciformes,Scaridae,Chlorurus sordidus,Chlorurus sordidus,10,9,349.8951,POINT (166.75999450683594 11.170000076293945)
ep_m1_public_data.fid-7cdaa17e_183da8d0a8f_2d6a,912344549,Republic of the Marshall Islands,Marshall Islands,Marshall Islands,Eastern Indo-Pacific,Marshall Islands,RT4,Arbar Island,11.17,166.76,7/19/2014,5,RLS,35,9:00:00,,,1,1,Chordata,Actinopterygii,Perciformes,Scaridae,Scarus rubroviolaceus,Scarus rubroviolaceus,50,1,2154.9734,POINT (166.75999450683594 11.170000076293945)
ep_m1_public_data.fid-7cdaa17e_183da8d0a8f_2d6b,912344549,Republic of the Marshall Islands,Marshall Islands,Marshall Islands,Eastern Indo-Pacific,Marshall Islands,RT4,Arbar Island,11.17,166.76,7/19/2014,5,RLS,35,9:00:00,,,1,1,Chordata,Reptilia,Testudines,Cheloniidae,Chelonia mydas,Chelonia mydas,75,1,,POINT (166.75999450683594 11.170000076293945)
ep_m1_public_data.fid-7cdaa17e_183da8d0a8f_2d6c,912344549,Republic of the Marshall Islands,Marshall Islands,Marshall Islands,Eastern Indo-Pacific,Marshall Islands,RT4,Arbar Island,11.17,166.76,7/19/2014,5,RLS,35,9:00:00,,,1,2,Chordata,Actinopterygii,Perciformes,Acanthuridae,Acanthurus nigricans,Acanthurus nigricans,20,2,540.2723,POINT (166.75999450683594 11.170000076293945)
ep_m1_public_data.fid-7cdaa17e_183da8d0a8f_2d6d,912344549,Republic of the Marshall Islands,Marshall Islands,Marshall Islands,Eastern Indo-Pacific,Marshall Islands,RT4,Arbar Island,11.17,166.76,7/19/2014,5,RLS,35,9:00:00,,,1,2,Chordata,Actinopterygii,Perciformes,Acanthuridae,Zebrasoma velifer,Zebrasoma velifer,30,2,1219.6628,POINT (166.75999450683594 11.170000076293945)
ep_m1_public_data.fid-7cdaa17e_183da8d0a8f_2d6e,912344549,Republic of the Marshall Islands,Marshall Islands,Marshall Islands,Eastern Indo-Pacific,Marshall Islands,RT4,Arbar Island,11.17,166.76,7/19/2014,5,RLS,35,9:00:00,,,1,2,Chordata,Actinopterygii,Perciformes,Labridae,Anampses twistii,Anampses twistii,7.5,1,8.5433,POINT (166.75999450683594 11.170000076293945)
ep_m1_public_data.fid-7cdaa17e_183da8d0a8f_2d6f,912344549,Republic of the Marshall Islands,Marshall Islands,Marshall Islands,Eastern Indo-Pacific,Marshall Islands,RT4,Arbar Island,11.17,166.76,7/19/2014,5,RLS,35,9:00:00,,,1,2,Chordata,Actinopterygii,Perciformes,Pomacentridae,Amblyglyphidodon aureus,Amblyglyphidodon aureus,7.5,2,35.9872,POINT (166.75999450683594 11.170000076293945)
ep_m1_public_data.fid-7cdaa17e_183da8d0a8f_2d70,912344549,Republic of the Marshall Islands,Marshall Islands,Marshall Islands,Eastern Indo-Pacific,Marshall Islands,RT4,Arbar Island,11.17,166.76,7/19/2014,5,RLS,35,9:00:00,,,1,2,Chordata,Actinopterygii,Perciformes,Pomacentridae,Chromis xanthura,Chromis xanthura,10,10,349.161,POINT (166.75999450683594 11.170000076293945)
ep_m1_public_data.fid-7cdaa17e_183da8d0a8f_2d71,912344549,Republic of the Marshall Islands,Marshall Islands,Marshall Islands,Eastern Indo-Pacific,Marshall Islands,RT4,Arbar Island,11.17,166.76,7/19/2014,5,RLS,35,9:00:00,,,1,2,Chordata,Actinopterygii,Perciformes,Scaridae,Scarus rubroviolaceus,Scarus rubroviolaceus,30,1,610.3858,POINT (166.75999450683594 11.170000076293945)
ep_m1_public_data.fid-7cdaa17e_183da8d0a8f_2d72,912344549,Republic of the Marshall Islands,Marshall Islands,Marshall Islands,Eastern Indo-Pacific,Marshall Islands,RT4,Arbar Island,11.17,166.76,7/19/2014,5,RLS,35,9:00:00,,,1,2,Chordata,Actinopterygii,Perciformes,Scaridae,Scarus schlegeli,Scarus schlegeli,35,1,761.4329,POINT (166.75999450683594 11.170000076293945)
ep_m1_public_data.fid-7cdaa17e_183da8d0a8f_2d83,912344549,Republic of the Marshall Islands,Marshall Islands,Marshall Islands,Eastern Indo-Pacific,Marshall Islands,RT4,Arbar Island,11.17,166.76,7/19/2014,5,RLS,35,9:00:00,,,1,1,Chordata,Actinopterygii,Perciformes,Acanthuridae,Zebrasoma scopas,Zebrasoma scopas,10,8,395.3415,POINT (166.75999450683594 11.170000076293945)
ep_m1_public_data.fid-7cdaa17e_183da8d0a8f_2d84,912344549,Republic of the Marshall Islands,Marshall Islands,Marshall Islands,Eastern Indo-Pacific,Marshall Islands,RT4,Arbar Island,11.17,166.76,7/19/2014,5,RLS,35,9:00:00,,,1,1,Chordata,Actinopterygii,Perciformes,Chaetodontidae,Chaetodon pelewensis,Chaetodon pelewensis,5,3,19.835,POINT (166.75999450683594 11.170000076293945)
ep_m1_public_data.fid-7cdaa17e_183da8d0a8f_2d85,912344549,Republic of the Marshall Islands,Marshall Islands,Marshall Islands,Eastern Indo-Pacific,Marshall Islands,RT4,Arbar Island,11.17,166.76,7/19/2014,5,RLS,35,9:00:00,,,1,1,Chordata,Actinopterygii,Perciformes,Cirrhitidae,Paracirrhites arcatus,Paracirrhites arcatus,5,1,3.676,POINT (166.75999450683594 11.170000076293945)
ep_m1_public_data.fid-7cdaa17e_183da8d0a8f_2d86,912344549,Republic of the Marshall Islands,Marshall Islands,Marshall Islands,Eastern Indo-Pacific,Marshall Islands,RT4,Arbar Island,11.17,166.76,7/19/2014,5,RLS,35,9:00:00,,,1,1,Chordata,Actinopterygii,Perciformes,Labridae,Labroides pectoralis,Labroides pectoralis,7.5,3,21.4354,POINT (166.75999450683594 11.170000076293945)
ep_m1_public_data.fid-7cdaa17e_183da8d0a8f_2d87,912344549,Republic of the Marshall Islands,Marshall Islands,Marshall Islands,Eastern Indo-Pacific,Marshall Islands,RT4,Arbar Island,11.17,166.76,7/19/2014,5,RLS,35,9:00:00,,,1,1,Chordata,Actinopterygii,Perciformes,Pomacentridae,Chrysiptera traceyi,Chrysiptera traceyi,2.5,6,3.1535,POINT (166.75999450683594 11.170000076293945)
ep_m1_public_data.fid-7cdaa17e_183da8d0a8f_2d88,912344549,Republic of the Marshall Islands,Marshall Islands,Marshall Islands,Eastern Indo-Pacific,Marshall Islands,RT4,Arbar Island,11.17,166.76,7/19/2014,5,RLS,35,9:00:00,,,1,1,Chordata,Actinopterygii,Perciformes,Pomacentridae,Pomacentrus vaiuli,Pomacentrus vaiuli,7.5,3,30.7086,POINT (166.75999450683594 11.170000076293945)
ep_m1_public_data.fid-7cdaa17e_183da8d0a8f_2d89,912344549,Republic of the Marshall Islands,Marshall Islands,Marshall Islands,Eastern Indo-Pacific,Marshall Islands,RT4,Arbar Island,11.17,166.76,7/19/2014,5,RLS,35,9:00:00,,,1,2,Chordata,Actinopterygii,Perciformes,Acanthuridae,Acanthurus nigricans,Acanthurus nigricans,10,9,276.1777,POINT (166.75999450683594 11.170000076293945)
ep_m1_public_data.fid-7cdaa17e_183da8d0a8f_2d8a,912344549,Republic of the Marshall Islands,Marshall Islands,Marshall Islands,Eastern Indo-Pacific,Marshall Islands,RT4,Arbar Island,11.17,166.76,7/19/2014,5,RLS,35,9:00:00,,,1,2,Chordata,Actinopterygii,Perciformes,Chaetodontidae,Chaetodon lunulatus,Chaetodon lunulatus,10,3,158.4255,POINT (166.75999450683594 11.170000076293945)
ep_m1_public_data.fid-7cdaa17e_183da8d0a8f_2d8b,912344549,Republic of the Marshall Islands,Marshall Islands,Marshall Islands,Eastern Indo-Pacific,Marshall Islands,RT4,Arbar Island,11.17,166.76,7/19/2014,5,RLS,35,9:00:00,,,1,2,Chordata,Actinopterygii,Perciformes,Labridae,Anampses twistii,Anampses twistii,10,1,19.8984,POINT (166.75999450683594 11.170000076293945)
ep_m1_public_data.fid-7cdaa17e_183da8d0a8f_2d8c,912344549,Republic of the Marshall Islands,Marshall Islands,Marshall Islands,Eastern Indo-Pacific,Marshall Islands,RT4,Arbar Island,11.17,166.76,7/19/2014,5,RLS,35,9:00:00,,,1,2,Chordata,Actinopterygii,Perciformes,Labridae,Thalassoma hardwicke,Thalassoma hardwicke,10,1,18.2459,POINT (166.75999450683594 11.170000076293945)
ep_m1_public_data.fid-7cdaa17e_183da8d0a8f_2d8d,912344549,Republic of the Marshall Islands,Marshall Islands,Marshall Islands,Eastern Indo-Pacific,Marshall Islands,RT4,Arbar Island,11.17,166.76,7/19/2014,5,RLS,35,9:00:00,,,1,2,Chordata,Actinopterygii,Perciformes,Pomacentridae,Chrysiptera traceyi,Chrysiptera traceyi,2.5,10,5.2558,POINT (166.75999450683594 11.170000076293945)
ep_m1_public_data.fid-7cdaa17e_183da8d0a8f_2d8e,912344549,Republic of the Marshall Islands,Marshall Islands,Marshall Islands,Eastern Indo-Pacific,Marshall Islands,RT4,Arbar Island,11.17,166.76,7/19/2014,5,RLS,35,9:00:00,,,1,2,Chordata,Actinopterygii,Perciformes,Scaridae,Chlorurus microrhinos,Chlorurus microrhinos,50,2,4309.947,POINT (166.75999450683594 11.170000076293945)
ep_m1_public_data.fid-7cdaa17e_183da8d0a8f_2d8f,912344549,Republic of the Marshall Islands,Marshall Islands,Marshall Islands,Eastern Indo-Pacific,Marshall Islands,RT4,Arbar Island,11.17,166.76,7/19/2014,5,RLS,35,9:00:00,,,1,2,Chordata,Actinopterygii,Perciformes,Scaridae,Chlorurus sordidus,Chlorurus sordidus,30,1,614.1267,POINT (166.75999450683594 11.170000076293945)
ep_m1_public_data.fid-7cdaa17e_183da8d0a8f_2d90,912344549,Republic of the Marshall Islands,Marshall Islands,Marshall Islands,Eastern Indo-Pacific,Marshall Islands,RT4,Arbar Island,11.17,166.76,7/19/2014,5,RLS,35,9:00:00,,,1,2,Chordata,Actinopterygii,Perciformes,Scaridae,Scarus schlegeli,Scarus schlegeli,40,1,956.2029,POINT (166.75999450683594 11.170000076293945)
ep_m1_public_data.fid-7cdaa17e_183da8d0a8f_2d91,912344549,Republic of the Marshall Islands,Marshall Islands,Marshall Islands,Eastern Indo-Pacific,Marshall Islands,RT4,Arbar Island,11.17,166.76,7/19/2014,5,RLS,35,9:00:00,,,1,2,Chordata,Actinopterygii,Perciformes,Serranidae,Pseudanthias pascalus,Pseudanthias pascalus,7.5,4,48.558,POINT (166.75999450683594 11.170000076293945)
ep_m1_public_data.fid-7cdaa17e_183da8d0a8f_2db1,912344549,Republic of the Marshall Islands,Marshall Islands,Marshall Islands,Eastern Indo-Pacific,Marshall Islands,RT4,Arbar Island,11.17,166.76,7/19/2014,5,RLS,35,9:00:00,,,1,1,Chordata,Actinopterygii,Perciformes,Acanthuridae,Acanthurus nigrofuscus,Acanthurus nigrofuscus,12.5,4,255.0804,POINT (166.75999450683594 11.170000076293945)
ep_m1_public_data.fid-7cdaa17e_183da8d0a8f_2db2,912344549,Republic of the Marshall Islands,Marshall Islands,Marshall Islands,Eastern Indo-Pacific,Marshall Islands,RT4,Arbar Island,11.17,166.76,7/19/2014,5,RLS,35,9:00:00,,,1,1,Chordata,Actinopterygii,Perciformes,Acanthuridae,Acanthurus nigroris,Acanthurus nigroris,12.5,2,143.2046,POINT (166.75999450683594 11.170000076293945)
ep_m1_public_data.fid-7cdaa17e_183da8d0a8f_2db3,912344549,Republic of the Marshall Islands,Marshall Islands,Marshall Islands,Eastern Indo-Pacific,Marshall Islands,RT4,Arbar Island,11.17,166.76,7/19/2014,5,RLS,35,9:00:00,,,1,1,Chordata,Actinopterygii,Perciformes,Acanthuridae,Ctenochaetus striatus,Ctenochaetus striatus,15,2,216.9749,POINT (166.75999450683594 11.170000076293945)
ep_m1_public_data.fid-7cdaa17e_183da8d0a8f_2db4,912344549,Republic of the Marshall Islands,Marshall Islands,Marshall Islands,Eastern Indo-Pacific,Marshall Islands,RT4,Arbar Island,11.17,166.76,7/19/2014,5,RLS,35,9:00:00,,,1,1,Chordata,Actinopterygii,Perciformes,Acanthuridae,Zebrasoma scopas,Zebrasoma scopas,5,2,12.4145,POINT (166.75999450683594 11.170000076293945)
ep_m1_public_data.fid-7cdaa17e_183da8d0a8f_2db5,912344549,Republic of the Marshall Islands,Marshall Islands,Marshall Islands,Eastern Indo-Pacific,Marshall Islands,RT4,Arbar Island,11.17,166.76,7/19/2014,5,RLS,35,9:00:00,,,1,1,Chordata,Actinopterygii,Perciformes,Chaetodontidae,Chaetodon lunulatus,Chaetodon lunulatus,7.5,3,67.1441,POINT (166.75999450683594 11.170000076293945)
ep_m1_public_data.fid-7cdaa17e_183da8d0a8f_2db6,912344549,Republic of the Marshall Islands,Marshall Islands,Marshall Islands,Eastern Indo-Pacific,Marshall Islands,RT4,Arbar Island,11.17,166.76,7/19/2014,5,RLS,35,9:00:00,,,1,1,Chordata,Actinopterygii,Perciformes,Chaetodontidae,Chaetodon pelewensis,Chaetodon pelewensis,7.5,2,42.3716,POINT (166.75999450683594 11.170000076293945)
ep_m1_public_data.fid-7cdaa17e_183da8d0a8f_2db7,912344549,Republic of the Marshall Islands,Marshall Islands,Marshall Islands,Eastern Indo-Pacific,Marshall Islands,RT4,Arbar Island,11.17,166.76,7/19/2014,5,RLS,35,9:00:00,,,1,1,Chordata,Actinopterygii,Perciformes,Labridae,Gomphosus varius,Gomphosus varius,12.5,2,55.5759,POINT (166.75999450683594 11.170000076293945)
ep_m1_public_data.fid-7cdaa17e_183da8d0a8f_2db8,912344549,Republic of the Marshall Islands,Marshall Islands,Marshall Islands,Eastern Indo-Pacific,Marshall Islands,RT4,Arbar Island,11.17,166.76,7/19/2014,5,RLS,35,9:00:00,,,1,1,Chordata,Actinopterygii,Perciformes,Labridae,Labropsis australis,Labropsis australis,7.5,1,8.5433,POINT (166.75999450683594 11.170000076293945)
ep_m1_public_data.fid-7cdaa17e_183da8d0a8f_2db9,912344549,Republic of the Marshall Islands,Marshall Islands,Marshall Islands,Eastern Indo-Pacific,Marshall Islands,RT4,Arbar Island,11.17,166.76,7/19/2014,5,RLS,35,9:00:00,,,1,1,Chordata,Actinopterygii,Perciformes,Pomacentridae,Chromis acares,Chromis acares,2.5,75,30.2873,POINT (166.75999450683594 11.170000076293945)
ep_m1_public_data.fid-7cdaa17e_183da8d0a8f_2dba,912344549,Republic of the Marshall Islands,Marshall Islands,Marshall Islands,Eastern Indo-Pacific,Marshall Islands,RT4,Arbar Island,11.17,166.76,7/19/2014,5,RLS,35,9:00:00,,,1,1,Chordata,Actinopterygii,Perciformes,Pomacentridae,Chromis agilis,Chromis agilis,7.5,35,484.3574,POINT (166.75999450683594 11.170000076293945)
ep_m1_public_data.fid-7cdaa17e_183da8d0a8f_2dbb,912344549,Republic of the Marshall Islands,Marshall Islands,Marshall Islands,Eastern Indo-Pacific,Marshall Islands,RT4,Arbar Island,11.17,166.76,7/19/2014,5,RLS,35,9:00:00,,,1,1,Chordata,Actinopterygii,Perciformes,Pomacentridae,Pomacentrus vaiuli,Pomacentrus vaiuli,5,2,7.0534,POINT (166.75999450683594 11.170000076293945)
ep_m1_public_data.fid-7cdaa17e_183da8d0a8f_2dbc,912344549,Republic of the Marshall Islands,Marshall Islands,Marshall Islands,Eastern Indo-Pacific,Marshall Islands,RT4,Arbar Island,11.17,166.76,7/19/2014,5,RLS,35,9:00:00,,,1,1,Chordata,Actinopterygii,Perciformes,Scaridae,Chlorurus sordidus,Chlorurus sordidus,12.5,2,150.8173,POINT (166.75999450683594 11.170000076293945)
ep_m1_public_data.fid-7cdaa17e_183da8d0a8f_2dbd,912344549,Republic of the Marshall Islands,Marshall Islands,Marshall Islands,Eastern Indo-Pacific,Marshall Islands,RT4,Arbar Island,11.17,166.76,7/19/2014,5,RLS,35,9:00:00,,,1,1,Chordata,Actinopterygii,Perciformes,Serranidae,Pseudanthias pascalus,Pseudanthias pascalus,2.5,40,16.3811,POINT (166.75999450683594 11.170000076293945)
ep_m1_public_data.fid-7cdaa17e_183da8d0a8f_2dbe,912344549,Republic of the Marshall Islands,Marshall Islands,Marshall Islands,Eastern Indo-Pacific,Marshall Islands,RT4,Arbar Island,11.17,166.76,7/19/2014,5,RLS,35,9:00:00,,,1,2,Chordata,Actinopterygii,Perciformes,Acanthuridae,Acanthurus nigrofuscus,Acanthurus nigrofuscus,10,1,30.6864,POINT (166.75999450683594 11.170000076293945)
ep_m1_public_data.fid-7cdaa17e_183da8d0a8f_2dbf,912344549,Republic of the Marshall Islands,Marshall Islands,Marshall Islands,Eastern Indo-Pacific,Marshall Islands,RT4,Arbar Island,11.17,166.76,7/19/2014,5,RLS,35,9:00:00,,,1,2,Chordata,Actinopterygii,Perciformes,Acanthuridae,Acanthurus nigrofuscus,Acanthurus nigrofuscus,12.5,5,318.8506,POINT (166.75999450683594 11.170000076293945)
ep_m1_public_data.fid-7cdaa17e_183da8d0a8f_2dc0,912344549,Republic of the Marshall Islands,Marshall Islands,Marshall Islands,Eastern Indo-Pacific,Marshall Islands,RT4,Arbar Island,11.17,166.76,7/19/2014,5,RLS,35,9:00:00,,,1,2,Chordata,Actinopterygii,Perciformes,Chaetodontidae,Chaetodon pelewensis,Chaetodon pelewensis,7.5,2,42.3716,POINT (166.75999450683594 11.170000076293945)
ep_m1_public_data.fid-7cdaa17e_183da8d0a8f_2dc1,912344549,Republic of the Marshall Islands,Marshall Islands,Marshall Islands,Eastern Indo-Pacific,Marshall Islands,RT4,Arbar Island,11.17,166.76,7/19/2014,5,RLS,35,9:00:00,,,1,2,Chordata,Actinopterygii,Perciformes,Chaetodontidae,Chaetodon reticulatus,Chaetodon reticulatus,12.5,4,411.0962,POINT (166.75999450683594 11.170000076293945)
ep_m1_public_data.fid-7cdaa17e_183da8d0a8f_2dc2,912344549,Republic of the Marshall Islands,Marshall Islands,Marshall Islands,Eastern Indo-Pacific,Marshall Islands,RT4,Arbar Island,11.17,166.76,7/19/2014,5,RLS,35,9:00:00,,,1,2,Chordata,Actinopterygii,Perciformes,Chaetodontidae,Forcipiger flavissimus,Forcipiger flavissimus,7.5,1,8.2068,POINT (166.75999450683594 11.170000076293945)
ep_m1_public_data.fid-7cdaa17e_183da8d0a8f_2dc3,912344549,Republic of the Marshall Islands,Marshall Islands,Marshall Islands,Eastern Indo-Pacific,Marshall Islands,RT4,Arbar Island,11.17,166.76,7/19/2014,5,RLS,35,9:00:00,,,1,2,Chordata,Actinopterygii,Perciformes,Cirrhitidae,Paracirrhites arcatus,Paracirrhites arcatus,10,4,127.5696,POINT (166.75999450683594 11.170000076293945)
ep_m1_public_data.fid-7cdaa17e_183da8d0a8f_2dc4,912344549,Republic of the Marshall Islands,Marshall Islands,Marshall Islands,Eastern Indo-Pacific,Marshall Islands,RT4,Arbar Island,11.17,166.76,7/19/2014,5,RLS,35,9:00:00,,,1,2,Chordata,Actinopterygii,Perciformes,Cirrhitidae,Paracirrhites arcatus,Paracirrhites arcatus,12.5,3,191.8125,POINT (166.75999450683594 11.170000076293945)
ep_m1_public_data.fid-7cdaa17e_183da8d0a8f_2dc5,912344549,Republic of the Marshall Islands,Marshall Islands,Marshall Islands,Eastern Indo-Pacific,Marshall Islands,RT4,Arbar Island,11.17,166.76,7/19/2014,5,RLS,35,9:00:00,,,1,2,Chordata,Actinopterygii,Perciformes,Labridae,Gomphosus varius,Gomphosus varius,5,3,7.004,POINT (166.75999450683594 11.170000076293945)
ep_m1_public_data.fid-7cdaa17e_183da8d0a8f_2dc6,912344549,Republic of the Marshall Islands,Marshall Islands,Marshall Islands,Eastern Indo-Pacific,Marshall Islands,RT4,Arbar Island,11.17,166.76,7/19/2014,5,RLS,35,9:00:00,,,1,2,Chordata,Actinopterygii,Perciformes,Labridae,Gomphosus varius,Gomphosus varius,7.5,3,20.9566,POINT (166.75999450683594 11.170000076293945)
ep_m1_public_data.fid-7cdaa17e_183da8d0a8f_2dc7,912344549,Republic of the Marshall Islands,Marshall Islands,Marshall Islands,Eastern Indo-Pacific,Marshall Islands,RT4,Arbar Island,11.17,166.76,7/19/2014,5,RLS,35,9:00:00,,,1,2,Chordata,Actinopterygii,Perciformes,Labridae,Gomphosus varius,Gomphosus varius,15,1,45.4866,POINT (166.75999450683594 11.170000076293945)
ep_m1_public_data.fid-7cdaa17e_183da8d0a8f_2dc8,912344549,Republic of the Marshall Islands,Marshall Islands,Marshall Islands,Eastern Indo-Pacific,Marshall Islands,RT4,Arbar Island,11.17,166.76,7/19/2014,5,RLS,35,9:00:00,,,1,2,Chordata,Actinopterygii,Perciformes,Labridae,Pseudocheilinus hexataenia,Pseudocheilinus hexataenia,5,1,2.5947,POINT (166.75999450683594 11.170000076293945)
ep_m1_public_data.fid-7cdaa17e_183da8d0a8f_2dc9,912344549,Republic of the Marshall Islands,Marshall Islands,Marshall Islands,Eastern Indo-Pacific,Marshall Islands,RT4,Arbar Island,11.17,166.76,7/19/2014,5,RLS,35,9:00:00,,,1,2,Chordata,Actinopterygii,Perciformes,Lutjanidae,Macolor macularis,Macolor macularis,25,1,279.1945,POINT (166.75999450683594 11.170000076293945)
ep_m1_public_data.fid-7cdaa17e_183da8d0a8f_2dca,912344549,Republic of the Marshall Islands,Marshall Islands,Marshall Islands,Eastern Indo-Pacific,Marshall Islands,RT4,Arbar Island,11.17,166.76,7/19/2014,5,RLS,35,9:00:00,,,1,2,Chordata,Actinopterygii,Perciformes,Pomacentridae,Chromis ternatensis,Chromis ternatensis,5,15,58.435,POINT (166.75999450683594 11.170000076293945)
ep_m1_public_data.fid-7cdaa17e_183da8d0a8f_2dcb,912344549,Republic of the Marshall Islands,Marshall Islands,Marshall Islands,Eastern Indo-Pacific,Marshall Islands,RT4,Arbar Island,11.17,166.76,7/19/2014,5,RLS,35,9:00:00,,,1,2,Chordata,Actinopterygii,Perciformes,Pomacentridae,Plectroglyphidodon dickii,Plectroglyphidodon dickii,5,2,13.7471,POINT (166.75999450683594 11.170000076293945)
ep_m1_public_data.fid-7cdaa17e_183da8d0a8f_2dcc,912344549,Republic of the Marshall Islands,Marshall Islands,Marshall Islands,Eastern Indo-Pacific,Marshall Islands,RT4,Arbar Island,11.17,166.76,7/19/2014,5,RLS,35,9:00:00,,,1,2,Chordata,Actinopterygii,Perciformes,Scaridae,Chlorurus sordidus,Chlorurus sordidus,40,2,2148.4727,POINT (166.75999450683594 11.170000076293945)
ep_m1_public_data.fid-7cdaa17e_183da8d0a8f_2dcd,912344549,Republic of the Marshall Islands,Marshall Islands,Marshall Islands,Eastern Indo-Pacific,Marshall Islands,RT4,Arbar Island,11.17,166.76,7/19/2014,5,RLS,35,9:00:00,,,1,2,Chordata,Actinopterygii,Perciformes,Siganidae,Siganus argenteus,Siganus argenteus,20,1,153.6329,POINT (166.75999450683594 11.170000076293945)
ep_m1_public_data.fid-7cdaa17e_183da8d0a8f_2dce,912344549,Republic of the Marshall Islands,Marshall Islands,Marshall Islands,Eastern Indo-Pacific,Marshall Islands,RT4,Arbar Island,11.17,166.76,7/19/2014,5,RLS,35,9:00:00,,,1,1,Chordata,Actinopterygii,Perciformes,Labridae,Anampses twistii,Anampses twistii,10,1,19.8984,POINT (166.75999450683594 11.170000076293945)
ep_m1_public_data.fid-7cdaa17e_183da8d0a8f_2e16,912344549,Republic of the Marshall Islands,Marshall Islands,Marshall Islands,Eastern Indo-Pacific,Marshall Islands,RT4,Arbar Island,11.17,166.76,7/19/2014,5,RLS,35,9:00:00,,,1,1,Chordata,Actinopterygii,Beryciformes,Holocentridae,Myripristis kuntee,Myripristis kuntee,12.5,4,302.2864,POINT (166.75999450683594 11.170000076293945)
ep_m1_public_data.fid-7cdaa17e_183da8d0a8f_2e17,912344549,Republic of the Marshall Islands,Marshall Islands,Marshall Islands,Eastern Indo-Pacific,Marshall Islands,RT4,Arbar Island,11.17,166.76,7/19/2014,5,RLS,35,9:00:00,,,1,1,Chordata,Actinopterygii,Perciformes,Acanthuridae,Acanthurus nigricans,Acanthurus nigricans,12.5,4,255.0804,POINT (166.75999450683594 11.170000076293945)
ep_m1_public_data.fid-7cdaa17e_183da8d0a8f_2e18,912344549,Republic of the Marshall Islands,Marshall Islands,Marshall Islands,Eastern Indo-Pacific,Marshall Islands,RT4,Arbar Island,11.17,166.76,7/19/2014,5,RLS,35,9:00:00,,,1,1,Chordata,Actinopterygii,Perciformes,Acanthuridae,Acanthurus nigricans,Acanthurus nigricans,15,3,347.7719,POINT (166.75999450683594 11.170000076293945)
ep_m1_public_data.fid-7cdaa17e_183da8d0a8f_2e19,912344549,Republic of the Marshall Islands,Marshall Islands,Marshall Islands,Eastern Indo-Pacific,Marshall Islands,RT4,Arbar Island,11.17,166.76,7/19/2014,5,RLS,35,9:00:00,,,1,1,Chordata,Actinopterygii,Perciformes,Acanthuridae,Acanthurus nigrofuscus,Acanthurus nigrofuscus,10,2,61.3728,POINT (166.75999450683594 11.170000076293945)
ep_m1_public_data.fid-7cdaa17e_183da8d0a8f_2e1a,912344549,Republic of the Marshall Islands,Marshall Islands,Marshall Islands,Eastern Indo-Pacific,Marshall Islands,RT4,Arbar Island,11.17,166.76,7/19/2014,5,RLS,35,9:00:00,,,1,1,Chordata,Actinopterygii,Perciformes,Acanthuridae,Acanthurus nigroris,Acanthurus nigroris,15,1,124.4528,POINT (166.75999450683594 11.170000076293945)
ep_m1_public_data.fid-7cdaa17e_183da8d0a8f_2e1b,912344549,Republic of the Marshall Islands,Marshall Islands,Marshall Islands,Eastern Indo-Pacific,Marshall Islands,RT4,Arbar Island,11.17,166.76,7/19/2014,5,RLS,35,9:00:00,,,1,1,Chordata,Actinopterygii,Perciformes,Acanthuridae,Ctenochaetus striatus,Ctenochaetus striatus,20,2,478.3227,POINT (166.75999450683594 11.170000076293945)
ep_m1_public_data.fid-7cdaa17e_183da8d0a8f_2e1c,912344549,Republic of the Marshall Islands,Marshall Islands,Marshall Islands,Eastern Indo-Pacific,Marshall Islands,RT4,Arbar Island,11.17,166.76,7/19/2014,5,RLS,35,9:00:00,,,1,1,Chordata,Actinopterygii,Perciformes,Acanthuridae,Naso unicornis,Naso unicornis,40,1,628.3641,POINT (166.75999450683594 11.170000076293945)
ep_m1_public_data.fid-7cdaa17e_183da8d0a8f_2e1d,912344549,Republic of the Marshall Islands,Marshall Islands,Marshall Islands,Eastern Indo-Pacific,Marshall Islands,RT4,Arbar Island,11.17,166.76,7/19/2014,5,RLS,35,9:00:00,,,1,1,Chordata,Actinopterygii,Perciformes,Acanthuridae,Zebrasoma scopas,Zebrasoma scopas,7.5,8,167.1209,POINT (166.75999450683594 11.170000076293945)
ep_m1_public_data.fid-7cdaa17e_183da8d0a8f_2e1e,912344549,Republic of the Marshall Islands,Marshall Islands,Marshall Islands,Eastern Indo-Pacific,Marshall Islands,RT4,Arbar Island,11.17,166.76,7/19/2014,5,RLS,35,9:00:00,,,1,1,Chordata,Actinopterygii,Perciformes,Chaetodontidae,Chaetodon ulietensis,Chaetodon ulietensis,10,2,78.5882,POINT (166.75999450683594 11.170000076293945)
ep_m1_public_data.fid-7cdaa17e_183da8d0a8f_2e1f,912344549,Republic of the Marshall Islands,Marshall Islands,Marshall Islands,Eastern Indo-Pacific,Marshall Islands,RT4,Arbar Island,11.17,166.76,7/19/2014,5,RLS,35,9:00:00,,,1,1,Chordata,Actinopterygii,Perciformes,Chaetodontidae,Heniochus chrysostomus,Heniochus chrysostomus,15,1,200.228,POINT (166.75999450683594 11.170000076293945)
ep_m1_public_data.fid-7cdaa17e_183da8d0a8f_2e20,912344549,Republic of the Marshall Islands,Marshall Islands,Marshall Islands,Eastern Indo-Pacific,Marshall Islands,RT4,Arbar Island,11.17,166.76,7/19/2014,5,RLS,35,9:00:00,,,1,1,Chordata,Actinopterygii,Perciformes,Cirrhitidae,Paracirrhites arcatus,Paracirrhites arcatus,7.5,2,26.0185,POINT (166.75999450683594 11.170000076293945)
ep_m1_public_data.fid-7cdaa17e_183da8d0a8f_2e21,912344549,Republic of the Marshall Islands,Marshall Islands,Marshall Islands,Eastern Indo-Pacific,Marshall Islands,RT4,Arbar Island,11.17,166.76,7/19/2014,5,RLS,35,9:00:00,,,1,1,Chordata,Actinopterygii,Perciformes,Labridae,Anampses twistii,Anampses twistii,7.5,1,8.5433,POINT (166.75999450683594 11.170000076293945)
ep_m1_public_data.fid-7cdaa17e_183da8d0a8f_2e22,912344549,Republic of the Marshall Islands,Marshall Islands,Marshall Islands,Eastern Indo-Pacific,Marshall Islands,RT4,Arbar Island,11.17,166.76,7/19/2014,5,RLS,35,9:00:00,,,1,1,Chordata,Actinopterygii,Perciformes,Labridae,Gomphosus varius,Gomphosus varius,7.5,2,13.9711,POINT (166.75999450683594 11.170000076293945)
ep_m1_public_data.fid-7cdaa17e_183da8d0a8f_2e23,912344549,Republic of the Marshall Islands,Marshall Islands,Marshall Islands,Eastern Indo-Pacific,Marshall Islands,RT4,Arbar Island,11.17,166.76,7/19/2014,5,RLS,35,9:00:00,,,1,1,Chordata,Actinopterygii,Perciformes,Labridae,Halichoeres hortulanus,Halichoeres hortulanus,10,4,96.4314,POINT (166.75999450683594 11.170000076293945)
ep_m1_public_data.fid-7cdaa17e_183da8d0a8f_2e24,912344549,Republic of the Marshall Islands,Marshall Islands,Marshall Islands,Eastern Indo-Pacific,Marshall Islands,RT4,Arbar Island,11.17,166.76,7/19/2014,5,RLS,35,9:00:00,,,1,1,Chordata,Actinopterygii,Perciformes,Labridae,Halichoeres hortulanus,Halichoeres hortulanus,12.5,3,143.2887,POINT (166.75999450683594 11.170000076293945)
ep_m1_public_data.fid-7cdaa17e_183da8d0a8f_2e25,912344549,Republic of the Marshall Islands,Marshall Islands,Marshall Islands,Eastern Indo-Pacific,Marshall Islands,RT4,Arbar Island,11.17,166.76,7/19/2014,5,RLS,35,9:00:00,,,1,1,Chordata,Actinopterygii,Perciformes,Labridae,Halichoeres hortulanus,Halichoeres hortulanus,15,1,83.503,POINT (166.75999450683594 11.170000076293945)
ep_m1_public_data.fid-7cdaa17e_183da8d0a8f_2e26,912344549,Republic of the Marshall Islands,Marshall Islands,Marshall Islands,Eastern Indo-Pacific,Marshall Islands,RT4,Arbar Island,11.17,166.76,7/19/2014,5,RLS,35,9:00:00,,,1,1,Chordata,Actinopterygii,Perciformes,Labridae,Labroides pectoralis,Labroides pectoralis,5,1,1.9278,POINT (166.75999450683594 11.170000076293945)
ep_m1_public_data.fid-7cdaa17e_183da8d0a8f_2e27,912344549,Republic of the Marshall Islands,Marshall Islands,Marshall Islands,Eastern Indo-Pacific,Marshall Islands,RT4,Arbar Island,11.17,166.76,7/19/2014,5,RLS,35,9:00:00,,,1,1,Chordata,Actinopterygii,Perciformes,Labridae,Labropsis australis,Labropsis australis,10,1,19.8984,POINT (166.75999450683594 11.170000076293945)
ep_m1_public_data.fid-7cdaa17e_183da8d0a8f_2e28,912344549,Republic of the Marshall Islands,Marshall Islands,Marshall Islands,Eastern Indo-Pacific,Marshall Islands,RT4,Arbar Island,11.17,166.76,7/19/2014,5,RLS,35,9:00:00,,,1,1,Chordata,Actinopterygii,Perciformes,Labridae,Pseudocheilinus hexataenia,Pseudocheilinus hexataenia,5,4,10.3789,POINT (166.75999450683594 11.170000076293945)
ep_m1_public_data.fid-7cdaa17e_183da8d0a8f_2e29,912344549,Republic of the Marshall Islands,Marshall Islands,Marshall Islands,Eastern Indo-Pacific,Marshall Islands,RT4,Arbar Island,11.17,166.76,7/19/2014,5,RLS,35,9:00:00,,,1,1,Chordata,Actinopterygii,Perciformes,Lutjanidae,Macolor macularis,Macolor macularis,15,1,87.6754,POINT (166.75999450683594 11.170000076293945)
ep_m1_public_data.fid-7cdaa17e_183da8d0a8f_2e2a,912344549,Republic of the Marshall Islands,Marshall Islands,Marshall Islands,Eastern Indo-Pacific,Marshall Islands,RT4,Arbar Island,11.17,166.76,7/19/2014,5,RLS,35,9:00:00,,,1,1,Chordata,Actinopterygii,Perciformes,Pomacentridae,Chromis agilis,Chromis agilis,5,20,75.1004,POINT (166.75999450683594 11.170000076293945)
ep_m1_public_data.fid-7cdaa17e_183da8d0a8f_2e2b,912344549,Republic of the Marshall Islands,Marshall Islands,Marshall Islands,Eastern Indo-Pacific,Marshall Islands,RT4,Arbar Island,11.17,166.76,7/19/2014,5,RLS,35,9:00:00,,,1,1,Chordata,Actinopterygii,Perciformes,Pomacentridae,Chromis ternatensis,Chromis ternatensis,7.5,30,377.0773,POINT (166.75999450683594 11.170000076293945)
ep_m1_public_data.fid-7cdaa17e_183da8d0a8f_2e2c,912344549,Republic of the Marshall Islands,Marshall Islands,Marshall Islands,Eastern Indo-Pacific,Marshall Islands,RT4,Arbar Island,11.17,166.76,7/19/2014,5,RLS,35,9:00:00,,,1,1,Chordata,Actinopterygii,Perciformes,Pomacentridae,Chrysiptera traceyi,Chrysiptera traceyi,5,2,8.4152,POINT (166.75999450683594 11.170000076293945)
ep_m1_public_data.fid-7cdaa17e_183da8d0a8f_2e2d,912344549,Republic of the Marshall Islands,Marshall Islands,Marshall Islands,Eastern Indo-Pacific,Marshall Islands,RT4,Arbar Island,11.17,166.76,7/19/2014,5,RLS,35,9:00:00,,,1,1,Chordata,Actinopterygii,Perciformes,Pomacentridae,Plectroglyphidodon johnstonianus,Plectroglyphidodon johnstonianus,7.5,3,60.0208,POINT (166.75999450683594 11.170000076293945)
ep_m1_public_data.fid-7cdaa17e_183da8d0a8f_2e2e,912344549,Republic of the Marshall Islands,Marshall Islands,Marshall Islands,Eastern Indo-Pacific,Marshall Islands,RT4,Arbar Island,11.17,166.76,7/19/2014,5,RLS,35,9:00:00,,,1,1,Chordata,Actinopterygii,Perciformes,Scaridae,Chlorurus sordidus,Chlorurus sordidus,5,1,4.9652,POINT (166.75999450683594 11.170000076293945)
ep_m1_public_data.fid-7cdaa17e_183da8d0a8f_2e2f,912344549,Republic of the Marshall Islands,Marshall Islands,Marshall Islands,Eastern Indo-Pacific,Marshall Islands,RT4,Arbar Island,11.17,166.76,7/19/2014,5,RLS,35,9:00:00,,,1,1,Chordata,Actinopterygii,Perciformes,Scaridae,Chlorurus sordidus,Chlorurus sordidus,7.5,9,148.9343,POINT (166.75999450683594 11.170000076293945)
ep_m1_public_data.fid-7cdaa17e_183da8d0a8f_2e30,912344549,Republic of the Marshall Islands,Marshall Islands,Marshall Islands,Eastern Indo-Pacific,Marshall Islands,RT4,Arbar Island,11.17,166.76,7/19/2014,5,RLS,35,9:00:00,,,1,1,Chordata,Actinopterygii,Perciformes,Scaridae,Scarus rubroviolaceus,Scarus rubroviolaceus,30,1,610.3858,POINT (166.75999450683594 11.170000076293945)
ep_m1_public_data.fid-7cdaa17e_183da8d0a8f_2e31,912344549,Republic of the Marshall Islands,Marshall Islands,Marshall Islands,Eastern Indo-Pacific,Marshall Islands,RT4,Arbar Island,11.17,166.76,7/19/2014,5,RLS,35,9:00:00,,,1,1,Chordata,Actinopterygii,Perciformes,Serranidae,Pseudanthias pascalus,Pseudanthias pascalus,5,65,225.8774,POINT (166.75999450683594 11.170000076293945)
ep_m1_public_data.fid-7cdaa17e_183da8d0a8f_2e32,912344549,Republic of the Marshall Islands,Marshall Islands,Marshall Islands,Eastern Indo-Pacific,Marshall Islands,RT4,Arbar Island,11.17,166.76,7/19/2014,5,RLS,35,9:00:00,,,1,1,Chordata,Actinopterygii,Perciformes,Zanclidae,Zanclus cornutus,Zanclus cornutus,12.5,2,270.2557,POINT (166.75999450683594 11.170000076293945)
ep_m1_public_data.fid-7cdaa17e_183da8d0a8f_2e33,912344549,Republic of the Marshall Islands,Marshall Islands,Marshall Islands,Eastern Indo-Pacific,Marshall Islands,RT4,Arbar Island,11.17,166.76,7/19/2014,5,RLS,35,9:00:00,,,1,2,Chordata,Actinopterygii,Perciformes,Acanthuridae,Acanthurus nigricans,Acanthurus nigricans,7.5,2,23.9016,POINT (166.75999450683594 11.170000076293945)
ep_m1_public_data.fid-7cdaa17e_183da8d0a8f_2e34,912344549,Republic of the Marshall Islands,Marshall Islands,Marshall Islands,Eastern Indo-Pacific,Marshall Islands,RT4,Arbar Island,11.17,166.76,7/19/2014,5,RLS,35,9:00:00,,,1,2,Chordata,Actinopterygii,Perciformes,Acanthuridae,Acanthurus nigricans,Acanthurus nigricans,12.5,7,446.3908,POINT (166.75999450683594 11.170000076293945)
ep_m1_public_data.fid-7cdaa17e_183da8d0a8f_2e35,912344549,Republic of the Marshall Islands,Marshall Islands,Marshall Islands,Eastern Indo-Pacific,Marshall Islands,RT4,Arbar Island,11.17,166.76,7/19/2014,5,RLS,35,9:00:00,,,1,2,Chordata,Actinopterygii,Perciformes,Acanthuridae,Acanthurus nigricans,Acanthurus nigricans,15,2,231.848,POINT (166.75999450683594 11.170000076293945)
ep_m1_public_data.fid-7cdaa17e_183da8d0a8f_2e36,912344549,Republic of the Marshall Islands,Marshall Islands,Marshall Islands,Eastern Indo-Pacific,Marshall Islands,RT4,Arbar Island,11.17,166.76,7/19/2014,5,RLS,35,9:00:00,,,1,2,Chordata,Actinopterygii,Perciformes,Acanthuridae,Zebrasoma scopas,Zebrasoma scopas,7.5,2,41.7802,POINT (166.75999450683594 11.170000076293945)
ep_m1_public_data.fid-7cdaa17e_183da8d0a8f_2e37,912344549,Republic of the Marshall Islands,Marshall Islands,Marshall Islands,Eastern Indo-Pacific,Marshall Islands,RT4,Arbar Island,11.17,166.76,7/19/2014,5,RLS,35,9:00:00,,,1,2,Chordata,Actinopterygii,Perciformes,Acanthuridae,Zebrasoma scopas,Zebrasoma scopas,10,4,197.6708,POINT (166.75999450683594 11.170000076293945)
ep_m1_public_data.fid-7cdaa17e_183da8d0a8f_2e38,912344549,Republic of the Marshall Islands,Marshall Islands,Marshall Islands,Eastern Indo-Pacific,Marshall Islands,RT4,Arbar Island,11.17,166.76,7/19/2014,5,RLS,35,9:00:00,,,1,2,Chordata,Actinopterygii,Perciformes,Acanthuridae,Zebrasoma velifer,Zebrasoma velifer,20,1,284.5353,POINT (166.75999450683594 11.170000076293945)
ep_m1_public_data.fid-7cdaa17e_183da8d0a8f_2e39,912344549,Republic of the Marshall Islands,Marshall Islands,Marshall Islands,Eastern Indo-Pacific,Marshall Islands,RT4,Arbar Island,11.17,166.76,7/19/2014,5,RLS,35,9:00:00,,,1,2,Chordata,Actinopterygii,Perciformes,Carangidae,Caranx lugubris,Caranx lugubris,40,1,678.8702,POINT (166.75999450683594 11.170000076293945)
ep_m1_public_data.fid-7cdaa17e_183da8d0a8f_2e3a,912344549,Republic of the Marshall Islands,Marshall Islands,Marshall Islands,Eastern Indo-Pacific,Marshall Islands,RT4,Arbar Island,11.17,166.76,7/19/2014,5,RLS,35,9:00:00,,,1,2,Chordata,Actinopterygii,Perciformes,Chaetodontidae,Chaetodon lunulatus,Chaetodon lunulatus,7.5,3,67.1441,POINT (166.75999450683594 11.170000076293945)
ep_m1_public_data.fid-7cdaa17e_183da8d0a8f_2e3b,912344549,Republic of the Marshall Islands,Marshall Islands,Marshall Islands,Eastern Indo-Pacific,Marshall Islands,RT4,Arbar Island,11.17,166.76,7/19/2014,5,RLS,35,9:00:00,,,1,2,Chordata,Actinopterygii,Perciformes,Chaetodontidae,Chaetodon pelewensis,Chaetodon pelewensis,10,1,48.4027,POINT (166.75999450683594 11.170000076293945)
ep_m1_public_data.fid-7cdaa17e_183da8d0a8f_2e3c,912344549,Republic of the Marshall Islands,Marshall Islands,Marshall Islands,Eastern Indo-Pacific,Marshall Islands,RT4,Arbar Island,11.17,166.76,7/19/2014,5,RLS,35,9:00:00,,,1,2,Chordata,Actinopterygii,Perciformes,Chaetodontidae,Chaetodon reticulatus,Chaetodon reticulatus,7.5,2,44.7627,POINT (166.75999450683594 11.170000076293945)
ep_m1_public_data.fid-7cdaa17e_183da8d0a8f_2e3d,912344549,Republic of the Marshall Islands,Marshall Islands,Marshall Islands,Eastern Indo-Pacific,Marshall Islands,RT4,Arbar Island,11.17,166.76,7/19/2014,5,RLS,35,9:00:00,,,1,2,Chordata,Actinopterygii,Perciformes,Chaetodontidae,Chaetodon reticulatus,Chaetodon reticulatus,10,4,211.234,POINT (166.75999450683594 11.170000076293945)
ep_m1_public_data.fid-7cdaa17e_183da8d0a8f_2e3e,912344549,Republic of the Marshall Islands,Marshall Islands,Marshall Islands,Eastern Indo-Pacific,Marshall Islands,RT4,Arbar Island,11.17,166.76,7/19/2014,5,RLS,35,9:00:00,,,1,2,Chordata,Actinopterygii,Perciformes,Chaetodontidae,Chaetodon ulietensis,Chaetodon ulietensis,10,1,39.2941,POINT (166.75999450683594 11.170000076293945)
ep_m1_public_data.fid-7cdaa17e_183da8d0a8f_2e3f,912344549,Republic of the Marshall Islands,Marshall Islands,Marshall Islands,Eastern Indo-Pacific,Marshall Islands,RT4,Arbar Island,11.17,166.76,7/19/2014,5,RLS,35,9:00:00,,,1,2,Chordata,Actinopterygii,Perciformes,Chaetodontidae,Forcipiger flavissimus,Forcipiger flavissimus,10,1,19.4531,POINT (166.75999450683594 11.170000076293945)
ep_m1_public_data.fid-7cdaa17e_183da8d0a8f_2e40,912344549,Republic of the Marshall Islands,Marshall Islands,Marshall Islands,Eastern Indo-Pacific,Marshall Islands,RT4,Arbar Island,11.17,166.76,7/19/2014,5,RLS,35,9:00:00,,,1,2,Chordata,Actinopterygii,Perciformes,Cirrhitidae,Paracirrhites arcatus,Paracirrhites arcatus,7.5,3,39.0278,POINT (166.75999450683594 11.170000076293945)
ep_m1_public_data.fid-7cdaa17e_183da8d0a8f_2e41,912344549,Republic of the Marshall Islands,Marshall Islands,Marshall Islands,Eastern Indo-Pacific,Marshall Islands,RT4,Arbar Island,11.17,166.76,7/19/2014,5,RLS,35,9:00:00,,,1,2,Chordata,Actinopterygii,Perciformes,Labridae,Gomphosus varius,Gomphosus varius,10,3,45.6068,POINT (166.75999450683594 11.170000076293945)
ep_m1_public_data.fid-7cdaa17e_183da8d0a8f_2e42,912344549,Republic of the Marshall Islands,Marshall Islands,Marshall Islands,Eastern Indo-Pacific,Marshall Islands,RT4,Arbar Island,11.17,166.76,7/19/2014,5,RLS,35,9:00:00,,,1,2,Chordata,Actinopterygii,Perciformes,Labridae,Gomphosus varius,Gomphosus varius,12.5,1,27.7879,POINT (166.75999450683594 11.170000076293945)
ep_m1_public_data.fid-7cdaa17e_183da8d0a8f_2e43,912344549,Republic of the Marshall Islands,Marshall Islands,Marshall Islands,Eastern Indo-Pacific,Marshall Islands,RT4,Arbar Island,11.17,166.76,7/19/2014,5,RLS,35,9:00:00,,,1,2,Chordata,Actinopterygii,Perciformes,Labridae,Halichoeres hortulanus,Halichoeres hortulanus,7.5,3,29.9549,POINT (166.75999450683594 11.170000076293945)
ep_m1_public_data.fid-7cdaa17e_183da8d0a8f_2e44,912344549,Republic of the Marshall Islands,Marshall Islands,Marshall Islands,Eastern Indo-Pacific,Marshall Islands,RT4,Arbar Island,11.17,166.76,7/19/2014,5,RLS,35,9:00:00,,,1,2,Chordata,Actinopterygii,Perciformes,Labridae,Halichoeres hortulanus,Halichoeres hortulanus,12.5,1,47.7629,POINT (166.75999450683594 11.170000076293945)
ep_m1_public_data.fid-7cdaa17e_183da8d0a8f_2e45,912344549,Republic of the Marshall Islands,Marshall Islands,Marshall Islands,Eastern Indo-Pacific,Marshall Islands,RT4,Arbar Island,11.17,166.76,7/19/2014,5,RLS,35,9:00:00,,,1,2,Chordata,Actinopterygii,Perciformes,Labridae,Labropsis australis,Labropsis australis,7.5,1,8.5433,POINT (166.75999450683594 11.170000076293945)
ep_m1_public_data.fid-7cdaa17e_183da8d0a8f_2e46,912344549,Republic of the Marshall Islands,Marshall Islands,Marshall Islands,Eastern Indo-Pacific,Marshall Islands,RT4,Arbar Island,11.17,166.76,7/19/2014,5,RLS,35,9:00:00,,,1,2,Chordata,Actinopterygii,Perciformes,Labridae,Thalassoma quinquevittatum,Thalassoma quinquevittatum,5,4,12.0096,POINT (166.75999450683594 11.170000076293945)
ep_m1_public_data.fid-7cdaa17e_183da8d0a8f_2e47,912344549,Republic of the Marshall Islands,Marshall Islands,Marshall Islands,Eastern Indo-Pacific,Marshall Islands,RT4,Arbar Island,11.17,166.76,7/19/2014,5,RLS,35,9:00:00,,,1,2,Chordata,Actinopterygii,Perciformes,Labridae,Thalassoma quinquevittatum,Thalassoma quinquevittatum,7.5,4,40.5324,POINT (166.75999450683594 11.170000076293945)
ep_m1_public_data.fid-7cdaa17e_183da8d0a8f_2e48,912344549,Republic of the Marshall Islands,Marshall Islands,Marshall Islands,Eastern Indo-Pacific,Marshall Islands,RT4,Arbar Island,11.17,166.76,7/19/2014,5,RLS,35,9:00:00,,,1,2,Chordata,Actinopterygii,Perciformes,Labridae,Thalassoma quinquevittatum,Thalassoma quinquevittatum,10,3,72.0576,POINT (166.75999450683594 11.170000076293945)
ep_m1_public_data.fid-7cdaa17e_183da8d0a8f_2e49,912344549,Republic of the Marshall Islands,Marshall Islands,Marshall Islands,Eastern Indo-Pacific,Marshall Islands,RT4,Arbar Island,11.17,166.76,7/19/2014,5,RLS,35,9:00:00,,,1,2,Chordata,Actinopterygii,Perciformes,Pomacentridae,Amblyglyphidodon aureus,Amblyglyphidodon aureus,5,1,4.4694,POINT (166.75999450683594 11.170000076293945)
ep_m1_public_data.fid-7cdaa17e_183da8d0a8f_2e4a,912344549,Republic of the Marshall Islands,Marshall Islands,Marshall Islands,Eastern Indo-Pacific,Marshall Islands,RT4,Arbar Island,11.17,166.76,7/19/2014,5,RLS,35,9:00:00,,,1,2,Chordata,Actinopterygii,Perciformes,Pomacentridae,Chromis acares,Chromis acares,2.5,80,32.3064,POINT (166.75999450683594 11.170000076293945)
ep_m1_public_data.fid-7cdaa17e_183da8d0a8f_2e4b,912344549,Republic of the Marshall Islands,Marshall Islands,Marshall Islands,Eastern Indo-Pacific,Marshall Islands,RT4,Arbar Island,11.17,166.76,7/19/2014,5,RLS,35,9:00:00,,,1,2,Chordata,Actinopterygii,Perciformes,Pomacentridae,Chromis agilis,Chromis agilis,5,90,337.9518,POINT (166.75999450683594 11.170000076293945)
ep_m1_public_data.fid-7cdaa17e_183da8d0a8f_2e4c,912344549,Republic of the Marshall Islands,Marshall Islands,Marshall Islands,Eastern Indo-Pacific,Marshall Islands,RT4,Arbar Island,11.17,166.76,7/19/2014,5,RLS,35,9:00:00,,,1,2,Chordata,Actinopterygii,Perciformes,Pomacentridae,Chromis agilis,Chromis agilis,7.5,7,96.8715,POINT (166.75999450683594 11.170000076293945)
ep_m1_public_data.fid-7cdaa17e_183da8d0a8f_2e4d,912344549,Republic of the Marshall Islands,Marshall Islands,Marshall Islands,Eastern Indo-Pacific,Marshall Islands,RT4,Arbar Island,11.17,166.76,7/19/2014,5,RLS,35,9:00:00,,,1,2,Chordata,Actinopterygii,Perciformes,Pomacentridae,Chromis ternatensis,Chromis ternatensis,7.5,20,251.3849,POINT (166.75999450683594 11.170000076293945)
ep_m1_public_data.fid-7cdaa17e_183da8d0a8f_2e4e,912344549,Republic of the Marshall Islands,Marshall Islands,Marshall Islands,Eastern Indo-Pacific,Marshall Islands,RT4,Arbar Island,11.17,166.76,7/19/2014,5,RLS,35,9:00:00,,,1,2,Chordata,Actinopterygii,Perciformes,Pomacentridae,Chromis xanthura,Chromis xanthura,7.5,5,69.1939,POINT (166.75999450683594 11.170000076293945)
ep_m1_public_data.fid-7cdaa17e_183da8d0a8f_2e4f,912344549,Republic of the Marshall Islands,Marshall Islands,Marshall Islands,Eastern Indo-Pacific,Marshall Islands,RT4,Arbar Island,11.17,166.76,7/19/2014,5,RLS,35,9:00:00,,,1,2,Chordata,Actinopterygii,Perciformes,Pomacentridae,Chrysiptera traceyi,Chrysiptera traceyi,5,4,16.8304,POINT (166.75999450683594 11.170000076293945)
ep_m1_public_data.fid-7cdaa17e_183da8d0a8f_2e50,912344549,Republic of the Marshall Islands,Marshall Islands,Marshall Islands,Eastern Indo-Pacific,Marshall Islands,RT4,Arbar Island,11.17,166.76,7/19/2014,5,RLS,35,9:00:00,,,1,2,Chordata,Actinopterygii,Perciformes,Pomacentridae,Plectroglyphidodon dickii,Plectroglyphidodon dickii,7.5,3,60.0208,POINT (166.75999450683594 11.170000076293945)
ep_m1_public_data.fid-7cdaa17e_183da8d0a8f_2e51,912344549,Republic of the Marshall Islands,Marshall Islands,Marshall Islands,Eastern Indo-Pacific,Marshall Islands,RT4,Arbar Island,11.17,166.76,7/19/2014,5,RLS,35,9:00:00,,,1,2,Chordata,Actinopterygii,Perciformes,Pomacentridae,Plectroglyphidodon johnstonianus,Plectroglyphidodon johnstonianus,5,7,48.1147,POINT (166.75999450683594 11.170000076293945)
ep_m1_public_data.fid-7cdaa17e_183da8d0a8f_2e52,912344549,Republic of the Marshall Islands,Marshall Islands,Marshall Islands,Eastern Indo-Pacific,Marshall Islands,RT4,Arbar Island,11.17,166.76,7/19/2014,5,RLS,35,9:00:00,,,1,2,Chordata,Actinopterygii,Perciformes,Pomacentridae,Plectroglyphidodon johnstonianus,Plectroglyphidodon johnstonianus,7.5,1,20.0069,POINT (166.75999450683594 11.170000076293945)
ep_m1_public_data.fid-7cdaa17e_183da8d0a8f_2e53,912344549,Republic of the Marshall Islands,Marshall Islands,Marshall Islands,Eastern Indo-Pacific,Marshall Islands,RT4,Arbar Island,11.17,166.76,7/19/2014,5,RLS,35,9:00:00,,,1,2,Chordata,Actinopterygii,Perciformes,Pomacentridae,Plectroglyphidodon lacrymatus,Plectroglyphidodon lacrymatus,5,3,20.6206,POINT (166.75999450683594 11.170000076293945)
ep_m1_public_data.fid-7cdaa17e_183da8d0a8f_2e54,912344549,Republic of the Marshall Islands,Marshall Islands,Marshall Islands,Eastern Indo-Pacific,Marshall Islands,RT4,Arbar Island,11.17,166.76,7/19/2014,5,RLS,35,9:00:00,,,1,2,Chordata,Actinopterygii,Perciformes,Pomacentridae,Plectroglyphidodon lacrymatus,Plectroglyphidodon lacrymatus,7.5,12,240.0831,POINT (166.75999450683594 11.170000076293945)
ep_m1_public_data.fid-7cdaa17e_183da8d0a8f_2e55,912344549,Republic of the Marshall Islands,Marshall Islands,Marshall Islands,Eastern Indo-Pacific,Marshall Islands,RT4,Arbar Island,11.17,166.76,7/19/2014,5,RLS,35,9:00:00,,,1,2,Chordata,Actinopterygii,Perciformes,Pomacentridae,Pomacentrus vaiuli,Pomacentrus vaiuli,5,3,10.5801,POINT (166.75999450683594 11.170000076293945)
ep_m1_public_data.fid-7cdaa17e_183da8d0a8f_2e56,912344549,Republic of the Marshall Islands,Marshall Islands,Marshall Islands,Eastern Indo-Pacific,Marshall Islands,RT4,Arbar Island,11.17,166.76,7/19/2014,5,RLS,35,9:00:00,,,1,2,Chordata,Actinopterygii,Perciformes,Pomacentridae,Pomacentrus vaiuli,Pomacentrus vaiuli,7.5,7,71.6533,POINT (166.75999450683594 11.170000076293945)
ep_m1_public_data.fid-7cdaa17e_183da8d0a8f_2e57,912344549,Republic of the Marshall Islands,Marshall Islands,Marshall Islands,Eastern Indo-Pacific,Marshall Islands,RT4,Arbar Island,11.17,166.76,7/19/2014,5,RLS,35,9:00:00,,,1,2,Chordata,Actinopterygii,Perciformes,Scaridae,Cetoscarus bicolor,Cetoscarus bicolor,35,1,421.0772,POINT (166.75999450683594 11.170000076293945)
ep_m1_public_data.fid-7cdaa17e_183da8d0a8f_2e58,912344549,Republic of the Marshall Islands,Marshall Islands,Marshall Islands,Eastern Indo-Pacific,Marshall Islands,RT4,Arbar Island,11.17,166.76,7/19/2014,5,RLS,35,9:00:00,,,1,2,Chordata,Actinopterygii,Perciformes,Scaridae,Chlorurus sordidus,Chlorurus sordidus,7.5,20,330.9651,POINT (166.75999450683594 11.170000076293945)
ep_m1_public_data.fid-7cdaa17e_183da8d0a8f_2e59,912344549,Republic of the Marshall Islands,Marshall Islands,Marshall Islands,Eastern Indo-Pacific,Marshall Islands,RT4,Arbar Island,11.17,166.76,7/19/2014,5,RLS,35,9:00:00,,,1,2,Chordata,Actinopterygii,Perciformes,Scaridae,Chlorurus sordidus,Chlorurus sordidus,20,2,557.5913,POINT (166.75999450683594 11.170000076293945)
ep_m1_public_data.fid-7cdaa17e_183da8d0a8f_2e5a,912344549,Republic of the Marshall Islands,Marshall Islands,Marshall Islands,Eastern Indo-Pacific,Marshall Islands,RT4,Arbar Island,11.17,166.76,7/19/2014,5,RLS,35,9:00:00,,,1,2,Chordata,Actinopterygii,Perciformes,Scaridae,Hipposcarus longiceps,Hipposcarus longiceps,50,4,4130.571,POINT (166.75999450683594 11.170000076293945)
ep_m1_public_data.fid-7cdaa17e_183da8d0a8f_2e5b,912344549,Republic of the Marshall Islands,Marshall Islands,Marshall Islands,Eastern Indo-Pacific,Marshall Islands,RT4,Arbar Island,11.17,166.76,7/19/2014,5,RLS,35,9:00:00,,,1,2,Chordata,Actinopterygii,Perciformes,Scaridae,Scarus rubroviolaceus,Scarus rubroviolaceus,50,2,4309.947,POINT (166.75999450683594 11.170000076293945)
ep_m1_public_data.fid-7cdaa17e_183da8d0a8f_2e5c,912344549,Republic of the Marshall Islands,Marshall Islands,Marshall Islands,Eastern Indo-Pacific,Marshall Islands,RT4,Arbar Island,11.17,166.76,7/19/2014,5,RLS,35,9:00:00,,,1,2,Chordata,Actinopterygii,Perciformes,Scaridae,Scarus rubroviolaceus,Scarus rubroviolaceus,62.5,1,4251.884,POINT (166.75999450683594 11.170000076293945)
ep_m1_public_data.fid-7cdaa17e_183da8d0a8f_2e5d,912344549,Republic of the Marshall Islands,Marshall Islands,Marshall Islands,Eastern Indo-Pacific,Marshall Islands,RT4,Arbar Island,11.17,166.76,7/19/2014,5,RLS,35,9:00:00,,,1,2,Chordata,Actinopterygii,Perciformes,Serranidae,Pseudanthias pascalus,Pseudanthias pascalus,5,40,139.0015,POINT (166.75999450683594 11.170000076293945)
ep_m1_public_data.fid-7cdaa17e_183da8d0a8f_2e5e,912344549,Republic of the Marshall Islands,Marshall Islands,Marshall Islands,Eastern Indo-Pacific,Marshall Islands,RT4,Arbar Island,11.17,166.76,7/19/2014,5,RLS,35,9:00:00,,,1,2,Chordata,Actinopterygii,Perciformes,Zanclidae,Zanclus cornutus,Zanclus cornutus,12.5,1,135.1278,POINT (166.75999450683594 11.170000076293945)
ep_m1_public_data.fid-7cdaa17e_183da8d0a8f_2e5f,912344549,Republic of the Marshall Islands,Marshall Islands,Marshall Islands,Eastern Indo-Pacific,Marshall Islands,RT4,Arbar Island,11.17,166.76,7/19/2014,5,RLS,35,9:00:00,,,1,2,Chordata,Actinopterygii,Perciformes,Zanclidae,Zanclus cornutus,Zanclus cornutus,15,2,499.5922,POINT (166.75999450683594 11.170000076293945)
ep_m1_public_data.fid-7cdaa17e_183da8d0a8f_2e60,912344549,Republic of the Marshall Islands,Marshall Islands,Marshall Islands,Eastern Indo-Pacific,Marshall Islands,RT4,Arbar Island,11.17,166.76,7/19/2014,5,RLS,35,9:00:00,,,1,2,Chordata,Actinopterygii,Perciformes,Acanthuridae,Naso lituratus,Naso lituratus,35,2,1064.2013,POINT (166.75999450683594 11.170000076293945)
ep_m1_public_data.fid-7cdaa17e_183da8d0a8f_2e63,912344549,Republic of the Marshall Islands,Marshall Islands,Marshall Islands,Eastern Indo-Pacific,Marshall Islands,RT4,Arbar Island,11.17,166.76,7/19/2014,5,RLS,35,9:00:00,,,1,1,Chordata,Actinopterygii,Perciformes,Acanthuridae,Acanthurus nigricans,Acanthurus nigricans,10,3,92.0592,POINT (166.75999450683594 11.170000076293945)
ep_m1_public_data.fid-7cdaa17e_183da8d0a8f_2e64,912344549,Republic of the Marshall Islands,Marshall Islands,Marshall Islands,Eastern Indo-Pacific,Marshall Islands,RT4,Arbar Island,11.17,166.76,7/19/2014,5,RLS,35,9:00:00,,,1,1,Chordata,Actinopterygii,Perciformes,Pomacanthidae,Pygoplites diacanthus,Pygoplites diacanthus,20,1,393.433,POINT (166.75999450683594 11.170000076293945)
ep_m1_public_data.fid-7cdaa17e_183da8d0a8f_2e65,912344549,Republic of the Marshall Islands,Marshall Islands,Marshall Islands,Eastern Indo-Pacific,Marshall Islands,RT4,Arbar Island,11.17,166.76,7/19/2014,5,RLS,35,9:00:00,,,1,2,Chordata,Actinopterygii,Perciformes,Acanthuridae,Naso lituratus,Naso lituratus,30,3,1121.0796,POINT (166.75999450683594 11.170000076293945)
ep_m1_public_data.fid-7cdaa17e_183da8d0a8f_2e66,912344549,Republic of the Marshall Islands,Marshall Islands,Marshall Islands,Eastern Indo-Pacific,Marshall Islands,RT4,Arbar Island,11.17,166.76,7/19/2014,5,RLS,35,9:00:00,,,1,2,Chordata,Actinopterygii,Perciformes,Labridae,Pseudocheilinus hexataenia,Pseudocheilinus hexataenia,7.5,1,8.5433,POINT (166.75999450683594 11.170000076293945)
ep_m1_public_data.fid-7cdaa17e_183da8d0a8f_2e67,912344549,Republic of the Marshall Islands,Marshall Islands,Marshall Islands,Eastern Indo-Pacific,Marshall Islands,RT4,Arbar Island,11.17,166.76,7/19/2014,5,RLS,35,9:00:00,,,1,2,Chordata,Actinopterygii,Perciformes,Scaridae,Chlorurus sordidus,Chlorurus sordidus,12.5,20,1508.1732,POINT (166.75999450683594 11.170000076293945)
,,,,,,,,,,,,,,,,,,,,,,,,,,13.57876712,914,48045.8271,
