ep_m1_public_data.fid-7cdaa17e_183da97fb76_-15c3,912341173,American Samoa,Tutuila,Samoa Islands,Eastern Indo-Pacific,American Samoa,PAC42,Pago Pago Harbour east,-14.28,-170.67,8/26/2012,5,RLS,6,14:00:00,,,1,1,Chordata,Actinopterygii,Perciformes,Acanthuridae,Acanthurus lineatus,Acanthurus lineatus,25,2,565.3716,POINT (-170.6699981689453 -14.279999732971191)
ep_m1_public_data.fid-7cdaa17e_183da97fb76_-15c2,912341173,American Samoa,Tutuila,Samoa Islands,Eastern Indo-Pacific,American Samoa,PAC42,Pago Pago Harbour east,-14.28,-170.67,8/26/2012,5,RLS,6,14:00:00,,,1,1,Chordata,Actinopterygii,Perciformes,Acanthuridae,Ctenochaetus striatus,Ctenochaetus striatus,12.5,3,186.1952,POINT (-170.6699981689453 -14.279999732971191)
ep_m1_public_data.fid-7cdaa17e_183da97fb76_-15c1,912341173,American Samoa,Tutuila,Samoa Islands,Eastern Indo-Pacific,American Samoa,PAC42,Pago Pago Harbour east,-14.28,-170.67,8/26/2012,5,RLS,6,14:00:00,,,1,1,Chordata,Actinopterygii,Perciformes,Acanthuridae,Ctenochaetus striatus,Ctenochaetus striatus,15,8,867.8995,POINT (-170.6699981689453 -14.279999732971191)
ep_m1_public_data.fid-7cdaa17e_183da97fb76_-15c0,912341173,American Samoa,Tutuila,Samoa Islands,Eastern Indo-Pacific,American Samoa,PAC42,Pago Pago Harbour east,-14.28,-170.67,8/26/2012,5,RLS,6,14:00:00,,,1,1,Chordata,Actinopterygii,Perciformes,Chaetodontidae,Chaetodon citrinellus,Chaetodon citrinellus,10,2,80.7615,POINT (-170.6699981689453 -14.279999732971191)
ep_m1_public_data.fid-7cdaa17e_183da97fb76_-15bf,912341173,American Samoa,Tutuila,Samoa Islands,Eastern Indo-Pacific,American Samoa,PAC42,Pago Pago Harbour east,-14.28,-170.67,8/26/2012,5,RLS,6,14:00:00,,,1,1,Chordata,Actinopterygii,Perciformes,Chaetodontidae,Chaetodon lunula,Chaetodon lunula,12.5,1,102.774,POINT (-170.6699981689453 -14.279999732971191)
ep_m1_public_data.fid-7cdaa17e_183da97fb76_-15be,912341173,American Samoa,Tutuila,Samoa Islands,Eastern Indo-Pacific,American Samoa,PAC42,Pago Pago Harbour east,-14.28,-170.67,8/26/2012,5,RLS,6,14:00:00,,,1,1,Chordata,Actinopterygii,Perciformes,Chaetodontidae,Chaetodon vagabundus,Chaetodon vagabundus,12.5,2,174.4191,POINT (-170.6699981689453 -14.279999732971191)
ep_m1_public_data.fid-7cdaa17e_183da97fb76_-15bd,912341173,American Samoa,Tutuila,Samoa Islands,Eastern Indo-Pacific,American Samoa,PAC42,Pago Pago Harbour east,-14.28,-170.67,8/26/2012,5,RLS,6,14:00:00,,,1,1,Chordata,Actinopterygii,Perciformes,Chaetodontidae,Heniochus chrysostomus,Heniochus chrysostomus,20,1,464.666,POINT (-170.6699981689453 -14.279999732971191)
ep_m1_public_data.fid-7cdaa17e_183da97fb76_-15bc,912341173,American Samoa,Tutuila,Samoa Islands,Eastern Indo-Pacific,American Samoa,PAC42,Pago Pago Harbour east,-14.28,-170.67,8/26/2012,5,RLS,6,14:00:00,,,1,1,Chordata,Actinopterygii,Perciformes,Labridae,Halichoeres marginatus,Halichoeres marginatus,12.5,1,54.8847,POINT (-170.6699981689453 -14.279999732971191)
ep_m1_public_data.fid-7cdaa17e_183da97fb76_-15bb,912341173,American Samoa,Tutuila,Samoa Islands,Eastern Indo-Pacific,American Samoa,PAC42,Pago Pago Harbour east,-14.28,-170.67,8/26/2012,5,RLS,6,14:00:00,,,1,1,Chordata,Actinopterygii,Perciformes,Labridae,Halichoeres prosopeion,Halichoeres prosopeion,15,2,161.8124,POINT (-170.6699981689453 -14.279999732971191)
ep_m1_public_data.fid-7cdaa17e_183da97fb76_-15ba,912341173,American Samoa,Tutuila,Samoa Islands,Eastern Indo-Pacific,American Samoa,PAC42,Pago Pago Harbour east,-14.28,-170.67,8/26/2012,5,RLS,6,14:00:00,,,1,1,Chordata,Actinopterygii,Perciformes,Pomacanthidae,Centropyge flavissima,Centropyge flavissima,7.5,2,45.7197,POINT (-170.6699981689453 -14.279999732971191)
ep_m1_public_data.fid-7cdaa17e_183da97fb76_-15b9,912341173,American Samoa,Tutuila,Samoa Islands,Eastern Indo-Pacific,American Samoa,PAC42,Pago Pago Harbour east,-14.28,-170.67,8/26/2012,5,RLS,6,14:00:00,,,1,1,Chordata,Actinopterygii,Perciformes,Pomacentridae,Pomacentrus vaiuli,Pomacentrus vaiuli,2.5,25,14.2628,POINT (-170.6699981689453 -14.279999732971191)
ep_m1_public_data.fid-7cdaa17e_183da97fb76_-15b8,912341173,American Samoa,Tutuila,Samoa Islands,Eastern Indo-Pacific,American Samoa,PAC42,Pago Pago Harbour east,-14.28,-170.67,8/26/2012,5,RLS,6,14:00:00,,,1,1,Chordata,Actinopterygii,Perciformes,Pomacentridae,Stegastes fasciolatus,Stegastes fasciolatus,5,1,5.6595,POINT (-170.6699981689453 -14.279999732971191)
ep_m1_public_data.fid-7cdaa17e_183da97fb76_-15b7,912341173,American Samoa,Tutuila,Samoa Islands,Eastern Indo-Pacific,American Samoa,PAC42,Pago Pago Harbour east,-14.28,-170.67,8/26/2012,5,RLS,6,14:00:00,,,1,1,Chordata,Actinopterygii,Perciformes,Pomacentridae,Stegastes nigricans,Stegastes nigricans,7.5,14,271.2334,POINT (-170.6699981689453 -14.279999732971191)
ep_m1_public_data.fid-7cdaa17e_183da97fb76_-15b6,912341173,American Samoa,Tutuila,Samoa Islands,Eastern Indo-Pacific,American Samoa,PAC42,Pago Pago Harbour east,-14.28,-170.67,8/26/2012,5,RLS,6,14:00:00,,,1,2,Chordata,Actinopterygii,Perciformes,Acanthuridae,Acanthurus nigricans,Acanthurus nigricans,20,4,1080.5447,POINT (-170.6699981689453 -14.279999732971191)
ep_m1_public_data.fid-7cdaa17e_183da97fb76_-15b5,912341173,American Samoa,Tutuila,Samoa Islands,Eastern Indo-Pacific,American Samoa,PAC42,Pago Pago Harbour east,-14.28,-170.67,8/26/2012,5,RLS,6,14:00:00,,,1,2,Chordata,Actinopterygii,Perciformes,Acanthuridae,Ctenochaetus striatus,Ctenochaetus striatus,20,35,8370.646,POINT (-170.6699981689453 -14.279999732971191)
ep_m1_public_data.fid-7cdaa17e_183da97fb76_-15b4,912341173,American Samoa,Tutuila,Samoa Islands,Eastern Indo-Pacific,American Samoa,PAC42,Pago Pago Harbour east,-14.28,-170.67,8/26/2012,5,RLS,6,14:00:00,,,1,2,Chordata,Actinopterygii,Perciformes,Acanthuridae,Zebrasoma scopas,Zebrasoma scopas,15,6,997.872,POINT (-170.6699981689453 -14.279999732971191)
ep_m1_public_data.fid-7cdaa17e_183da97fb76_-15b3,912341173,American Samoa,Tutuila,Samoa Islands,Eastern Indo-Pacific,American Samoa,PAC42,Pago Pago Harbour east,-14.28,-170.67,8/26/2012,5,RLS,6,14:00:00,,,1,2,Chordata,Actinopterygii,Perciformes,Chaetodontidae,Chaetodon lunula,Chaetodon lunula,10,1,52.8085,POINT (-170.6699981689453 -14.279999732971191)
ep_m1_public_data.fid-7cdaa17e_183da97fb76_-15b2,912341173,American Samoa,Tutuila,Samoa Islands,Eastern Indo-Pacific,American Samoa,PAC42,Pago Pago Harbour east,-14.28,-170.67,8/26/2012,5,RLS,6,14:00:00,,,1,2,Chordata,Actinopterygii,Perciformes,Chaetodontidae,Chaetodon trifascialis,Chaetodon trifascialis,12.5,1,82.0173,POINT (-170.6699981689453 -14.279999732971191)
ep_m1_public_data.fid-7cdaa17e_183da97fb76_-15b1,912341173,American Samoa,Tutuila,Samoa Islands,Eastern Indo-Pacific,American Samoa,PAC42,Pago Pago Harbour east,-14.28,-170.67,8/26/2012,5,RLS,6,14:00:00,,,1,2,Chordata,Actinopterygii,Perciformes,Chaetodontidae,Chaetodon vagabundus,Chaetodon vagabundus,12.5,4,348.8383,POINT (-170.6699981689453 -14.279999732971191)
ep_m1_public_data.fid-7cdaa17e_183da97fb76_-15b0,912341173,American Samoa,Tutuila,Samoa Islands,Eastern Indo-Pacific,American Samoa,PAC42,Pago Pago Harbour east,-14.28,-170.67,8/26/2012,5,RLS,6,14:00:00,,,1,2,Chordata,Actinopterygii,Perciformes,Labridae,Halichoeres hortulanus,Halichoeres hortulanus,12.5,2,95.5258,POINT (-170.6699981689453 -14.279999732971191)
ep_m1_public_data.fid-7cdaa17e_183da97fb76_-15af,912341173,American Samoa,Tutuila,Samoa Islands,Eastern Indo-Pacific,American Samoa,PAC42,Pago Pago Harbour east,-14.28,-170.67,8/26/2012,5,RLS,6,14:00:00,,,1,2,Chordata,Actinopterygii,Perciformes,Labridae,Halichoeres prosopeion,Halichoeres prosopeion,12.5,2,91.4314,POINT (-170.6699981689453 -14.279999732971191)
ep_m1_public_data.fid-7cdaa17e_183da97fb76_-15ae,912341173,American Samoa,Tutuila,Samoa Islands,Eastern Indo-Pacific,American Samoa,PAC42,Pago Pago Harbour east,-14.28,-170.67,8/26/2012,5,RLS,6,14:00:00,,,1,2,Chordata,Actinopterygii,Perciformes,Labridae,Labroides dimidiatus,Labroides dimidiatus,10,1,18.1003,POINT (-170.6699981689453 -14.279999732971191)
ep_m1_public_data.fid-7cdaa17e_183da97fb76_-15ad,912341173,American Samoa,Tutuila,Samoa Islands,Eastern Indo-Pacific,American Samoa,PAC42,Pago Pago Harbour east,-14.28,-170.67,8/26/2012,5,RLS,6,14:00:00,,,1,2,Chordata,Actinopterygii,Perciformes,Pomacentridae,Plectroglyphidodon dickii,Plectroglyphidodon dickii,7.5,6,120.0416,POINT (-170.6699981689453 -14.279999732971191)
ep_m1_public_data.fid-7cdaa17e_183da97fb76_-15ac,912341173,American Samoa,Tutuila,Samoa Islands,Eastern Indo-Pacific,American Samoa,PAC42,Pago Pago Harbour east,-14.28,-170.67,8/26/2012,5,RLS,6,14:00:00,,,1,2,Chordata,Actinopterygii,Perciformes,Pomacentridae,Plectroglyphidodon dickii,Plectroglyphidodon dickii,10,3,128.09,POINT (-170.6699981689453 -14.279999732971191)
ep_m1_public_data.fid-7cdaa17e_183da97fb76_-15ab,912341173,American Samoa,Tutuila,Samoa Islands,Eastern Indo-Pacific,American Samoa,PAC42,Pago Pago Harbour east,-14.28,-170.67,8/26/2012,5,RLS,6,14:00:00,,,1,2,Chordata,Actinopterygii,Perciformes,Scaridae,Chlorurus sordidus,Chlorurus sordidus,20,1,278.7957,POINT (-170.6699981689453 -14.279999732971191)
ep_m1_public_data.fid-7cdaa17e_183da97fb76_-15aa,912341173,American Samoa,Tutuila,Samoa Islands,Eastern Indo-Pacific,American Samoa,PAC42,Pago Pago Harbour east,-14.28,-170.67,8/26/2012,5,RLS,6,14:00:00,,,1,2,Chordata,Actinopterygii,Perciformes,Zanclidae,Zanclus cornutus,Zanclus cornutus,25,4,3821.128,POINT (-170.6699981689453 -14.279999732971191)
ep_m1_public_data.fid-7cdaa17e_183da97fb76_-15a9,912341173,American Samoa,Tutuila,Samoa Islands,Eastern Indo-Pacific,American Samoa,PAC42,Pago Pago Harbour east,-14.28,-170.67,8/26/2012,5,RLS,6,14:00:00,,,1,2,Chordata,Actinopterygii,Tetraodontiformes,Balistidae,Balistapus undulatus,Balistapus undulatus,20,1,239.803,POINT (-170.6699981689453 -14.279999732971191)
ep_m1_public_data.fid-7cdaa17e_183da97fb76_-156a,912341173,American Samoa,Tutuila,Samoa Islands,Eastern Indo-Pacific,American Samoa,PAC42,Pago Pago Harbour east,-14.28,-170.67,8/26/2012,5,RLS,6,14:00:00,,,1,1,Chordata,Actinopterygii,Perciformes,Labridae,Bodianus axillaris,Bodianus axillaris,15,2,259.9663,POINT (-170.6699981689453 -14.279999732971191)
ep_m1_public_data.fid-7cdaa17e_183da97fb76_-1569,912341173,American Samoa,Tutuila,Samoa Islands,Eastern Indo-Pacific,American Samoa,PAC42,Pago Pago Harbour east,-14.28,-170.67,8/26/2012,5,RLS,6,14:00:00,,,1,1,Chordata,Actinopterygii,Perciformes,Mullidae,Parupeneus multifasciatus,Parupeneus multifasciatus,12.5,2,59.4108,POINT (-170.6699981689453 -14.279999732971191)
ep_m1_public_data.fid-7cdaa17e_183da97fb76_-1568,912341173,American Samoa,Tutuila,Samoa Islands,Eastern Indo-Pacific,American Samoa,PAC42,Pago Pago Harbour east,-14.28,-170.67,8/26/2012,5,RLS,6,14:00:00,,,1,1,Chordata,Actinopterygii,Perciformes,Mullidae,Parupeneus multifasciatus,Parupeneus multifasciatus,20,1,122.1762,POINT (-170.6699981689453 -14.279999732971191)
ep_m1_public_data.fid-7cdaa17e_183da97fb76_-1567,912341173,American Samoa,Tutuila,Samoa Islands,Eastern Indo-Pacific,American Samoa,PAC42,Pago Pago Harbour east,-14.28,-170.67,8/26/2012,5,RLS,6,14:00:00,,,1,2,Chordata,Actinopterygii,Perciformes,Acanthuridae,Acanthurus lineatus,Acanthurus lineatus,25,8,2261.4866,POINT (-170.6699981689453 -14.279999732971191)
ep_m1_public_data.fid-7cdaa17e_183da97fb76_-1566,912341173,American Samoa,Tutuila,Samoa Islands,Eastern Indo-Pacific,American Samoa,PAC42,Pago Pago Harbour east,-14.28,-170.67,8/26/2012,5,RLS,6,14:00:00,,,1,2,Chordata,Actinopterygii,Perciformes,Labridae,Labroides bicolor,Labroides bicolor,10,1,18.1003,POINT (-170.6699981689453 -14.279999732971191)
ep_m1_public_data.fid-7cdaa17e_183da97fb76_-1565,912341173,American Samoa,Tutuila,Samoa Islands,Eastern Indo-Pacific,American Samoa,PAC42,Pago Pago Harbour east,-14.28,-170.67,8/26/2012,5,RLS,6,14:00:00,,,1,2,Chordata,Actinopterygii,Perciformes,Mullidae,Parupeneus multifasciatus,Parupeneus multifasciatus,15,1,53.3441,POINT (-170.6699981689453 -14.279999732971191)
ep_m1_public_data.fid-7cdaa17e_183da97fb76_-1564,912341173,American Samoa,Tutuila,Samoa Islands,Eastern Indo-Pacific,American Samoa,PAC42,Pago Pago Harbour east,-14.28,-170.67,8/26/2012,5,RLS,6,14:00:00,,,1,2,Chordata,Actinopterygii,Perciformes,Pomacentridae,Chromis iomelas,Chromis iomelas,5,2,5.8042,POINT (-170.6699981689453 -14.279999732971191)
ep_m1_public_data.fid-7cdaa17e_183da97fb76_-1563,912341173,American Samoa,Tutuila,Samoa Islands,Eastern Indo-Pacific,American Samoa,PAC42,Pago Pago Harbour east,-14.28,-170.67,8/26/2012,5,RLS,6,14:00:00,,,1,2,Chordata,Actinopterygii,Perciformes,Pomacentridae,Plectroglyphidodon lacrymatus,Plectroglyphidodon lacrymatus,5,2,13.7471,POINT (-170.6699981689453 -14.279999732971191)
ep_m1_public_data.fid-7cdaa17e_183da97fb76_-1562,912341173,American Samoa,Tutuila,Samoa Islands,Eastern Indo-Pacific,American Samoa,PAC42,Pago Pago Harbour east,-14.28,-170.67,8/26/2012,5,RLS,6,14:00:00,,,1,2,Chordata,Actinopterygii,Perciformes,Pomacentridae,Stegastes nigricans,Stegastes nigricans,5,85,471.212,POINT (-170.6699981689453 -14.279999732971191)
ep_m1_public_data.fid-7cdaa17e_183da97fb76_-1561,912341173,American Samoa,Tutuila,Samoa Islands,Eastern Indo-Pacific,American Samoa,PAC42,Pago Pago Harbour east,-14.28,-170.67,8/26/2012,5,RLS,6,14:00:00,,,1,2,Chordata,Actinopterygii,Tetraodontiformes,Monacanthidae,Cantherhines pardalis,Cantherhines pardalis,20,1,268.0598,POINT (-170.6699981689453 -14.279999732971191)
ep_m1_public_data.fid-7cdaa17e_183da97fb76_-153d,912341173,American Samoa,Tutuila,Samoa Islands,Eastern Indo-Pacific,American Samoa,PAC42,Pago Pago Harbour east,-14.28,-170.67,8/26/2012,5,RLS,6,14:00:00,,,1,1,Chordata,Actinopterygii,Perciformes,Pomacentridae,Abudefduf sexfasciatus,Abudefduf sexfasciatus,15,6,735.6168,POINT (-170.6699981689453 -14.279999732971191)
ep_m1_public_data.fid-7cdaa17e_183da97fb76_-1533,912341173,American Samoa,Tutuila,Samoa Islands,Eastern Indo-Pacific,American Samoa,PAC42,Pago Pago Harbour east,-14.28,-170.67,8/26/2012,5,RLS,6,14:00:00,,,1,1,Chordata,Actinopterygii,Perciformes,Pomacanthidae,Centropyge bicolor,Centropyge bicolor,12.5,4,381.2415,POINT (-170.6699981689453 -14.279999732971191)
ep_m1_public_data.fid-7cdaa17e_183da97fb76_-1532,912341173,American Samoa,Tutuila,Samoa Islands,Eastern Indo-Pacific,American Samoa,PAC42,Pago Pago Harbour east,-14.28,-170.67,8/26/2012,5,RLS,6,14:00:00,,,1,1,Chordata,Actinopterygii,Perciformes,Pomacentridae,Pomacentrus vaiuli,Pomacentrus vaiuli,5,8,28.2137,POINT (-170.6699981689453 -14.279999732971191)
ep_m1_public_data.fid-7cdaa17e_183da97fb76_-1531,912341173,American Samoa,Tutuila,Samoa Islands,Eastern Indo-Pacific,American Samoa,PAC42,Pago Pago Harbour east,-14.28,-170.67,8/26/2012,5,RLS,6,14:00:00,,,1,1,Chordata,Actinopterygii,Perciformes,Zanclidae,Zanclus cornutus,Zanclus cornutus,25,2,1910.564,POINT (-170.6699981689453 -14.279999732971191)
ep_m1_public_data.fid-7cdaa17e_183da97fb76_-1530,912341173,American Samoa,Tutuila,Samoa Islands,Eastern Indo-Pacific,American Samoa,PAC42,Pago Pago Harbour east,-14.28,-170.67,8/26/2012,5,RLS,6,14:00:00,,,1,2,Chordata,Actinopterygii,Perciformes,Acanthuridae,Ctenochaetus striatus,Ctenochaetus striatus,12.5,8,496.5206,POINT (-170.6699981689453 -14.279999732971191)
ep_m1_public_data.fid-7cdaa17e_183da97fb76_-152f,912341173,American Samoa,Tutuila,Samoa Islands,Eastern Indo-Pacific,American Samoa,PAC42,Pago Pago Harbour east,-14.28,-170.67,8/26/2012,5,RLS,6,14:00:00,,,1,2,Chordata,Actinopterygii,Perciformes,Labridae,Thalassoma hardwicke,Thalassoma hardwicke,15,1,61.0329,POINT (-170.6699981689453 -14.279999732971191)
ep_m1_public_data.fid-7cdaa17e_183da97fb76_-152e,912341173,American Samoa,Tutuila,Samoa Islands,Eastern Indo-Pacific,American Samoa,PAC42,Pago Pago Harbour east,-14.28,-170.67,8/26/2012,5,RLS,6,14:00:00,,,1,2,Chordata,Actinopterygii,Perciformes,Scaridae,Chlorurus sordidus,Chlorurus sordidus,12.5,4,301.6346,POINT (-170.6699981689453 -14.279999732971191)
ep_m1_public_data.fid-7cdaa17e_183da97fb76_-1521,912341173,American Samoa,Tutuila,Samoa Islands,Eastern Indo-Pacific,American Samoa,PAC42,Pago Pago Harbour east,-14.28,-170.67,8/26/2012,5,RLS,6,14:00:00,,,1,2,Chordata,Actinopterygii,Perciformes,Chaetodontidae,Chaetodon unimaculatus,Chaetodon unimaculatus,12.5,2,228.8884,POINT (-170.6699981689453 -14.279999732971191)
ep_m1_public_data.fid-7cdaa17e_183da97fb76_-1520,912341173,American Samoa,Tutuila,Samoa Islands,Eastern Indo-Pacific,American Samoa,PAC42,Pago Pago Harbour east,-14.28,-170.67,8/26/2012,5,RLS,6,14:00:00,,,1,2,Chordata,Actinopterygii,Perciformes,Labridae,Halichoeres hortulanus,Halichoeres hortulanus,15,2,167.0059,POINT (-170.6699981689453 -14.279999732971191)
ep_m1_public_data.fid-7cdaa17e_183da97fb76_-151f,912341173,American Samoa,Tutuila,Samoa Islands,Eastern Indo-Pacific,American Samoa,PAC42,Pago Pago Harbour east,-14.28,-170.67,8/26/2012,5,RLS,6,14:00:00,,,1,2,Chordata,Actinopterygii,Perciformes,Labridae,Halichoeres hortulanus,Halichoeres hortulanus,20,1,184.1304,POINT (-170.6699981689453 -14.279999732971191)
ep_m1_public_data.fid-7cdaa17e_183da97fb76_-151e,912341173,American Samoa,Tutuila,Samoa Islands,Eastern Indo-Pacific,American Samoa,PAC42,Pago Pago Harbour east,-14.28,-170.67,8/26/2012,5,RLS,6,14:00:00,,,1,2,Chordata,Actinopterygii,Perciformes,Labridae,Halichoeres prosopeion,Halichoeres prosopeion,7.5,2,18.4708,POINT (-170.6699981689453 -14.279999732971191)
ep_m1_public_data.fid-7cdaa17e_183da97fb76_-151d,912341173,American Samoa,Tutuila,Samoa Islands,Eastern Indo-Pacific,American Samoa,PAC42,Pago Pago Harbour east,-14.28,-170.67,8/26/2012,5,RLS,6,14:00:00,,,1,2,Chordata,Actinopterygii,Perciformes,Labridae,Thalassoma hardwicke,Thalassoma hardwicke,10,1,18.2459,POINT (-170.6699981689453 -14.279999732971191)
ep_m1_public_data.fid-7cdaa17e_183da97fb76_-151c,912341173,American Samoa,Tutuila,Samoa Islands,Eastern Indo-Pacific,American Samoa,PAC42,Pago Pago Harbour east,-14.28,-170.67,8/26/2012,5,RLS,6,14:00:00,,,1,2,Chordata,Actinopterygii,Perciformes,Mullidae,Parupeneus insularis,Parupeneus insularis,25,1,191.4906,POINT (-170.6699981689453 -14.279999732971191)
ep_m1_public_data.fid-7cdaa17e_183da97fb76_-151b,912341173,American Samoa,Tutuila,Samoa Islands,Eastern Indo-Pacific,American Samoa,PAC42,Pago Pago Harbour east,-14.28,-170.67,8/26/2012,5,RLS,6,14:00:00,,,1,2,Chordata,Actinopterygii,Perciformes,Mullidae,Parupeneus multifasciatus,Parupeneus multifasciatus,10,1,14.5097,POINT (-170.6699981689453 -14.279999732971191)
ep_m1_public_data.fid-7cdaa17e_183da97fb76_-151a,912341173,American Samoa,Tutuila,Samoa Islands,Eastern Indo-Pacific,American Samoa,PAC42,Pago Pago Harbour east,-14.28,-170.67,8/26/2012,5,RLS,6,14:00:00,,,1,2,Chordata,Actinopterygii,Perciformes,Mullidae,Parupeneus multifasciatus,Parupeneus multifasciatus,12.5,1,29.7054,POINT (-170.6699981689453 -14.279999732971191)
ep_m1_public_data.fid-7cdaa17e_183da97fb76_-1519,912341173,American Samoa,Tutuila,Samoa Islands,Eastern Indo-Pacific,American Samoa,PAC42,Pago Pago Harbour east,-14.28,-170.67,8/26/2012,5,RLS,6,14:00:00,,,1,2,Chordata,Actinopterygii,Perciformes,Pomacanthidae,Centropyge bicolor,Centropyge bicolor,12.5,4,381.2415,POINT (-170.6699981689453 -14.279999732971191)
ep_m1_public_data.fid-7cdaa17e_183da97fb76_-1518,912341173,American Samoa,Tutuila,Samoa Islands,Eastern Indo-Pacific,American Samoa,PAC42,Pago Pago Harbour east,-14.28,-170.67,8/26/2012,5,RLS,6,14:00:00,,,1,2,Chordata,Actinopterygii,Perciformes,Pomacanthidae,Centropyge flavissima,Centropyge flavissima,7.5,2,45.7197,POINT (-170.6699981689453 -14.279999732971191)
ep_m1_public_data.fid-7cdaa17e_183da97fb76_-1517,912341173,American Samoa,Tutuila,Samoa Islands,Eastern Indo-Pacific,American Samoa,PAC42,Pago Pago Harbour east,-14.28,-170.67,8/26/2012,5,RLS,6,14:00:00,,,1,2,Chordata,Actinopterygii,Perciformes,Pomacentridae,Abudefduf sexfasciatus,Abudefduf sexfasciatus,15,3,367.8084,POINT (-170.6699981689453 -14.279999732971191)
ep_m1_public_data.fid-7cdaa17e_183da97fb76_-1516,912341173,American Samoa,Tutuila,Samoa Islands,Eastern Indo-Pacific,American Samoa,PAC42,Pago Pago Harbour east,-14.28,-170.67,8/26/2012,5,RLS,6,14:00:00,,,1,2,Chordata,Actinopterygii,Perciformes,Pomacentridae,Chromis iomelas,Chromis iomelas,2.5,1,0.3845,POINT (-170.6699981689453 -14.279999732971191)
ep_m1_public_data.fid-7cdaa17e_183da97fb76_-1515,912341173,American Samoa,Tutuila,Samoa Islands,Eastern Indo-Pacific,American Samoa,PAC42,Pago Pago Harbour east,-14.28,-170.67,8/26/2012,5,RLS,6,14:00:00,,,1,2,Chordata,Actinopterygii,Perciformes,Pomacentridae,Chrysiptera taupou,Chrysiptera taupou,2.5,165,86.7214,POINT (-170.6699981689453 -14.279999732971191)
ep_m1_public_data.fid-7cdaa17e_183da97fb76_-1514,912341173,American Samoa,Tutuila,Samoa Islands,Eastern Indo-Pacific,American Samoa,PAC42,Pago Pago Harbour east,-14.28,-170.67,8/26/2012,5,RLS,6,14:00:00,,,1,2,Chordata,Actinopterygii,Perciformes,Pomacentridae,Pomacentrus vaiuli,Pomacentrus vaiuli,2.5,35,19.9679,POINT (-170.6699981689453 -14.279999732971191)
ep_m1_public_data.fid-7cdaa17e_183da97fb76_-1513,912341173,American Samoa,Tutuila,Samoa Islands,Eastern Indo-Pacific,American Samoa,PAC42,Pago Pago Harbour east,-14.28,-170.67,8/26/2012,5,RLS,6,14:00:00,,,1,2,Chordata,Actinopterygii,Perciformes,Pomacentridae,Pomacentrus vaiuli,Pomacentrus vaiuli,5,2,7.0534,POINT (-170.6699981689453 -14.279999732971191)
ep_m1_public_data.fid-7cdaa17e_183da97fb76_-1512,912341173,American Samoa,Tutuila,Samoa Islands,Eastern Indo-Pacific,American Samoa,PAC42,Pago Pago Harbour east,-14.28,-170.67,8/26/2012,5,RLS,6,14:00:00,,,1,2,Chordata,Actinopterygii,Perciformes,Pomacentridae,Stegastes fasciolatus,Stegastes fasciolatus,5,1,5.6595,POINT (-170.6699981689453 -14.279999732971191)
ep_m1_public_data.fid-7cdaa17e_183da97fb76_-1511,912341173,American Samoa,Tutuila,Samoa Islands,Eastern Indo-Pacific,American Samoa,PAC42,Pago Pago Harbour east,-14.28,-170.67,8/26/2012,5,RLS,6,14:00:00,,,1,2,Chordata,Actinopterygii,Perciformes,Pomacentridae,Stegastes nigricans,Stegastes nigricans,7.5,14,271.2334,POINT (-170.6699981689453 -14.279999732971191)
ep_m1_public_data.fid-7cdaa17e_183da97fb76_-1510,912341173,American Samoa,Tutuila,Samoa Islands,Eastern Indo-Pacific,American Samoa,PAC42,Pago Pago Harbour east,-14.28,-170.67,8/26/2012,5,RLS,6,14:00:00,,,1,2,Chordata,Actinopterygii,Perciformes,Scaridae,Calotomus carolinus,Calotomus carolinus,35,1,927.6519,POINT (-170.6699981689453 -14.279999732971191)
ep_m1_public_data.fid-7cdaa17e_183da97fb76_-150f,912341173,American Samoa,Tutuila,Samoa Islands,Eastern Indo-Pacific,American Samoa,PAC42,Pago Pago Harbour east,-14.28,-170.67,8/26/2012,5,RLS,6,14:00:00,,,1,2,Chordata,Actinopterygii,Perciformes,Scaridae,Chlorurus sordidus,Chlorurus sordidus,10,2,77.7545,POINT (-170.6699981689453 -14.279999732971191)
ep_m1_public_data.fid-7cdaa17e_183da97fb76_-148f,912341173,American Samoa,Tutuila,Samoa Islands,Eastern Indo-Pacific,American Samoa,PAC42,Pago Pago Harbour east,-14.28,-170.67,8/26/2012,5,RLS,6,14:00:00,,,1,1,Chordata,Actinopterygii,Perciformes,Acanthuridae,Acanthurus pyroferus,Acanthurus pyroferus,15,1,98.1065,POINT (-170.6699981689453 -14.279999732971191)
ep_m1_public_data.fid-7cdaa17e_183da97fb76_-148e,912341173,American Samoa,Tutuila,Samoa Islands,Eastern Indo-Pacific,American Samoa,PAC42,Pago Pago Harbour east,-14.28,-170.67,8/26/2012,5,RLS,6,14:00:00,,,1,1,Chordata,Actinopterygii,Perciformes,Acanthuridae,Ctenochaetus striatus,Ctenochaetus striatus,20,12,2869.936,POINT (-170.6699981689453 -14.279999732971191)
ep_m1_public_data.fid-7cdaa17e_183da97fb76_-148d,912341173,American Samoa,Tutuila,Samoa Islands,Eastern Indo-Pacific,American Samoa,PAC42,Pago Pago Harbour east,-14.28,-170.67,8/26/2012,5,RLS,6,14:00:00,,,1,1,Chordata,Actinopterygii,Perciformes,Acanthuridae,Ctenochaetus striatus,Ctenochaetus striatus,25,1,367.1611,POINT (-170.6699981689453 -14.279999732971191)
ep_m1_public_data.fid-7cdaa17e_183da97fb76_-148c,912341173,American Samoa,Tutuila,Samoa Islands,Eastern Indo-Pacific,American Samoa,PAC42,Pago Pago Harbour east,-14.28,-170.67,8/26/2012,5,RLS,6,14:00:00,,,1,1,Chordata,Actinopterygii,Perciformes,Chaetodontidae,Forcipiger flavissimus,Forcipiger flavissimus,15,2,131.3084,POINT (-170.6699981689453 -14.279999732971191)
ep_m1_public_data.fid-7cdaa17e_183da97fb76_-148b,912341173,American Samoa,Tutuila,Samoa Islands,Eastern Indo-Pacific,American Samoa,PAC42,Pago Pago Harbour east,-14.28,-170.67,8/26/2012,5,RLS,6,14:00:00,,,1,1,Chordata,Actinopterygii,Perciformes,Chaetodontidae,Heniochus acuminatus,Heniochus acuminatus,20,1,415.3802,POINT (-170.6699981689453 -14.279999732971191)
ep_m1_public_data.fid-7cdaa17e_183da97fb76_-148a,912341173,American Samoa,Tutuila,Samoa Islands,Eastern Indo-Pacific,American Samoa,PAC42,Pago Pago Harbour east,-14.28,-170.67,8/26/2012,5,RLS,6,14:00:00,,,1,1,Chordata,Actinopterygii,Perciformes,Labridae,Halichoeres hortulanus,Halichoeres hortulanus,12.5,1,47.7629,POINT (-170.6699981689453 -14.279999732971191)
ep_m1_public_data.fid-7cdaa17e_183da97fb76_-1489,912341173,American Samoa,Tutuila,Samoa Islands,Eastern Indo-Pacific,American Samoa,PAC42,Pago Pago Harbour east,-14.28,-170.67,8/26/2012,5,RLS,6,14:00:00,,,1,1,Chordata,Actinopterygii,Perciformes,Labridae,Halichoeres hortulanus,Halichoeres hortulanus,15,2,167.0059,POINT (-170.6699981689453 -14.279999732971191)
ep_m1_public_data.fid-7cdaa17e_183da97fb76_-1488,912341173,American Samoa,Tutuila,Samoa Islands,Eastern Indo-Pacific,American Samoa,PAC42,Pago Pago Harbour east,-14.28,-170.67,8/26/2012,5,RLS,6,14:00:00,,,1,1,Chordata,Actinopterygii,Perciformes,Labridae,Halichoeres hortulanus,Halichoeres hortulanus,20,1,184.1304,POINT (-170.6699981689453 -14.279999732971191)
ep_m1_public_data.fid-7cdaa17e_183da97fb76_-1487,912341173,American Samoa,Tutuila,Samoa Islands,Eastern Indo-Pacific,American Samoa,PAC42,Pago Pago Harbour east,-14.28,-170.67,8/26/2012,5,RLS,6,14:00:00,,,1,1,Chordata,Actinopterygii,Perciformes,Labridae,Halichoeres marginatus,Halichoeres marginatus,15,2,204.5532,POINT (-170.6699981689453 -14.279999732971191)
ep_m1_public_data.fid-7cdaa17e_183da97fb76_-1486,912341173,American Samoa,Tutuila,Samoa Islands,Eastern Indo-Pacific,American Samoa,PAC42,Pago Pago Harbour east,-14.28,-170.67,8/26/2012,5,RLS,6,14:00:00,,,1,1,Chordata,Actinopterygii,Perciformes,Labridae,Halichoeres prosopeion,Halichoeres prosopeion,10,2,45.4643,POINT (-170.6699981689453 -14.279999732971191)
ep_m1_public_data.fid-7cdaa17e_183da97fb76_-1485,912341173,American Samoa,Tutuila,Samoa Islands,Eastern Indo-Pacific,American Samoa,PAC42,Pago Pago Harbour east,-14.28,-170.67,8/26/2012,5,RLS,6,14:00:00,,,1,1,Chordata,Actinopterygii,Perciformes,Labridae,Halichoeres prosopeion,Halichoeres prosopeion,12.5,1,45.7157,POINT (-170.6699981689453 -14.279999732971191)
ep_m1_public_data.fid-7cdaa17e_183da97fb76_-1484,912341173,American Samoa,Tutuila,Samoa Islands,Eastern Indo-Pacific,American Samoa,PAC42,Pago Pago Harbour east,-14.28,-170.67,8/26/2012,5,RLS,6,14:00:00,,,1,1,Chordata,Actinopterygii,Perciformes,Mullidae,Parupeneus multifasciatus,Parupeneus multifasciatus,15,1,53.3441,POINT (-170.6699981689453 -14.279999732971191)
ep_m1_public_data.fid-7cdaa17e_183da97fb76_-1483,912341173,American Samoa,Tutuila,Samoa Islands,Eastern Indo-Pacific,American Samoa,PAC42,Pago Pago Harbour east,-14.28,-170.67,8/26/2012,5,RLS,6,14:00:00,,,1,1,Chordata,Actinopterygii,Perciformes,Pomacentridae,Chrysiptera taupou,Chrysiptera taupou,2.5,45,23.6513,POINT (-170.6699981689453 -14.279999732971191)
ep_m1_public_data.fid-7cdaa17e_183da97fb76_-1482,912341173,American Samoa,Tutuila,Samoa Islands,Eastern Indo-Pacific,American Samoa,PAC42,Pago Pago Harbour east,-14.28,-170.67,8/26/2012,5,RLS,6,14:00:00,,,1,1,Chordata,Actinopterygii,Perciformes,Pomacentridae,Stegastes nigricans,Stegastes nigricans,5,15,83.1551,POINT (-170.6699981689453 -14.279999732971191)
ep_m1_public_data.fid-7cdaa17e_183da97fb76_-1481,912341173,American Samoa,Tutuila,Samoa Islands,Eastern Indo-Pacific,American Samoa,PAC42,Pago Pago Harbour east,-14.28,-170.67,8/26/2012,5,RLS,6,14:00:00,,,1,1,Chordata,Actinopterygii,Perciformes,Scaridae,Chlorurus sordidus,Chlorurus sordidus,10,2,77.7545,POINT (-170.6699981689453 -14.279999732971191)
ep_m1_public_data.fid-7cdaa17e_183da97fb76_-1480,912341173,American Samoa,Tutuila,Samoa Islands,Eastern Indo-Pacific,American Samoa,PAC42,Pago Pago Harbour east,-14.28,-170.67,8/26/2012,5,RLS,6,14:00:00,,,1,1,Chordata,Actinopterygii,Perciformes,Scaridae,Chlorurus sordidus,Chlorurus sordidus,20,1,278.7957,POINT (-170.6699981689453 -14.279999732971191)
ep_m1_public_data.fid-7cdaa17e_183da97fb76_-147f,912341173,American Samoa,Tutuila,Samoa Islands,Eastern Indo-Pacific,American Samoa,PAC42,Pago Pago Harbour east,-14.28,-170.67,8/26/2012,5,RLS,6,14:00:00,,,1,1,Chordata,Actinopterygii,Tetraodontiformes,Balistidae,Balistapus undulatus,Balistapus undulatus,20,1,239.803,POINT (-170.6699981689453 -14.279999732971191)
ep_m1_public_data.fid-7cdaa17e_183da97fb76_-147e,912341173,American Samoa,Tutuila,Samoa Islands,Eastern Indo-Pacific,American Samoa,PAC42,Pago Pago Harbour east,-14.28,-170.67,8/26/2012,5,RLS,6,14:00:00,,,1,2,Chordata,Actinopterygii,Perciformes,Acanthuridae,Acanthurus nigricans,Acanthurus nigricans,25,2,854.7633,POINT (-170.6699981689453 -14.279999732971191)
ep_m1_public_data.fid-7cdaa17e_183da97fb76_-147d,912341173,American Samoa,Tutuila,Samoa Islands,Eastern Indo-Pacific,American Samoa,PAC42,Pago Pago Harbour east,-14.28,-170.67,8/26/2012,5,RLS,6,14:00:00,,,1,2,Chordata,Actinopterygii,Perciformes,Acanthuridae,Acanthurus nigrofuscus,Acanthurus nigrofuscus,10,4,122.7456,POINT (-170.6699981689453 -14.279999732971191)
ep_m1_public_data.fid-7cdaa17e_183da97fb76_-147c,912341173,American Samoa,Tutuila,Samoa Islands,Eastern Indo-Pacific,American Samoa,PAC42,Pago Pago Harbour east,-14.28,-170.67,8/26/2012,5,RLS,6,14:00:00,,,1,2,Chordata,Actinopterygii,Perciformes,Acanthuridae,Ctenochaetus striatus,Ctenochaetus striatus,15,25,2712.186,POINT (-170.6699981689453 -14.279999732971191)
ep_m1_public_data.fid-7cdaa17e_183da97fb76_-147b,912341173,American Samoa,Tutuila,Samoa Islands,Eastern Indo-Pacific,American Samoa,PAC42,Pago Pago Harbour east,-14.28,-170.67,8/26/2012,5,RLS,6,14:00:00,,,1,2,Chordata,Actinopterygii,Perciformes,Acanthuridae,Ctenochaetus striatus,Ctenochaetus striatus,25,2,734.3222,POINT (-170.6699981689453 -14.279999732971191)
ep_m1_public_data.fid-7cdaa17e_183da97fb76_-147a,912341173,American Samoa,Tutuila,Samoa Islands,Eastern Indo-Pacific,American Samoa,PAC42,Pago Pago Harbour east,-14.28,-170.67,8/26/2012,5,RLS,6,14:00:00,,,1,2,Chordata,Actinopterygii,Perciformes,Chaetodontidae,Chaetodon lunula,Chaetodon lunula,12.5,2,205.5481,POINT (-170.6699981689453 -14.279999732971191)
ep_m1_public_data.fid-7cdaa17e_183da97fb76_-1479,912341173,American Samoa,Tutuila,Samoa Islands,Eastern Indo-Pacific,American Samoa,PAC42,Pago Pago Harbour east,-14.28,-170.67,8/26/2012,5,RLS,6,14:00:00,,,1,2,Chordata,Actinopterygii,Perciformes,Chaetodontidae,Chaetodon ornatissimus,Chaetodon ornatissimus,20,2,764.9749,POINT (-170.6699981689453 -14.279999732971191)
ep_m1_public_data.fid-7cdaa17e_183da97fb76_-1478,912341173,American Samoa,Tutuila,Samoa Islands,Eastern Indo-Pacific,American Samoa,PAC42,Pago Pago Harbour east,-14.28,-170.67,8/26/2012,5,RLS,6,14:00:00,,,1,2,Chordata,Actinopterygii,Perciformes,Chaetodontidae,Chaetodon reticulatus,Chaetodon reticulatus,15,2,354.1525,POINT (-170.6699981689453 -14.279999732971191)
ep_m1_public_data.fid-7cdaa17e_183da97fb76_-1476,912341173,American Samoa,Tutuila,Samoa Islands,Eastern Indo-Pacific,American Samoa,PAC42,Pago Pago Harbour east,-14.28,-170.67,8/26/2012,5,RLS,6,14:00:00,,,1,2,Chordata,Actinopterygii,Perciformes,Pomacentridae,Chromis margaritifer,Chromis margaritifer,2.5,12,4.0963,POINT (-170.6699981689453 -14.279999732971191)
,,,,,,,,,,,,,,,,,,,,,,,,,,13.52272727,656,40298.8939,
