ep_m1_public_data.fid-7cdaa17e_183da9aa6f4_18da,912341155,American Samoa,Olosega,Samoa Islands,Eastern Indo-Pacific,American Samoa,PAC33,Ofu Harbour,-14.16,-169.68,8/20/2012,4,RLS,16,14:00:00,,,1,2,Chordata,Actinopterygii,Beryciformes,Holocentridae,Sargocentron spiniferum,Sargocentron spiniferum,15,1,111.0616,POINT (-169.67999267578125 -14.15999984741211)
ep_m1_public_data.fid-7cdaa17e_183da9aa6f4_18db,912341155,American Samoa,Olosega,Samoa Islands,Eastern Indo-Pacific,American Samoa,PAC33,Ofu Harbour,-14.16,-169.68,8/20/2012,4,RLS,16,14:00:00,,,1,2,Chordata,Actinopterygii,Perciformes,Acanthuridae,Zebrasoma scopas,Zebrasoma scopas,10,1,49.4177,POINT (-169.67999267578125 -14.15999984741211)
ep_m1_public_data.fid-7cdaa17e_183da9aa6f4_18dc,912341155,American Samoa,Olosega,Samoa Islands,Eastern Indo-Pacific,American Samoa,PAC33,Ofu Harbour,-14.16,-169.68,8/20/2012,4,RLS,16,14:00:00,,,1,2,Chordata,Actinopterygii,Perciformes,Apogonidae,Cheilodipterus quinquelineatus,Cheilodipterus quinquelineatus,5,1,2.6442,POINT (-169.67999267578125 -14.15999984741211)
ep_m1_public_data.fid-7cdaa17e_183da9aa6f4_18dd,912341155,American Samoa,Olosega,Samoa Islands,Eastern Indo-Pacific,American Samoa,PAC33,Ofu Harbour,-14.16,-169.68,8/20/2012,4,RLS,16,14:00:00,,,1,2,Chordata,Actinopterygii,Perciformes,Chaetodontidae,Chaetodon citrinellus,Chaetodon citrinellus,10,2,80.7615,POINT (-169.67999267578125 -14.15999984741211)
ep_m1_public_data.fid-7cdaa17e_183da9aa6f4_18de,912341155,American Samoa,Olosega,Samoa Islands,Eastern Indo-Pacific,American Samoa,PAC33,Ofu Harbour,-14.16,-169.68,8/20/2012,4,RLS,16,14:00:00,,,1,2,Chordata,Actinopterygii,Perciformes,Chaetodontidae,Chaetodon lunula,Chaetodon lunula,12.5,4,411.0962,POINT (-169.67999267578125 -14.15999984741211)
ep_m1_public_data.fid-7cdaa17e_183da9aa6f4_18df,912341155,American Samoa,Olosega,Samoa Islands,Eastern Indo-Pacific,American Samoa,PAC33,Ofu Harbour,-14.16,-169.68,8/20/2012,4,RLS,16,14:00:00,,,1,2,Chordata,Actinopterygii,Perciformes,Labridae,Gomphosus varius,Gomphosus varius,7.5,2,13.9711,POINT (-169.67999267578125 -14.15999984741211)
ep_m1_public_data.fid-7cdaa17e_183da9aa6f4_18e0,912341155,American Samoa,Olosega,Samoa Islands,Eastern Indo-Pacific,American Samoa,PAC33,Ofu Harbour,-14.16,-169.68,8/20/2012,4,RLS,16,14:00:00,,,1,2,Chordata,Actinopterygii,Perciformes,Labridae,Oxycheilinus unifasciatus,Oxycheilinus unifasciatus,12.5,1,57.0375,POINT (-169.67999267578125 -14.15999984741211)
ep_m1_public_data.fid-7cdaa17e_183da9aa6f4_18e1,912341155,American Samoa,Olosega,Samoa Islands,Eastern Indo-Pacific,American Samoa,PAC33,Ofu Harbour,-14.16,-169.68,8/20/2012,4,RLS,16,14:00:00,,,1,2,Chordata,Actinopterygii,Perciformes,Labridae,Thalassoma quinquevittatum,Thalassoma quinquevittatum,7.5,8,81.0648,POINT (-169.67999267578125 -14.15999984741211)
ep_m1_public_data.fid-7cdaa17e_183da9aa6f4_18e2,912341155,American Samoa,Olosega,Samoa Islands,Eastern Indo-Pacific,American Samoa,PAC33,Ofu Harbour,-14.16,-169.68,8/20/2012,4,RLS,16,14:00:00,,,1,2,Chordata,Actinopterygii,Perciformes,Labridae,Thalassoma quinquevittatum,Thalassoma quinquevittatum,10,1,24.0192,POINT (-169.67999267578125 -14.15999984741211)
ep_m1_public_data.fid-7cdaa17e_183da9aa6f4_18e3,912341155,American Samoa,Olosega,Samoa Islands,Eastern Indo-Pacific,American Samoa,PAC33,Ofu Harbour,-14.16,-169.68,8/20/2012,4,RLS,16,14:00:00,,,1,2,Chordata,Actinopterygii,Perciformes,Lethrinidae,Monotaxis grandoculis,Monotaxis grandoculis,20,1,233.1289,POINT (-169.67999267578125 -14.15999984741211)
ep_m1_public_data.fid-7cdaa17e_183da9aa6f4_18e4,912341155,American Samoa,Olosega,Samoa Islands,Eastern Indo-Pacific,American Samoa,PAC33,Ofu Harbour,-14.16,-169.68,8/20/2012,4,RLS,16,14:00:00,,,1,2,Chordata,Actinopterygii,Perciformes,Lutjanidae,Aphareus furca,Aphareus furca,25,1,161.3436,POINT (-169.67999267578125 -14.15999984741211)
ep_m1_public_data.fid-7cdaa17e_183da9aa6f4_18e5,912341155,American Samoa,Olosega,Samoa Islands,Eastern Indo-Pacific,American Samoa,PAC33,Ofu Harbour,-14.16,-169.68,8/20/2012,4,RLS,16,14:00:00,,,1,2,Chordata,Actinopterygii,Perciformes,Mullidae,Parupeneus cyclostomus,Parupeneus cyclostomus,25,2,382.9812,POINT (-169.67999267578125 -14.15999984741211)
ep_m1_public_data.fid-7cdaa17e_183da9aa6f4_18e6,912341155,American Samoa,Olosega,Samoa Islands,Eastern Indo-Pacific,American Samoa,PAC33,Ofu Harbour,-14.16,-169.68,8/20/2012,4,RLS,16,14:00:00,,,1,2,Chordata,Actinopterygii,Perciformes,Pomacanthidae,Centropyge flavissima,Centropyge flavissima,5,2,14.7207,POINT (-169.67999267578125 -14.15999984741211)
ep_m1_public_data.fid-7cdaa17e_183da9aa6f4_18e7,912341155,American Samoa,Olosega,Samoa Islands,Eastern Indo-Pacific,American Samoa,PAC33,Ofu Harbour,-14.16,-169.68,8/20/2012,4,RLS,16,14:00:00,,,1,2,Chordata,Actinopterygii,Perciformes,Pomacentridae,Chrysiptera biocellata,Chrysiptera biocellata,5,1,4.2076,POINT (-169.67999267578125 -14.15999984741211)
ep_m1_public_data.fid-7cdaa17e_183da9aa6f4_18e8,912341155,American Samoa,Olosega,Samoa Islands,Eastern Indo-Pacific,American Samoa,PAC33,Ofu Harbour,-14.16,-169.68,8/20/2012,4,RLS,16,14:00:00,,,1,2,Chordata,Actinopterygii,Perciformes,Scaridae,Chlorurus sordidus,Chlorurus sordidus,10,6,233.2634,POINT (-169.67999267578125 -14.15999984741211)
ep_m1_public_data.fid-7cdaa17e_183da9aa6f4_18e9,912341155,American Samoa,Olosega,Samoa Islands,Eastern Indo-Pacific,American Samoa,PAC33,Ofu Harbour,-14.16,-169.68,8/20/2012,4,RLS,16,14:00:00,,,1,2,Chordata,Actinopterygii,Perciformes,Scaridae,Chlorurus sordidus,Chlorurus sordidus,12.5,12,904.9039,POINT (-169.67999267578125 -14.15999984741211)
ep_m1_public_data.fid-7cdaa17e_183da9aa6f4_18ea,912341155,American Samoa,Olosega,Samoa Islands,Eastern Indo-Pacific,American Samoa,PAC33,Ofu Harbour,-14.16,-169.68,8/20/2012,4,RLS,16,14:00:00,,,1,2,Chordata,Actinopterygii,Perciformes,Serranidae,Cephalopholis argus,Cephalopholis argus,25,1,324.6233,POINT (-169.67999267578125 -14.15999984741211)
ep_m1_public_data.fid-7cdaa17e_183da9aa6f4_18f8,912341155,American Samoa,Olosega,Samoa Islands,Eastern Indo-Pacific,American Samoa,PAC33,Ofu Harbour,-14.16,-169.68,8/20/2012,4,RLS,16,14:00:00,,,1,2,Chordata,Actinopterygii,Perciformes,Carangidae,Caranx melampygus,Caranx melampygus,30,1,458.0559,POINT (-169.67999267578125 -14.15999984741211)
ep_m1_public_data.fid-7cdaa17e_183da9aa6f4_18f9,912341155,American Samoa,Olosega,Samoa Islands,Eastern Indo-Pacific,American Samoa,PAC33,Ofu Harbour,-14.16,-169.68,8/20/2012,4,RLS,16,14:00:00,,,1,2,Chordata,Actinopterygii,Perciformes,Chaetodontidae,Chaetodon vagabundus,Chaetodon vagabundus,12.5,4,348.8383,POINT (-169.67999267578125 -14.15999984741211)
ep_m1_public_data.fid-7cdaa17e_183da9aa6f4_18fa,912341155,American Samoa,Olosega,Samoa Islands,Eastern Indo-Pacific,American Samoa,PAC33,Ofu Harbour,-14.16,-169.68,8/20/2012,4,RLS,16,14:00:00,,,1,2,Chordata,Actinopterygii,Perciformes,Gobiidae,Fusigobius inframaculatus,Fusigobius inframaculatus,2.5,6,1.8499,POINT (-169.67999267578125 -14.15999984741211)
ep_m1_public_data.fid-7cdaa17e_183da9aa6f4_18fb,912341155,American Samoa,Olosega,Samoa Islands,Eastern Indo-Pacific,American Samoa,PAC33,Ofu Harbour,-14.16,-169.68,8/20/2012,4,RLS,16,14:00:00,,,1,2,Chordata,Actinopterygii,Perciformes,Labridae,Epibulus insidiator,Epibulus insidiator,20,1,228.8086,POINT (-169.67999267578125 -14.15999984741211)
ep_m1_public_data.fid-7cdaa17e_183da9aa6f4_18fc,912341155,American Samoa,Olosega,Samoa Islands,Eastern Indo-Pacific,American Samoa,PAC33,Ofu Harbour,-14.16,-169.68,8/20/2012,4,RLS,16,14:00:00,,,1,2,Chordata,Actinopterygii,Perciformes,Labridae,Halichoeres hortulanus,Halichoeres hortulanus,2.5,2,0.6894,POINT (-169.67999267578125 -14.15999984741211)
ep_m1_public_data.fid-7cdaa17e_183da9aa6f4_18fd,912341155,American Samoa,Olosega,Samoa Islands,Eastern Indo-Pacific,American Samoa,PAC33,Ofu Harbour,-14.16,-169.68,8/20/2012,4,RLS,16,14:00:00,,,1,2,Chordata,Actinopterygii,Perciformes,Labridae,Labroides bicolor,Labroides bicolor,7.5,1,7.1451,POINT (-169.67999267578125 -14.15999984741211)
ep_m1_public_data.fid-7cdaa17e_183da9aa6f4_18fe,912341155,American Samoa,Olosega,Samoa Islands,Eastern Indo-Pacific,American Samoa,PAC33,Ofu Harbour,-14.16,-169.68,8/20/2012,4,RLS,16,14:00:00,,,1,2,Chordata,Actinopterygii,Perciformes,Labridae,Thalassoma amblycephalum,Thalassoma amblycephalum,5,6,18.0144,POINT (-169.67999267578125 -14.15999984741211)
ep_m1_public_data.fid-7cdaa17e_183da9aa6f4_18ff,912341155,American Samoa,Olosega,Samoa Islands,Eastern Indo-Pacific,American Samoa,PAC33,Ofu Harbour,-14.16,-169.68,8/20/2012,4,RLS,16,14:00:00,,,1,2,Chordata,Actinopterygii,Perciformes,Labridae,Thalassoma hardwicke,Thalassoma hardwicke,2.5,1,0.2939,POINT (-169.67999267578125 -14.15999984741211)
ep_m1_public_data.fid-7cdaa17e_183da9aa6f4_1900,912341155,American Samoa,Olosega,Samoa Islands,Eastern Indo-Pacific,American Samoa,PAC33,Ofu Harbour,-14.16,-169.68,8/20/2012,4,RLS,16,14:00:00,,,1,2,Chordata,Actinopterygii,Perciformes,Labridae,Thalassoma quinquevittatum,Thalassoma quinquevittatum,2.5,5,1.8765,POINT (-169.67999267578125 -14.15999984741211)
ep_m1_public_data.fid-7cdaa17e_183da9aa6f4_1901,912341155,American Samoa,Olosega,Samoa Islands,Eastern Indo-Pacific,American Samoa,PAC33,Ofu Harbour,-14.16,-169.68,8/20/2012,4,RLS,16,14:00:00,,,1,2,Chordata,Actinopterygii,Perciformes,Labridae,Thalassoma quinquevittatum,Thalassoma quinquevittatum,5,8,24.0192,POINT (-169.67999267578125 -14.15999984741211)
ep_m1_public_data.fid-7cdaa17e_183da9aa6f4_1902,912341155,American Samoa,Olosega,Samoa Islands,Eastern Indo-Pacific,American Samoa,PAC33,Ofu Harbour,-14.16,-169.68,8/20/2012,4,RLS,16,14:00:00,,,1,2,Chordata,Actinopterygii,Perciformes,Mullidae,Parupeneus cyclostomus,Parupeneus cyclostomus,30,1,287.021,POINT (-169.67999267578125 -14.15999984741211)
ep_m1_public_data.fid-7cdaa17e_183da9aa6f4_1903,912341155,American Samoa,Olosega,Samoa Islands,Eastern Indo-Pacific,American Samoa,PAC33,Ofu Harbour,-14.16,-169.68,8/20/2012,4,RLS,16,14:00:00,,,1,2,Chordata,Actinopterygii,Perciformes,Pempheridae,Pempheris oualensis,Pempheris oualensis,12.5,3,129.2767,POINT (-169.67999267578125 -14.15999984741211)
ep_m1_public_data.fid-7cdaa17e_183da9aa6f4_1904,912341155,American Samoa,Olosega,Samoa Islands,Eastern Indo-Pacific,American Samoa,PAC33,Ofu Harbour,-14.16,-169.68,8/20/2012,4,RLS,16,14:00:00,,,1,2,Chordata,Actinopterygii,Perciformes,Pomacanthidae,Centropyge flavissima,Centropyge flavissima,10,4,204.3321,POINT (-169.67999267578125 -14.15999984741211)
ep_m1_public_data.fid-7cdaa17e_183da9aa6f4_1905,912341155,American Samoa,Olosega,Samoa Islands,Eastern Indo-Pacific,American Samoa,PAC33,Ofu Harbour,-14.16,-169.68,8/20/2012,4,RLS,16,14:00:00,,,1,2,Chordata,Actinopterygii,Perciformes,Pomacentridae,Chrysiptera biocellata,Chrysiptera biocellata,7.5,2,28.4128,POINT (-169.67999267578125 -14.15999984741211)
ep_m1_public_data.fid-7cdaa17e_183da9aa6f4_1906,912341155,American Samoa,Olosega,Samoa Islands,Eastern Indo-Pacific,American Samoa,PAC33,Ofu Harbour,-14.16,-169.68,8/20/2012,4,RLS,16,14:00:00,,,1,2,Chordata,Actinopterygii,Perciformes,Pomacentridae,Chrysiptera biocellata,Chrysiptera biocellata,10,4,134.7363,POINT (-169.67999267578125 -14.15999984741211)
ep_m1_public_data.fid-7cdaa17e_183da9aa6f4_1907,912341155,American Samoa,Olosega,Samoa Islands,Eastern Indo-Pacific,American Samoa,PAC33,Ofu Harbour,-14.16,-169.68,8/20/2012,4,RLS,16,14:00:00,,,1,2,Chordata,Actinopterygii,Perciformes,Pomacentridae,Chrysiptera taupou,Chrysiptera taupou,2.5,125,65.6981,POINT (-169.67999267578125 -14.15999984741211)
ep_m1_public_data.fid-7cdaa17e_183da9aa6f4_1908,912341155,American Samoa,Olosega,Samoa Islands,Eastern Indo-Pacific,American Samoa,PAC33,Ofu Harbour,-14.16,-169.68,8/20/2012,4,RLS,16,14:00:00,,,1,2,Chordata,Actinopterygii,Perciformes,Scaridae,Chlorurus sordidus,Chlorurus sordidus,15,5,647.8588,POINT (-169.67999267578125 -14.15999984741211)
ep_m1_public_data.fid-7cdaa17e_183da9aa6f4_1909,912341155,American Samoa,Olosega,Samoa Islands,Eastern Indo-Pacific,American Samoa,PAC33,Ofu Harbour,-14.16,-169.68,8/20/2012,4,RLS,16,14:00:00,,,1,2,Chordata,Actinopterygii,Tetraodontiformes,Balistidae,Melichthys vidua,Melichthys vidua,20,3,719.409,POINT (-169.67999267578125 -14.15999984741211)
ep_m1_public_data.fid-7cdaa17e_183da9aa6f4_190a,912341155,American Samoa,Olosega,Samoa Islands,Eastern Indo-Pacific,American Samoa,PAC33,Ofu Harbour,-14.16,-169.68,8/20/2012,4,RLS,16,14:00:00,,,1,2,Chordata,Actinopterygii,Tetraodontiformes,Balistidae,Melichthys vidua,Melichthys vidua,25,1,358.5864,POINT (-169.67999267578125 -14.15999984741211)
ep_m1_public_data.fid-7cdaa17e_183da9aa6f4_190b,912341155,American Samoa,Olosega,Samoa Islands,Eastern Indo-Pacific,American Samoa,PAC33,Ofu Harbour,-14.16,-169.68,8/20/2012,4,RLS,16,14:00:00,,,1,2,Chordata,Actinopterygii,Tetraodontiformes,Monacanthidae,Cantherhines dumerilii,Cantherhines dumerilii,15,1,120.0054,POINT (-169.67999267578125 -14.15999984741211)
ep_m1_public_data.fid-7cdaa17e_183da9aa6f4_190c,912341155,American Samoa,Olosega,Samoa Islands,Eastern Indo-Pacific,American Samoa,PAC33,Ofu Harbour,-14.16,-169.68,8/20/2012,4,RLS,16,14:00:00,,,1,2,Chordata,Actinopterygii,Tetraodontiformes,Tetraodontidae,Canthigaster amboinensis,Canthigaster amboinensis,7.5,1,21.2364,POINT (-169.67999267578125 -14.15999984741211)
ep_m1_public_data.fid-7cdaa17e_183da9aa6f4_197e,912341155,American Samoa,Olosega,Samoa Islands,Eastern Indo-Pacific,American Samoa,PAC33,Ofu Harbour,-14.16,-169.68,8/20/2012,4,RLS,16,14:00:00,,,1,2,Chordata,Actinopterygii,Perciformes,Labridae,Labroides dimidiatus,Labroides dimidiatus,5,1,1.9278,POINT (-169.67999267578125 -14.15999984741211)
ep_m1_public_data.fid-7cdaa17e_183da9aa6f4_197f,912341155,American Samoa,Olosega,Samoa Islands,Eastern Indo-Pacific,American Samoa,PAC33,Ofu Harbour,-14.16,-169.68,8/20/2012,4,RLS,16,14:00:00,,,1,2,Chordata,Actinopterygii,Perciformes,Pempheridae,Pempheris oualensis,Pempheris oualensis,15,5,374.0861,POINT (-169.67999267578125 -14.15999984741211)
ep_m1_public_data.fid-7cdaa17e_183da9aa6f4_1a03,912341155,American Samoa,Olosega,Samoa Islands,Eastern Indo-Pacific,American Samoa,PAC33,Ofu Harbour,-14.16,-169.68,8/20/2012,4,RLS,16,14:00:00,,,1,2,Chordata,Actinopterygii,Perciformes,Pomacentridae,Chrysiptera biocellata,Chrysiptera biocellata,12.5,2,131.6078,POINT (-169.67999267578125 -14.15999984741211)
ep_m1_public_data.fid-7cdaa17e_183da9aa6f4_1a04,912341155,American Samoa,Olosega,Samoa Islands,Eastern Indo-Pacific,American Samoa,PAC33,Ofu Harbour,-14.16,-169.68,8/20/2012,4,RLS,16,14:00:00,,,1,2,Chordata,Actinopterygii,Perciformes,Chaetodontidae,Chaetodon trifasciatus,Chaetodon trifasciatus,12.5,2,196.7152,POINT (-169.67999267578125 -14.15999984741211)
ep_m1_public_data.fid-7cdaa17e_183da9aa6f4_1a05,912341155,American Samoa,Olosega,Samoa Islands,Eastern Indo-Pacific,American Samoa,PAC33,Ofu Harbour,-14.16,-169.68,8/20/2012,4,RLS,16,14:00:00,,,1,2,Chordata,Actinopterygii,Perciformes,Mullidae,Parupeneus multifasciatus,Parupeneus multifasciatus,25,2,382.9812,POINT (-169.67999267578125 -14.15999984741211)
ep_m1_public_data.fid-7cdaa17e_183da9aa6f4_1a0a,912341155,American Samoa,Olosega,Samoa Islands,Eastern Indo-Pacific,American Samoa,PAC33,Ofu Harbour,-14.16,-169.68,8/20/2012,4,RLS,16,14:00:00,,,1,2,Chordata,Actinopterygii,Perciformes,Labridae,Halichoeres hortulanus,Halichoeres hortulanus,10,1,24.1078,POINT (-169.67999267578125 -14.15999984741211)
ep_m1_public_data.fid-7cdaa17e_183da9aa6f4_1a0b,912341155,American Samoa,Olosega,Samoa Islands,Eastern Indo-Pacific,American Samoa,PAC33,Ofu Harbour,-14.16,-169.68,8/20/2012,4,RLS,16,14:00:00,,,1,2,Chordata,Actinopterygii,Perciformes,Labridae,Thalassoma amblycephalum,Thalassoma amblycephalum,7.5,6,60.7986,POINT (-169.67999267578125 -14.15999984741211)
ep_m1_public_data.fid-7cdaa17e_183da9aa6f4_1a0c,912341155,American Samoa,Olosega,Samoa Islands,Eastern Indo-Pacific,American Samoa,PAC33,Ofu Harbour,-14.16,-169.68,8/20/2012,4,RLS,16,14:00:00,,,1,2,Chordata,Actinopterygii,Perciformes,Pomacanthidae,Centropyge flavissima,Centropyge flavissima,7.5,6,137.159,POINT (-169.67999267578125 -14.15999984741211)
ep_m1_public_data.fid-7cdaa17e_183da9aa6f4_1a0d,912341155,American Samoa,Olosega,Samoa Islands,Eastern Indo-Pacific,American Samoa,PAC33,Ofu Harbour,-14.16,-169.68,8/20/2012,4,RLS,16,14:00:00,,,1,2,Chordata,Actinopterygii,Perciformes,Pomacentridae,Chromis margaritifer,Chromis margaritifer,2.5,6,2.0482,POINT (-169.67999267578125 -14.15999984741211)
ep_m1_public_data.fid-7cdaa17e_183da9aa6f4_1a0e,912341155,American Samoa,Olosega,Samoa Islands,Eastern Indo-Pacific,American Samoa,PAC33,Ofu Harbour,-14.16,-169.68,8/20/2012,4,RLS,16,14:00:00,,,1,2,Chordata,Actinopterygii,Perciformes,Pomacentridae,Chrysiptera taupou,Chrysiptera taupou,5,18,75.7366,POINT (-169.67999267578125 -14.15999984741211)
ep_m1_public_data.fid-7cdaa17e_183da9aa6f4_1a0f,912341155,American Samoa,Olosega,Samoa Islands,Eastern Indo-Pacific,American Samoa,PAC33,Ofu Harbour,-14.16,-169.68,8/20/2012,4,RLS,16,14:00:00,,,1,2,Chordata,Actinopterygii,Perciformes,Pomacentridae,Plectroglyphidodon lacrymatus,Plectroglyphidodon lacrymatus,5,1,6.8735,POINT (-169.67999267578125 -14.15999984741211)
ep_m1_public_data.fid-7cdaa17e_183da9aa6f4_1a10,912341155,American Samoa,Olosega,Samoa Islands,Eastern Indo-Pacific,American Samoa,PAC33,Ofu Harbour,-14.16,-169.68,8/20/2012,4,RLS,16,14:00:00,,,1,2,Chordata,Actinopterygii,Perciformes,Scaridae,Chlorurus sordidus,Chlorurus sordidus,2.5,4,2.5365,POINT (-169.67999267578125 -14.15999984741211)
ep_m1_public_data.fid-7cdaa17e_183da9aa6f4_1a11,912341155,American Samoa,Olosega,Samoa Islands,Eastern Indo-Pacific,American Samoa,PAC33,Ofu Harbour,-14.16,-169.68,8/20/2012,4,RLS,16,14:00:00,,,1,2,Chordata,Actinopterygii,Perciformes,Scaridae,Chlorurus sordidus,Chlorurus sordidus,20,2,557.5913,POINT (-169.67999267578125 -14.15999984741211)
ep_m1_public_data.fid-7cdaa17e_183da9aa6f4_1a12,912341155,American Samoa,Olosega,Samoa Islands,Eastern Indo-Pacific,American Samoa,PAC33,Ofu Harbour,-14.16,-169.68,8/20/2012,4,RLS,16,14:00:00,,,1,2,Chordata,Actinopterygii,Tetraodontiformes,Monacanthidae,Oxymonacanthus longirostris,Oxymonacanthus longirostris,12.5,2,76.686,POINT (-169.67999267578125 -14.15999984741211)
ep_m1_public_data.fid-7cdaa17e_183da9aa6f4_1c9e,912341155,American Samoa,Olosega,Samoa Islands,Eastern Indo-Pacific,American Samoa,PAC33,Ofu Harbour,-14.16,-169.68,8/20/2012,4,RLS,16,14:00:00,,,1,1,Chordata,Actinopterygii,Perciformes,Acanthuridae,Acanthurus triostegus,Acanthurus triostegus,10,4,180.0516,POINT (-169.67999267578125 -14.15999984741211)
ep_m1_public_data.fid-7cdaa17e_183da9aa6f4_1c9f,912341155,American Samoa,Olosega,Samoa Islands,Eastern Indo-Pacific,American Samoa,PAC33,Ofu Harbour,-14.16,-169.68,8/20/2012,4,RLS,16,14:00:00,,,1,1,Chordata,Actinopterygii,Perciformes,Acanthuridae,Ctenochaetus striatus,Ctenochaetus striatus,10,8,250.6697,POINT (-169.67999267578125 -14.15999984741211)
ep_m1_public_data.fid-7cdaa17e_183da9aa6f4_1ca0,912341155,American Samoa,Olosega,Samoa Islands,Eastern Indo-Pacific,American Samoa,PAC33,Ofu Harbour,-14.16,-169.68,8/20/2012,4,RLS,16,14:00:00,,,1,1,Chordata,Actinopterygii,Perciformes,Acanthuridae,Ctenochaetus striatus,Ctenochaetus striatus,12.5,14,868.9111,POINT (-169.67999267578125 -14.15999984741211)
ep_m1_public_data.fid-7cdaa17e_183da9aa6f4_1ca1,912341155,American Samoa,Olosega,Samoa Islands,Eastern Indo-Pacific,American Samoa,PAC33,Ofu Harbour,-14.16,-169.68,8/20/2012,4,RLS,16,14:00:00,,,1,1,Chordata,Actinopterygii,Perciformes,Acanthuridae,Ctenochaetus striatus,Ctenochaetus striatus,15,35,3797.0603,POINT (-169.67999267578125 -14.15999984741211)
ep_m1_public_data.fid-7cdaa17e_183da9aa6f4_1ca2,912341155,American Samoa,Olosega,Samoa Islands,Eastern Indo-Pacific,American Samoa,PAC33,Ofu Harbour,-14.16,-169.68,8/20/2012,4,RLS,16,14:00:00,,,1,1,Chordata,Actinopterygii,Perciformes,Acanthuridae,Ctenochaetus striatus,Ctenochaetus striatus,25,15,5507.4165,POINT (-169.67999267578125 -14.15999984741211)
ep_m1_public_data.fid-7cdaa17e_183da9aa6f4_1ca3,912341155,American Samoa,Olosega,Samoa Islands,Eastern Indo-Pacific,American Samoa,PAC33,Ofu Harbour,-14.16,-169.68,8/20/2012,4,RLS,16,14:00:00,,,1,1,Chordata,Actinopterygii,Perciformes,Chaetodontidae,Chaetodon citrinellus,Chaetodon citrinellus,10,2,80.7615,POINT (-169.67999267578125 -14.15999984741211)
ep_m1_public_data.fid-7cdaa17e_183da9aa6f4_1ca4,912341155,American Samoa,Olosega,Samoa Islands,Eastern Indo-Pacific,American Samoa,PAC33,Ofu Harbour,-14.16,-169.68,8/20/2012,4,RLS,16,14:00:00,,,1,1,Chordata,Actinopterygii,Perciformes,Chaetodontidae,Chaetodon ephippium,Chaetodon ephippium,15,1,156.5207,POINT (-169.67999267578125 -14.15999984741211)
ep_m1_public_data.fid-7cdaa17e_183da9aa6f4_1ca5,912341155,American Samoa,Olosega,Samoa Islands,Eastern Indo-Pacific,American Samoa,PAC33,Ofu Harbour,-14.16,-169.68,8/20/2012,4,RLS,16,14:00:00,,,1,1,Chordata,Actinopterygii,Perciformes,Chaetodontidae,Chaetodon reticulatus,Chaetodon reticulatus,12.5,2,205.5481,POINT (-169.67999267578125 -14.15999984741211)
ep_m1_public_data.fid-7cdaa17e_183da9aa6f4_1ca6,912341155,American Samoa,Olosega,Samoa Islands,Eastern Indo-Pacific,American Samoa,PAC33,Ofu Harbour,-14.16,-169.68,8/20/2012,4,RLS,16,14:00:00,,,1,1,Chordata,Actinopterygii,Perciformes,Cirrhitidae,Paracirrhites forsteri,Paracirrhites forsteri,12.5,1,63.9375,POINT (-169.67999267578125 -14.15999984741211)
ep_m1_public_data.fid-7cdaa17e_183da9aa6f4_1ca7,912341155,American Samoa,Olosega,Samoa Islands,Eastern Indo-Pacific,American Samoa,PAC33,Ofu Harbour,-14.16,-169.68,8/20/2012,4,RLS,16,14:00:00,,,1,1,Chordata,Actinopterygii,Perciformes,Labridae,Gomphosus varius,Gomphosus varius,5,1,2.3347,POINT (-169.67999267578125 -14.15999984741211)
ep_m1_public_data.fid-7cdaa17e_183da9aa6f4_1ca8,912341155,American Samoa,Olosega,Samoa Islands,Eastern Indo-Pacific,American Samoa,PAC33,Ofu Harbour,-14.16,-169.68,8/20/2012,4,RLS,16,14:00:00,,,1,1,Chordata,Actinopterygii,Perciformes,Labridae,Halichoeres hortulanus,Halichoeres hortulanus,20,2,368.2608,POINT (-169.67999267578125 -14.15999984741211)
ep_m1_public_data.fid-7cdaa17e_183da9aa6f4_1ca9,912341155,American Samoa,Olosega,Samoa Islands,Eastern Indo-Pacific,American Samoa,PAC33,Ofu Harbour,-14.16,-169.68,8/20/2012,4,RLS,16,14:00:00,,,1,1,Chordata,Actinopterygii,Perciformes,Labridae,Labroides bicolor,Labroides bicolor,7.5,1,7.1451,POINT (-169.67999267578125 -14.15999984741211)
ep_m1_public_data.fid-7cdaa17e_183da9aa6f4_1caa,912341155,American Samoa,Olosega,Samoa Islands,Eastern Indo-Pacific,American Samoa,PAC33,Ofu Harbour,-14.16,-169.68,8/20/2012,4,RLS,16,14:00:00,,,1,1,Chordata,Actinopterygii,Perciformes,Labridae,Labroides dimidiatus,Labroides dimidiatus,5,2,3.8556,POINT (-169.67999267578125 -14.15999984741211)
ep_m1_public_data.fid-7cdaa17e_183da9aa6f4_1cab,912341155,American Samoa,Olosega,Samoa Islands,Eastern Indo-Pacific,American Samoa,PAC33,Ofu Harbour,-14.16,-169.68,8/20/2012,4,RLS,16,14:00:00,,,1,1,Chordata,Actinopterygii,Perciformes,Mullidae,Parupeneus cyclostomus,Parupeneus cyclostomus,20,5,610.8808,POINT (-169.67999267578125 -14.15999984741211)
ep_m1_public_data.fid-7cdaa17e_183da9aa6f4_1cac,912341155,American Samoa,Olosega,Samoa Islands,Eastern Indo-Pacific,American Samoa,PAC33,Ofu Harbour,-14.16,-169.68,8/20/2012,4,RLS,16,14:00:00,,,1,1,Chordata,Actinopterygii,Perciformes,Mullidae,Parupeneus cyclostomus,Parupeneus cyclostomus,25,5,957.453,POINT (-169.67999267578125 -14.15999984741211)
ep_m1_public_data.fid-7cdaa17e_183da9aa6f4_1cad,912341155,American Samoa,Olosega,Samoa Islands,Eastern Indo-Pacific,American Samoa,PAC33,Ofu Harbour,-14.16,-169.68,8/20/2012,4,RLS,16,14:00:00,,,1,1,Chordata,Actinopterygii,Perciformes,Mullidae,Parupeneus multifasciatus,Parupeneus multifasciatus,12.5,1,29.7054,POINT (-169.67999267578125 -14.15999984741211)
ep_m1_public_data.fid-7cdaa17e_183da9aa6f4_1cae,912341155,American Samoa,Olosega,Samoa Islands,Eastern Indo-Pacific,American Samoa,PAC33,Ofu Harbour,-14.16,-169.68,8/20/2012,4,RLS,16,14:00:00,,,1,1,Chordata,Actinopterygii,Perciformes,Pomacentridae,Amphiprion melanopus,Amphiprion melanopus,2.5,1,0.5628,POINT (-169.67999267578125 -14.15999984741211)
ep_m1_public_data.fid-7cdaa17e_183da9aa6f4_1caf,912341155,American Samoa,Olosega,Samoa Islands,Eastern Indo-Pacific,American Samoa,PAC33,Ofu Harbour,-14.16,-169.68,8/20/2012,4,RLS,16,14:00:00,,,1,1,Chordata,Actinopterygii,Perciformes,Pomacentridae,Chromis margaritifer,Chromis margaritifer,2.5,15,5.1204,POINT (-169.67999267578125 -14.15999984741211)
ep_m1_public_data.fid-7cdaa17e_183da9aa6f4_1cb0,912341155,American Samoa,Olosega,Samoa Islands,Eastern Indo-Pacific,American Samoa,PAC33,Ofu Harbour,-14.16,-169.68,8/20/2012,4,RLS,16,14:00:00,,,1,1,Chordata,Actinopterygii,Perciformes,Pomacentridae,Chrysiptera taupou,Chrysiptera taupou,2.5,65,34.163,POINT (-169.67999267578125 -14.15999984741211)
ep_m1_public_data.fid-7cdaa17e_183da9aa6f4_1cb1,912341155,American Samoa,Olosega,Samoa Islands,Eastern Indo-Pacific,American Samoa,PAC33,Ofu Harbour,-14.16,-169.68,8/20/2012,4,RLS,16,14:00:00,,,1,1,Chordata,Actinopterygii,Perciformes,Scaridae,Chlorurus sordidus,Chlorurus sordidus,2.5,5,3.1707,POINT (-169.67999267578125 -14.15999984741211)
ep_m1_public_data.fid-7cdaa17e_183da9aa6f4_1cb2,912341155,American Samoa,Olosega,Samoa Islands,Eastern Indo-Pacific,American Samoa,PAC33,Ofu Harbour,-14.16,-169.68,8/20/2012,4,RLS,16,14:00:00,,,1,1,Chordata,Actinopterygii,Perciformes,Scaridae,Chlorurus sordidus,Chlorurus sordidus,7.5,4,66.193,POINT (-169.67999267578125 -14.15999984741211)
ep_m1_public_data.fid-7cdaa17e_183da9aa6f4_1cb3,912341155,American Samoa,Olosega,Samoa Islands,Eastern Indo-Pacific,American Samoa,PAC33,Ofu Harbour,-14.16,-169.68,8/20/2012,4,RLS,16,14:00:00,,,1,1,Chordata,Actinopterygii,Perciformes,Scaridae,Chlorurus sordidus,Chlorurus sordidus,10,8,311.0179,POINT (-169.67999267578125 -14.15999984741211)
ep_m1_public_data.fid-7cdaa17e_183da9aa6f4_1cb4,912341155,American Samoa,Olosega,Samoa Islands,Eastern Indo-Pacific,American Samoa,PAC33,Ofu Harbour,-14.16,-169.68,8/20/2012,4,RLS,16,14:00:00,,,1,1,Chordata,Actinopterygii,Perciformes,Scaridae,Chlorurus sordidus,Chlorurus sordidus,12.5,3,226.226,POINT (-169.67999267578125 -14.15999984741211)
ep_m1_public_data.fid-7cdaa17e_183da9aa6f4_1cb5,912341155,American Samoa,Olosega,Samoa Islands,Eastern Indo-Pacific,American Samoa,PAC33,Ofu Harbour,-14.16,-169.68,8/20/2012,4,RLS,16,14:00:00,,,1,1,Chordata,Actinopterygii,Perciformes,Scaridae,Chlorurus sordidus,Chlorurus sordidus,15,6,777.4305,POINT (-169.67999267578125 -14.15999984741211)
ep_m1_public_data.fid-7cdaa17e_183da9aa6f4_1cb6,912341155,American Samoa,Olosega,Samoa Islands,Eastern Indo-Pacific,American Samoa,PAC33,Ofu Harbour,-14.16,-169.68,8/20/2012,4,RLS,16,14:00:00,,,1,1,Chordata,Actinopterygii,Perciformes,Scaridae,Chlorurus sordidus,Chlorurus sordidus,20,4,1115.1826,POINT (-169.67999267578125 -14.15999984741211)
ep_m1_public_data.fid-7cdaa17e_183da9aa6f4_1cb7,912341155,American Samoa,Olosega,Samoa Islands,Eastern Indo-Pacific,American Samoa,PAC33,Ofu Harbour,-14.16,-169.68,8/20/2012,4,RLS,16,14:00:00,,,1,1,Chordata,Actinopterygii,Perciformes,Scaridae,Chlorurus sordidus,Chlorurus sordidus,25,2,844.8283,POINT (-169.67999267578125 -14.15999984741211)
ep_m1_public_data.fid-7cdaa17e_183da9aa6f4_1cb8,912341155,American Samoa,Olosega,Samoa Islands,Eastern Indo-Pacific,American Samoa,PAC33,Ofu Harbour,-14.16,-169.68,8/20/2012,4,RLS,16,14:00:00,,,1,1,Chordata,Actinopterygii,Perciformes,Scaridae,Scarus rubroviolaceus,Scarus rubroviolaceus,30,1,610.3858,POINT (-169.67999267578125 -14.15999984741211)
ep_m1_public_data.fid-7cdaa17e_183da9aa6f4_1cb9,912341155,American Samoa,Olosega,Samoa Islands,Eastern Indo-Pacific,American Samoa,PAC33,Ofu Harbour,-14.16,-169.68,8/20/2012,4,RLS,16,14:00:00,,,1,1,Chordata,Actinopterygii,Syngnathiformes,Fistulariidae,Fistularia commersonii,Fistularia commersonii,62.5,1,114.0656,POINT (-169.67999267578125 -14.15999984741211)
ep_m1_public_data.fid-7cdaa17e_183da9aa6f4_1cba,912341155,American Samoa,Olosega,Samoa Islands,Eastern Indo-Pacific,American Samoa,PAC33,Ofu Harbour,-14.16,-169.68,8/20/2012,4,RLS,16,14:00:00,,,1,1,Chordata,Actinopterygii,Tetraodontiformes,Balistidae,Melichthys vidua,Melichthys vidua,20,4,959.212,POINT (-169.67999267578125 -14.15999984741211)
ep_m1_public_data.fid-7cdaa17e_183da9aa6f4_1cbb,912341155,American Samoa,Olosega,Samoa Islands,Eastern Indo-Pacific,American Samoa,PAC33,Ofu Harbour,-14.16,-169.68,8/20/2012,4,RLS,16,14:00:00,,,1,1,Chordata,Actinopterygii,Tetraodontiformes,Balistidae,Sufflamen fraenatum,Sufflamen fraenatum,30,2,1435.8694,POINT (-169.67999267578125 -14.15999984741211)
ep_m1_public_data.fid-7cdaa17e_183da9aa6f4_1cbc,912341155,American Samoa,Olosega,Samoa Islands,Eastern Indo-Pacific,American Samoa,PAC33,Ofu Harbour,-14.16,-169.68,8/20/2012,4,RLS,16,14:00:00,,,1,2,Chordata,Actinopterygii,Beryciformes,Holocentridae,Myripristis berndti,Myripristis berndti,25,4,1723.3604,POINT (-169.67999267578125 -14.15999984741211)
ep_m1_public_data.fid-7cdaa17e_183da9aa6f4_1cbd,912341155,American Samoa,Olosega,Samoa Islands,Eastern Indo-Pacific,American Samoa,PAC33,Ofu Harbour,-14.16,-169.68,8/20/2012,4,RLS,16,14:00:00,,,1,2,Chordata,Actinopterygii,Beryciformes,Holocentridae,Neoniphon sammara,Neoniphon sammara,12.5,2,92.3078,POINT (-169.67999267578125 -14.15999984741211)
ep_m1_public_data.fid-7cdaa17e_183da9aa6f4_1cbe,912341155,American Samoa,Olosega,Samoa Islands,Eastern Indo-Pacific,American Samoa,PAC33,Ofu Harbour,-14.16,-169.68,8/20/2012,4,RLS,16,14:00:00,,,1,2,Chordata,Actinopterygii,Beryciformes,Holocentridae,Sargocentron microstoma,Sargocentron microstoma,15,8,888.4924,POINT (-169.67999267578125 -14.15999984741211)
ep_m1_public_data.fid-7cdaa17e_183da9aa6f4_1cbf,912341155,American Samoa,Olosega,Samoa Islands,Eastern Indo-Pacific,American Samoa,PAC33,Ofu Harbour,-14.16,-169.68,8/20/2012,4,RLS,16,14:00:00,,,1,2,Chordata,Actinopterygii,Beryciformes,Holocentridae,Sargocentron spiniferum,Sargocentron spiniferum,20,1,239.709,POINT (-169.67999267578125 -14.15999984741211)
ep_m1_public_data.fid-7cdaa17e_183da9aa6f4_1cc0,912341155,American Samoa,Olosega,Samoa Islands,Eastern Indo-Pacific,American Samoa,PAC33,Ofu Harbour,-14.16,-169.68,8/20/2012,4,RLS,16,14:00:00,,,1,2,Chordata,Actinopterygii,Beryciformes,Holocentridae,Sargocentron spiniferum,Sargocentron spiniferum,25,1,363.803,POINT (-169.67999267578125 -14.15999984741211)
ep_m1_public_data.fid-7cdaa17e_183da9aa6f4_1cc1,912341155,American Samoa,Olosega,Samoa Islands,Eastern Indo-Pacific,American Samoa,PAC33,Ofu Harbour,-14.16,-169.68,8/20/2012,4,RLS,16,14:00:00,,,1,2,Chordata,Actinopterygii,Perciformes,Acanthuridae,Acanthurus guttatus,Acanthurus guttatus,20,35,9525.979,POINT (-169.67999267578125 -14.15999984741211)
ep_m1_public_data.fid-7cdaa17e_183da9aa6f4_1cc2,912341155,American Samoa,Olosega,Samoa Islands,Eastern Indo-Pacific,American Samoa,PAC33,Ofu Harbour,-14.16,-169.68,8/20/2012,4,RLS,16,14:00:00,,,1,2,Chordata,Actinopterygii,Perciformes,Acanthuridae,Acanthurus nigricans,Acanthurus nigricans,20,8,2161.0894,POINT (-169.67999267578125 -14.15999984741211)
ep_m1_public_data.fid-7cdaa17e_183da9aa6f4_1cc3,912341155,American Samoa,Olosega,Samoa Islands,Eastern Indo-Pacific,American Samoa,PAC33,Ofu Harbour,-14.16,-169.68,8/20/2012,4,RLS,16,14:00:00,,,1,2,Chordata,Actinopterygii,Perciformes,Acanthuridae,Acanthurus triostegus,Acanthurus triostegus,10,5,225.0645,POINT (-169.67999267578125 -14.15999984741211)
ep_m1_public_data.fid-7cdaa17e_183da9aa6f4_1cc4,912341155,American Samoa,Olosega,Samoa Islands,Eastern Indo-Pacific,American Samoa,PAC33,Ofu Harbour,-14.16,-169.68,8/20/2012,4,RLS,16,14:00:00,,,1,2,Chordata,Actinopterygii,Perciformes,Acanthuridae,Ctenochaetus striatus,Ctenochaetus striatus,10,4,125.3349,POINT (-169.67999267578125 -14.15999984741211)
ep_m1_public_data.fid-7cdaa17e_183da9aa6f4_1cc5,912341155,American Samoa,Olosega,Samoa Islands,Eastern Indo-Pacific,American Samoa,PAC33,Ofu Harbour,-14.16,-169.68,8/20/2012,4,RLS,16,14:00:00,,,1,2,Chordata,Actinopterygii,Perciformes,Acanthuridae,Ctenochaetus striatus,Ctenochaetus striatus,12.5,8,496.5206,POINT (-169.67999267578125 -14.15999984741211)
ep_m1_public_data.fid-7cdaa17e_183da9aa6f4_1cc6,912341155,American Samoa,Olosega,Samoa Islands,Eastern Indo-Pacific,American Samoa,PAC33,Ofu Harbour,-14.16,-169.68,8/20/2012,4,RLS,16,14:00:00,,,1,2,Chordata,Actinopterygii,Perciformes,Acanthuridae,Ctenochaetus striatus,Ctenochaetus striatus,15,25,2712.186,POINT (-169.67999267578125 -14.15999984741211)
ep_m1_public_data.fid-7cdaa17e_183da9aa6f4_1cc7,912341155,American Samoa,Olosega,Samoa Islands,Eastern Indo-Pacific,American Samoa,PAC33,Ofu Harbour,-14.16,-169.68,8/20/2012,4,RLS,16,14:00:00,,,1,2,Chordata,Actinopterygii,Perciformes,Acanthuridae,Ctenochaetus striatus,Ctenochaetus striatus,20,16,3826.5813,POINT (-169.67999267578125 -14.15999984741211)
ep_m1_public_data.fid-7cdaa17e_183da9aa6f4_1cc8,912341155,American Samoa,Olosega,Samoa Islands,Eastern Indo-Pacific,American Samoa,PAC33,Ofu Harbour,-14.16,-169.68,8/20/2012,4,RLS,16,14:00:00,,,1,2,Chordata,Actinopterygii,Perciformes,Acanthuridae,Ctenochaetus striatus,Ctenochaetus striatus,25,8,2937.2888,POINT (-169.67999267578125 -14.15999984741211)
ep_m1_public_data.fid-7cdaa17e_183da9aa6f4_1cd7,912341155,American Samoa,Olosega,Samoa Islands,Eastern Indo-Pacific,American Samoa,PAC33,Ofu Harbour,-14.16,-169.68,8/20/2012,4,RLS,16,14:00:00,,,1,1,Chordata,Actinopterygii,Perciformes,Mullidae,Parupeneus multifasciatus,Parupeneus multifasciatus,20,2,244.3523,POINT (-169.67999267578125 -14.15999984741211)
ep_m1_public_data.fid-7cdaa17e_183da9aa6f4_1cd8,912341155,American Samoa,Olosega,Samoa Islands,Eastern Indo-Pacific,American Samoa,PAC33,Ofu Harbour,-14.16,-169.68,8/20/2012,4,RLS,16,14:00:00,,,1,1,Chordata,Actinopterygii,Perciformes,Pomacentridae,Plectroglyphidodon lacrymatus,Plectroglyphidodon lacrymatus,5,2,13.7471,POINT (-169.67999267578125 -14.15999984741211)
ep_m1_public_data.fid-7cdaa17e_183da9aa6f4_1ce0,912341155,American Samoa,Olosega,Samoa Islands,Eastern Indo-Pacific,American Samoa,PAC33,Ofu Harbour,-14.16,-169.68,8/20/2012,4,RLS,16,14:00:00,,,1,1,Chordata,Actinopterygii,Perciformes,Labridae,Halichoeres hortulanus,Halichoeres hortulanus,5,1,2.8827,POINT (-169.67999267578125 -14.15999984741211)
ep_m1_public_data.fid-7cdaa17e_183da9aa6f4_1ce1,912341155,American Samoa,Olosega,Samoa Islands,Eastern Indo-Pacific,American Samoa,PAC33,Ofu Harbour,-14.16,-169.68,8/20/2012,4,RLS,16,14:00:00,,,1,1,Chordata,Actinopterygii,Perciformes,Labridae,Thalassoma amblycephalum,Thalassoma amblycephalum,7.5,4,40.5324,POINT (-169.67999267578125 -14.15999984741211)
ep_m1_public_data.fid-7cdaa17e_183da9aa6f4_1ce2,912341155,American Samoa,Olosega,Samoa Islands,Eastern Indo-Pacific,American Samoa,PAC33,Ofu Harbour,-14.16,-169.68,8/20/2012,4,RLS,16,14:00:00,,,1,1,Chordata,Actinopterygii,Perciformes,Pomacanthidae,Centropyge flavissima,Centropyge flavissima,5,5,36.8017,POINT (-169.67999267578125 -14.15999984741211)
ep_m1_public_data.fid-7cdaa17e_183da9aa6f4_1ce3,912341155,American Samoa,Olosega,Samoa Islands,Eastern Indo-Pacific,American Samoa,PAC33,Ofu Harbour,-14.16,-169.68,8/20/2012,4,RLS,16,14:00:00,,,1,1,Chordata,Actinopterygii,Perciformes,Pomacanthidae,Centropyge flavissima,Centropyge flavissima,10,3,153.2491,POINT (-169.67999267578125 -14.15999984741211)
ep_m1_public_data.fid-7cdaa17e_183da9aa6f4_1ce4,912341155,American Samoa,Olosega,Samoa Islands,Eastern Indo-Pacific,American Samoa,PAC33,Ofu Harbour,-14.16,-169.68,8/20/2012,4,RLS,16,14:00:00,,,1,1,Chordata,Actinopterygii,Tetraodontiformes,Balistidae,Sufflamen fraenatum,Sufflamen fraenatum,25,1,494.0031,POINT (-169.67999267578125 -14.15999984741211)
ep_m1_public_data.fid-7cdaa17e_183da9aa6f4_1ce5,912341155,American Samoa,Olosega,Samoa Islands,Eastern Indo-Pacific,American Samoa,PAC33,Ofu Harbour,-14.16,-169.68,8/20/2012,4,RLS,16,14:00:00,,,1,2,Chordata,Actinopterygii,Beryciformes,Holocentridae,Sargocentron spp.,Sargocentron spp.,20,2,479.4181,POINT (-169.67999267578125 -14.15999984741211)
ep_m1_public_data.fid-7cdaa17e_183da9aa6f4_1ce8,912341155,American Samoa,Olosega,Samoa Islands,Eastern Indo-Pacific,American Samoa,PAC33,Ofu Harbour,-14.16,-169.68,8/20/2012,4,RLS,16,14:00:00,,,1,1,Chordata,Actinopterygii,Tetraodontiformes,Balistidae,Sufflamen chrysopterum,Sufflamen chrysopterum,15,1,151.7121,POINT (-169.67999267578125 -14.15999984741211)
ep_m1_public_data.fid-7cdaa17e_183da9aa6f4_1ce9,912341155,American Samoa,Olosega,Samoa Islands,Eastern Indo-Pacific,American Samoa,PAC33,Ofu Harbour,-14.16,-169.68,8/20/2012,4,RLS,16,14:00:00,,,1,1,Chordata,Actinopterygii,Tetraodontiformes,Tetraodontidae,Canthigaster amboinensis,Canthigaster amboinensis,7.5,2,42.4728,POINT (-169.67999267578125 -14.15999984741211)
ep_m1_public_data.fid-7cdaa17e_183da9aa6f4_1d05,912341155,American Samoa,Olosega,Samoa Islands,Eastern Indo-Pacific,American Samoa,PAC33,Ofu Harbour,-14.16,-169.68,8/20/2012,4,RLS,16,14:00:00,,,1,1,Chordata,Actinopterygii,Beryciformes,Holocentridae,Neoniphon sammara,Neoniphon sammara,15,2,170.9196,POINT (-169.67999267578125 -14.15999984741211)
ep_m1_public_data.fid-7cdaa17e_183da9aa6f4_1d06,912341155,American Samoa,Olosega,Samoa Islands,Eastern Indo-Pacific,American Samoa,PAC33,Ofu Harbour,-14.16,-169.68,8/20/2012,4,RLS,16,14:00:00,,,1,1,Chordata,Actinopterygii,Perciformes,Labridae,Gomphosus varius,Gomphosus varius,12.5,2,55.5759,POINT (-169.67999267578125 -14.15999984741211)
ep_m1_public_data.fid-7cdaa17e_183da9aa6f4_1d07,912341155,American Samoa,Olosega,Samoa Islands,Eastern Indo-Pacific,American Samoa,PAC33,Ofu Harbour,-14.16,-169.68,8/20/2012,4,RLS,16,14:00:00,,,1,1,Chordata,Actinopterygii,Perciformes,Labridae,Halichoeres hortulanus,Halichoeres hortulanus,2.5,2,0.6894,POINT (-169.67999267578125 -14.15999984741211)
ep_m1_public_data.fid-7cdaa17e_183da9aa6f4_1d08,912341155,American Samoa,Olosega,Samoa Islands,Eastern Indo-Pacific,American Samoa,PAC33,Ofu Harbour,-14.16,-169.68,8/20/2012,4,RLS,16,14:00:00,,,1,1,Chordata,Actinopterygii,Perciformes,Mullidae,Parupeneus multifasciatus,Parupeneus multifasciatus,15,1,53.3441,POINT (-169.67999267578125 -14.15999984741211)
ep_m1_public_data.fid-7cdaa17e_183da9aa6f4_1d09,912341155,American Samoa,Olosega,Samoa Islands,Eastern Indo-Pacific,American Samoa,PAC33,Ofu Harbour,-14.16,-169.68,8/20/2012,4,RLS,16,14:00:00,,,1,1,Chordata,Actinopterygii,Perciformes,Pomacanthidae,Centropyge flavissima,Centropyge flavissima,7.5,8,182.8786,POINT (-169.67999267578125 -14.15999984741211)
ep_m1_public_data.fid-7cdaa17e_183da9aa6f4_1d0a,912341155,American Samoa,Olosega,Samoa Islands,Eastern Indo-Pacific,American Samoa,PAC33,Ofu Harbour,-14.16,-169.68,8/20/2012,4,RLS,16,14:00:00,,,1,1,Chordata,Actinopterygii,Perciformes,Serranidae,Epinephelus merra,Epinephelus merra,20,2,359.1408,POINT (-169.67999267578125 -14.15999984741211)
ep_m1_public_data.fid-7cdaa17e_183da9aa6f4_1d33,912341155,American Samoa,Olosega,Samoa Islands,Eastern Indo-Pacific,American Samoa,PAC33,Ofu Harbour,-14.16,-169.68,8/20/2012,4,RLS,16,14:00:00,,,1,1,Chordata,Actinopterygii,Beryciformes,Holocentridae,Sargocentron microstoma,Sargocentron microstoma,15,8,888.4924,POINT (-169.67999267578125 -14.15999984741211)
ep_m1_public_data.fid-7cdaa17e_183da9aa6f4_1d34,912341155,American Samoa,Olosega,Samoa Islands,Eastern Indo-Pacific,American Samoa,PAC33,Ofu Harbour,-14.16,-169.68,8/20/2012,4,RLS,16,14:00:00,,,1,1,Chordata,Actinopterygii,Perciformes,Acanthuridae,Acanthurus nigricans,Acanthurus nigricans,20,5,1350.6808,POINT (-169.67999267578125 -14.15999984741211)
ep_m1_public_data.fid-7cdaa17e_183da9aa6f4_1d35,912341155,American Samoa,Olosega,Samoa Islands,Eastern Indo-Pacific,American Samoa,PAC33,Ofu Harbour,-14.16,-169.68,8/20/2012,4,RLS,16,14:00:00,,,1,1,Chordata,Actinopterygii,Perciformes,Acanthuridae,Acanthurus nigrofuscus,Acanthurus nigrofuscus,10,2,61.3728,POINT (-169.67999267578125 -14.15999984741211)
ep_m1_public_data.fid-7cdaa17e_183da9aa6f4_1d36,912341155,American Samoa,Olosega,Samoa Islands,Eastern Indo-Pacific,American Samoa,PAC33,Ofu Harbour,-14.16,-169.68,8/20/2012,4,RLS,16,14:00:00,,,1,1,Chordata,Actinopterygii,Perciformes,Acanthuridae,Acanthurus triostegus,Acanthurus triostegus,12.5,6,537.1159,POINT (-169.67999267578125 -14.15999984741211)
ep_m1_public_data.fid-7cdaa17e_183da9aa6f4_1d37,912341155,American Samoa,Olosega,Samoa Islands,Eastern Indo-Pacific,American Samoa,PAC33,Ofu Harbour,-14.16,-169.68,8/20/2012,4,RLS,16,14:00:00,,,1,1,Chordata,Actinopterygii,Perciformes,Acanthuridae,Ctenochaetus striatus,Ctenochaetus striatus,20,28,6696.517,POINT (-169.67999267578125 -14.15999984741211)
ep_m1_public_data.fid-7cdaa17e_183da9aa6f4_1d38,912341155,American Samoa,Olosega,Samoa Islands,Eastern Indo-Pacific,American Samoa,PAC33,Ofu Harbour,-14.16,-169.68,8/20/2012,4,RLS,16,14:00:00,,,1,1,Chordata,Actinopterygii,Perciformes,Apogonidae,Cheilodipterus quinquelineatus,Cheilodipterus quinquelineatus,2.5,1,0.3308,POINT (-169.67999267578125 -14.15999984741211)
ep_m1_public_data.fid-7cdaa17e_183da9aa6f4_1d39,912341155,American Samoa,Olosega,Samoa Islands,Eastern Indo-Pacific,American Samoa,PAC33,Ofu Harbour,-14.16,-169.68,8/20/2012,4,RLS,16,14:00:00,,,1,1,Chordata,Actinopterygii,Perciformes,Chaetodontidae,Forcipiger flavissimus,Forcipiger flavissimus,12.5,1,37.9943,POINT (-169.67999267578125 -14.15999984741211)
ep_m1_public_data.fid-7cdaa17e_183da9aa6f4_1d3a,912341155,American Samoa,Olosega,Samoa Islands,Eastern Indo-Pacific,American Samoa,PAC33,Ofu Harbour,-14.16,-169.68,8/20/2012,4,RLS,16,14:00:00,,,1,1,Chordata,Actinopterygii,Perciformes,Labridae,Thalassoma quinquevittatum,Thalassoma quinquevittatum,5,3,9.0072,POINT (-169.67999267578125 -14.15999984741211)
ep_m1_public_data.fid-7cdaa17e_183da9aa6f4_1d3b,912341155,American Samoa,Olosega,Samoa Islands,Eastern Indo-Pacific,American Samoa,PAC33,Ofu Harbour,-14.16,-169.68,8/20/2012,4,RLS,16,14:00:00,,,1,1,Chordata,Actinopterygii,Perciformes,Labridae,Thalassoma quinquevittatum,Thalassoma quinquevittatum,7.5,6,60.7986,POINT (-169.67999267578125 -14.15999984741211)
ep_m1_public_data.fid-7cdaa17e_183da9aa6f4_1d3c,912341155,American Samoa,Olosega,Samoa Islands,Eastern Indo-Pacific,American Samoa,PAC33,Ofu Harbour,-14.16,-169.68,8/20/2012,4,RLS,16,14:00:00,,,1,1,Chordata,Actinopterygii,Perciformes,Lethrinidae,Monotaxis grandoculis,Monotaxis grandoculis,20,1,233.1289,POINT (-169.67999267578125 -14.15999984741211)
ep_m1_public_data.fid-7cdaa17e_183da9aa6f4_1d3d,912341155,American Samoa,Olosega,Samoa Islands,Eastern Indo-Pacific,American Samoa,PAC33,Ofu Harbour,-14.16,-169.68,8/20/2012,4,RLS,16,14:00:00,,,1,1,Chordata,Actinopterygii,Perciformes,Pomacentridae,Amphiprion melanopus,Amphiprion melanopus,5,3,16.6055,POINT (-169.67999267578125 -14.15999984741211)
ep_m1_public_data.fid-7cdaa17e_183da9aa6f4_1d3e,912341155,American Samoa,Olosega,Samoa Islands,Eastern Indo-Pacific,American Samoa,PAC33,Ofu Harbour,-14.16,-169.68,8/20/2012,4,RLS,16,14:00:00,,,1,1,Chordata,Actinopterygii,Perciformes,Pomacentridae,Chrysiptera taupou,Chrysiptera taupou,5,8,33.6607,POINT (-169.67999267578125 -14.15999984741211)
ep_m1_public_data.fid-7cdaa17e_183da9aa6f4_1d3f,912341155,American Samoa,Olosega,Samoa Islands,Eastern Indo-Pacific,American Samoa,PAC33,Ofu Harbour,-14.16,-169.68,8/20/2012,4,RLS,16,14:00:00,,,1,1,Chordata,Actinopterygii,Perciformes,Scaridae,Chlorurus sordidus,Chlorurus sordidus,30,2,1228.2533,POINT (-169.67999267578125 -14.15999984741211)
ep_m1_public_data.fid-7cdaa17e_183da9aa6f4_1d40,912341155,American Samoa,Olosega,Samoa Islands,Eastern Indo-Pacific,American Samoa,PAC33,Ofu Harbour,-14.16,-169.68,8/20/2012,4,RLS,16,14:00:00,,,1,2,Chordata,Actinopterygii,Beryciformes,Holocentridae,Neoniphon sammara,Neoniphon sammara,15,18,1538.2764,POINT (-169.67999267578125 -14.15999984741211)
ep_m1_public_data.fid-7cdaa17e_183da9aa6f4_1d41,912341155,American Samoa,Olosega,Samoa Islands,Eastern Indo-Pacific,American Samoa,PAC33,Ofu Harbour,-14.16,-169.68,8/20/2012,4,RLS,16,14:00:00,,,1,2,Chordata,Actinopterygii,Perciformes,Acanthuridae,Acanthurus nigrofuscus,Acanthurus nigrofuscus,10,4,122.7456,POINT (-169.67999267578125 -14.15999984741211)
,,,,,,,,,,,,,,,,,,,,,,,,,,13.31349206,771,69135.6237,
