ep_m1_public_data.fid-7cdaa17e_183da9dac93_-7b42,912341092,French Polynesia,Society Islands,Society Islands,Eastern Indo-Pacific,Society Islands,PAC1,Moorea Baie de Cook Channel Entrance,-17.48,-149.82,7/21/2012,5,RLS,14,15:00:00,,,1,1,Chordata,Actinopterygii,Beryciformes,Holocentridae,Myripristis berndti,Myripristis berndti,12.5,2,152.1388,POINT (-149.82000732421875 -17.479999542236328)
ep_m1_public_data.fid-7cdaa17e_183da9dac93_-7b41,912341092,French Polynesia,Society Islands,Society Islands,Eastern Indo-Pacific,Society Islands,PAC1,Moorea Baie de Cook Channel Entrance,-17.48,-149.82,7/21/2012,5,RLS,14,15:00:00,,,1,1,Chordata,Actinopterygii,Beryciformes,Holocentridae,Myripristis kuntee,Myripristis kuntee,12.5,2,151.1432,POINT (-149.82000732421875 -17.479999542236328)
ep_m1_public_data.fid-7cdaa17e_183da9dac93_-7b40,912341092,French Polynesia,Society Islands,Society Islands,Eastern Indo-Pacific,Society Islands,PAC1,Moorea Baie de Cook Channel Entrance,-17.48,-149.82,7/21/2012,5,RLS,14,15:00:00,,,1,1,Chordata,Actinopterygii,Beryciformes,Holocentridae,Myripristis kuntee,Myripristis kuntee,20,1,348.0683,POINT (-149.82000732421875 -17.479999542236328)
ep_m1_public_data.fid-7cdaa17e_183da9dac93_-7b3f,912341092,French Polynesia,Society Islands,Society Islands,Eastern Indo-Pacific,Society Islands,PAC1,Moorea Baie de Cook Channel Entrance,-17.48,-149.82,7/21/2012,5,RLS,14,15:00:00,,,1,1,Chordata,Actinopterygii,Beryciformes,Holocentridae,Sargocentron diadema,Sargocentron diadema,10,3,116.3525,POINT (-149.82000732421875 -17.479999542236328)
ep_m1_public_data.fid-7cdaa17e_183da9dac93_-7b3e,912341092,French Polynesia,Society Islands,Society Islands,Eastern Indo-Pacific,Society Islands,PAC1,Moorea Baie de Cook Channel Entrance,-17.48,-149.82,7/21/2012,5,RLS,14,15:00:00,,,1,1,Chordata,Actinopterygii,Perciformes,Acanthuridae,Acanthurus pyroferus,Acanthurus pyroferus,15,5,490.5327,POINT (-149.82000732421875 -17.479999542236328)
ep_m1_public_data.fid-7cdaa17e_183da9dac93_-7b3d,912341092,French Polynesia,Society Islands,Society Islands,Eastern Indo-Pacific,Society Islands,PAC1,Moorea Baie de Cook Channel Entrance,-17.48,-149.82,7/21/2012,5,RLS,14,15:00:00,,,1,1,Chordata,Actinopterygii,Perciformes,Acanthuridae,Ctenochaetus striatus,Ctenochaetus striatus,7.5,25,324.5373,POINT (-149.82000732421875 -17.479999542236328)
ep_m1_public_data.fid-7cdaa17e_183da9dac93_-7b3c,912341092,French Polynesia,Society Islands,Society Islands,Eastern Indo-Pacific,Society Islands,PAC1,Moorea Baie de Cook Channel Entrance,-17.48,-149.82,7/21/2012,5,RLS,14,15:00:00,,,1,1,Chordata,Actinopterygii,Perciformes,Acanthuridae,Ctenochaetus striatus,Ctenochaetus striatus,12.5,22,1365.4316,POINT (-149.82000732421875 -17.479999542236328)
ep_m1_public_data.fid-7cdaa17e_183da9dac93_-7b3b,912341092,French Polynesia,Society Islands,Society Islands,Eastern Indo-Pacific,Society Islands,PAC1,Moorea Baie de Cook Channel Entrance,-17.48,-149.82,7/21/2012,5,RLS,14,15:00:00,,,1,1,Chordata,Actinopterygii,Perciformes,Acanthuridae,Ctenochaetus striatus,Ctenochaetus striatus,15,4,433.9498,POINT (-149.82000732421875 -17.479999542236328)
ep_m1_public_data.fid-7cdaa17e_183da9dac93_-7b3a,912341092,French Polynesia,Society Islands,Society Islands,Eastern Indo-Pacific,Society Islands,PAC1,Moorea Baie de Cook Channel Entrance,-17.48,-149.82,7/21/2012,5,RLS,14,15:00:00,,,1,1,Chordata,Actinopterygii,Perciformes,Acanthuridae,Zebrasoma scopas,Zebrasoma scopas,7.5,8,167.1209,POINT (-149.82000732421875 -17.479999542236328)
ep_m1_public_data.fid-7cdaa17e_183da9dac93_-7b39,912341092,French Polynesia,Society Islands,Society Islands,Eastern Indo-Pacific,Society Islands,PAC1,Moorea Baie de Cook Channel Entrance,-17.48,-149.82,7/21/2012,5,RLS,14,15:00:00,,,1,1,Chordata,Actinopterygii,Perciformes,Acanthuridae,Zebrasoma scopas,Zebrasoma scopas,10,3,148.2531,POINT (-149.82000732421875 -17.479999542236328)
ep_m1_public_data.fid-7cdaa17e_183da9dac93_-7b38,912341092,French Polynesia,Society Islands,Society Islands,Eastern Indo-Pacific,Society Islands,PAC1,Moorea Baie de Cook Channel Entrance,-17.48,-149.82,7/21/2012,5,RLS,14,15:00:00,,,1,1,Chordata,Actinopterygii,Perciformes,Apogonidae,Cheilodipterus quinquelineatus,Cheilodipterus quinquelineatus,2.5,6,1.9845,POINT (-149.82000732421875 -17.479999542236328)
ep_m1_public_data.fid-7cdaa17e_183da9dac93_-7b37,912341092,French Polynesia,Society Islands,Society Islands,Eastern Indo-Pacific,Society Islands,PAC1,Moorea Baie de Cook Channel Entrance,-17.48,-149.82,7/21/2012,5,RLS,14,15:00:00,,,1,1,Chordata,Actinopterygii,Perciformes,Apogonidae,Cheilodipterus quinquelineatus,Cheilodipterus quinquelineatus,5,4,10.5769,POINT (-149.82000732421875 -17.479999542236328)
ep_m1_public_data.fid-7cdaa17e_183da9dac93_-7b36,912341092,French Polynesia,Society Islands,Society Islands,Eastern Indo-Pacific,Society Islands,PAC1,Moorea Baie de Cook Channel Entrance,-17.48,-149.82,7/21/2012,5,RLS,14,15:00:00,,,1,1,Chordata,Actinopterygii,Perciformes,Apogonidae,Cheilodipterus quinquelineatus,Cheilodipterus quinquelineatus,7.5,2,17.8413,POINT (-149.82000732421875 -17.479999542236328)
ep_m1_public_data.fid-7cdaa17e_183da9dac93_-7b35,912341092,French Polynesia,Society Islands,Society Islands,Eastern Indo-Pacific,Society Islands,PAC1,Moorea Baie de Cook Channel Entrance,-17.48,-149.82,7/21/2012,5,RLS,14,15:00:00,,,1,1,Chordata,Actinopterygii,Perciformes,Apogonidae,Pristiapogon kallopterus,Pristiapogon kallopterus,7.5,3,42.5354,POINT (-149.82000732421875 -17.479999542236328)
ep_m1_public_data.fid-7cdaa17e_183da9dac93_-7b34,912341092,French Polynesia,Society Islands,Society Islands,Eastern Indo-Pacific,Society Islands,PAC1,Moorea Baie de Cook Channel Entrance,-17.48,-149.82,7/21/2012,5,RLS,14,15:00:00,,,1,1,Chordata,Actinopterygii,Perciformes,Blenniidae,Plagiotremus rhinorhynchos,Plagiotremus rhinorhynchos,5,1,0.8808,POINT (-149.82000732421875 -17.479999542236328)
ep_m1_public_data.fid-7cdaa17e_183da9dac93_-7b33,912341092,French Polynesia,Society Islands,Society Islands,Eastern Indo-Pacific,Society Islands,PAC1,Moorea Baie de Cook Channel Entrance,-17.48,-149.82,7/21/2012,5,RLS,14,15:00:00,,,1,1,Chordata,Actinopterygii,Perciformes,Blenniidae,Plagiotremus rhinorhynchos,Plagiotremus rhinorhynchos,7.5,1,4.0985,POINT (-149.82000732421875 -17.479999542236328)
ep_m1_public_data.fid-7cdaa17e_183da9dac93_-7b32,912341092,French Polynesia,Society Islands,Society Islands,Eastern Indo-Pacific,Society Islands,PAC1,Moorea Baie de Cook Channel Entrance,-17.48,-149.82,7/21/2012,5,RLS,14,15:00:00,,,1,1,Chordata,Actinopterygii,Perciformes,Labridae,Halichoeres trimaculatus,Halichoeres trimaculatus,2.5,2,1.1111,POINT (-149.82000732421875 -17.479999542236328)
ep_m1_public_data.fid-7cdaa17e_183da9dac93_-7b31,912341092,French Polynesia,Society Islands,Society Islands,Eastern Indo-Pacific,Society Islands,PAC1,Moorea Baie de Cook Channel Entrance,-17.48,-149.82,7/21/2012,5,RLS,14,15:00:00,,,1,1,Chordata,Actinopterygii,Perciformes,Labridae,Labroides dimidiatus,Labroides dimidiatus,5,2,3.8556,POINT (-149.82000732421875 -17.479999542236328)
ep_m1_public_data.fid-7cdaa17e_183da9dac93_-7b30,912341092,French Polynesia,Society Islands,Society Islands,Eastern Indo-Pacific,Society Islands,PAC1,Moorea Baie de Cook Channel Entrance,-17.48,-149.82,7/21/2012,5,RLS,14,15:00:00,,,1,1,Chordata,Actinopterygii,Perciformes,Labridae,Labroides rubrolabiatus,Labroides rubrolabiatus,7.5,2,14.2902,POINT (-149.82000732421875 -17.479999542236328)
ep_m1_public_data.fid-7cdaa17e_183da9dac93_-7b2f,912341092,French Polynesia,Society Islands,Society Islands,Eastern Indo-Pacific,Society Islands,PAC1,Moorea Baie de Cook Channel Entrance,-17.48,-149.82,7/21/2012,5,RLS,14,15:00:00,,,1,1,Chordata,Actinopterygii,Perciformes,Labridae,Thalassoma hardwicke,Thalassoma hardwicke,7.5,2,15.4927,POINT (-149.82000732421875 -17.479999542236328)
ep_m1_public_data.fid-7cdaa17e_183da9dac93_-7b2e,912341092,French Polynesia,Society Islands,Society Islands,Eastern Indo-Pacific,Society Islands,PAC1,Moorea Baie de Cook Channel Entrance,-17.48,-149.82,7/21/2012,5,RLS,14,15:00:00,,,1,1,Chordata,Actinopterygii,Perciformes,Labridae,Thalassoma hardwicke,Thalassoma hardwicke,10,4,72.9834,POINT (-149.82000732421875 -17.479999542236328)
ep_m1_public_data.fid-7cdaa17e_183da9dac93_-7b2d,912341092,French Polynesia,Society Islands,Society Islands,Eastern Indo-Pacific,Society Islands,PAC1,Moorea Baie de Cook Channel Entrance,-17.48,-149.82,7/21/2012,5,RLS,14,15:00:00,,,1,1,Chordata,Actinopterygii,Perciformes,Labridae,Thalassoma hardwicke,Thalassoma hardwicke,12.5,3,106.3858,POINT (-149.82000732421875 -17.479999542236328)
ep_m1_public_data.fid-7cdaa17e_183da9dac93_-7b2c,912341092,French Polynesia,Society Islands,Society Islands,Eastern Indo-Pacific,Society Islands,PAC1,Moorea Baie de Cook Channel Entrance,-17.48,-149.82,7/21/2012,5,RLS,14,15:00:00,,,1,1,Chordata,Actinopterygii,Perciformes,Lethrinidae,Gnathodentex aureolineatus,Gnathodentex aureolineatus,7.5,2,22.1664,POINT (-149.82000732421875 -17.479999542236328)
ep_m1_public_data.fid-7cdaa17e_183da9dac93_-7b2b,912341092,French Polynesia,Society Islands,Society Islands,Eastern Indo-Pacific,Society Islands,PAC1,Moorea Baie de Cook Channel Entrance,-17.48,-149.82,7/21/2012,5,RLS,14,15:00:00,,,1,1,Chordata,Actinopterygii,Perciformes,Lethrinidae,Gnathodentex aureolineatus,Gnathodentex aureolineatus,10,2,52.3314,POINT (-149.82000732421875 -17.479999542236328)
ep_m1_public_data.fid-7cdaa17e_183da9dac93_-7b2a,912341092,French Polynesia,Society Islands,Society Islands,Eastern Indo-Pacific,Society Islands,PAC1,Moorea Baie de Cook Channel Entrance,-17.48,-149.82,7/21/2012,5,RLS,14,15:00:00,,,1,1,Chordata,Actinopterygii,Perciformes,Lethrinidae,Monotaxis grandoculis,Monotaxis grandoculis,5,1,3.8638,POINT (-149.82000732421875 -17.479999542236328)
ep_m1_public_data.fid-7cdaa17e_183da9dac93_-7b29,912341092,French Polynesia,Society Islands,Society Islands,Eastern Indo-Pacific,Society Islands,PAC1,Moorea Baie de Cook Channel Entrance,-17.48,-149.82,7/21/2012,5,RLS,14,15:00:00,,,1,1,Chordata,Actinopterygii,Perciformes,Mullidae,Parupeneus multifasciatus,Parupeneus multifasciatus,15,1,53.3441,POINT (-149.82000732421875 -17.479999542236328)
ep_m1_public_data.fid-7cdaa17e_183da9dac93_-7b28,912341092,French Polynesia,Society Islands,Society Islands,Eastern Indo-Pacific,Society Islands,PAC1,Moorea Baie de Cook Channel Entrance,-17.48,-149.82,7/21/2012,5,RLS,14,15:00:00,,,1,1,Chordata,Actinopterygii,Perciformes,Pomacanthidae,Centropyge bispinosa,Centropyge bispinosa,7.5,2,37.5742,POINT (-149.82000732421875 -17.479999542236328)
ep_m1_public_data.fid-7cdaa17e_183da9dac93_-7b27,912341092,French Polynesia,Society Islands,Society Islands,Eastern Indo-Pacific,Society Islands,PAC1,Moorea Baie de Cook Channel Entrance,-17.48,-149.82,7/21/2012,5,RLS,14,15:00:00,,,1,1,Chordata,Actinopterygii,Perciformes,Pomacentridae,Abudefduf sexfasciatus,Abudefduf sexfasciatus,7.5,8,113.6023,POINT (-149.82000732421875 -17.479999542236328)
ep_m1_public_data.fid-7cdaa17e_183da9dac93_-7b26,912341092,French Polynesia,Society Islands,Society Islands,Eastern Indo-Pacific,Society Islands,PAC1,Moorea Baie de Cook Channel Entrance,-17.48,-149.82,7/21/2012,5,RLS,14,15:00:00,,,1,1,Chordata,Actinopterygii,Perciformes,Pomacentridae,Abudefduf sexfasciatus,Abudefduf sexfasciatus,10,14,486.39,POINT (-149.82000732421875 -17.479999542236328)
ep_m1_public_data.fid-7cdaa17e_183da9dac93_-7b25,912341092,French Polynesia,Society Islands,Society Islands,Eastern Indo-Pacific,Society Islands,PAC1,Moorea Baie de Cook Channel Entrance,-17.48,-149.82,7/21/2012,5,RLS,14,15:00:00,,,1,1,Chordata,Actinopterygii,Perciformes,Pomacentridae,Abudefduf sexfasciatus,Abudefduf sexfasciatus,15,4,490.4112,POINT (-149.82000732421875 -17.479999542236328)
ep_m1_public_data.fid-7cdaa17e_183da9dac93_-7b24,912341092,French Polynesia,Society Islands,Society Islands,Eastern Indo-Pacific,Society Islands,PAC1,Moorea Baie de Cook Channel Entrance,-17.48,-149.82,7/21/2012,5,RLS,14,15:00:00,,,1,1,Chordata,Actinopterygii,Perciformes,Pomacentridae,Chromis atripectoralis,Chromis atripectoralis,7.5,8,112.8606,POINT (-149.82000732421875 -17.479999542236328)
ep_m1_public_data.fid-7cdaa17e_183da9dac93_-7b23,912341092,French Polynesia,Society Islands,Society Islands,Eastern Indo-Pacific,Society Islands,PAC1,Moorea Baie de Cook Channel Entrance,-17.48,-149.82,7/21/2012,5,RLS,14,15:00:00,,,1,1,Chordata,Actinopterygii,Perciformes,Pomacentridae,Dascyllus flavicaudus,Dascyllus flavicaudus,5,12,76.765,POINT (-149.82000732421875 -17.479999542236328)
ep_m1_public_data.fid-7cdaa17e_183da9dac93_-7b22,912341092,French Polynesia,Society Islands,Society Islands,Eastern Indo-Pacific,Society Islands,PAC1,Moorea Baie de Cook Channel Entrance,-17.48,-149.82,7/21/2012,5,RLS,14,15:00:00,,,1,1,Chordata,Actinopterygii,Perciformes,Pomacentridae,Dascyllus flavicaudus,Dascyllus flavicaudus,7.5,16,364.5824,POINT (-149.82000732421875 -17.479999542236328)
ep_m1_public_data.fid-7cdaa17e_183da9dac93_-7b21,912341092,French Polynesia,Society Islands,Society Islands,Eastern Indo-Pacific,Society Islands,PAC1,Moorea Baie de Cook Channel Entrance,-17.48,-149.82,7/21/2012,5,RLS,14,15:00:00,,,1,1,Chordata,Actinopterygii,Perciformes,Pomacentridae,Dascyllus trimaculatus,Dascyllus trimaculatus,10,12,594.5781,POINT (-149.82000732421875 -17.479999542236328)
ep_m1_public_data.fid-7cdaa17e_183da9dac93_-7b20,912341092,French Polynesia,Society Islands,Society Islands,Eastern Indo-Pacific,Society Islands,PAC1,Moorea Baie de Cook Channel Entrance,-17.48,-149.82,7/21/2012,5,RLS,14,15:00:00,,,1,1,Chordata,Actinopterygii,Perciformes,Pomacentridae,Plectroglyphidodon lacrymatus,Plectroglyphidodon lacrymatus,7.5,6,120.0416,POINT (-149.82000732421875 -17.479999542236328)
ep_m1_public_data.fid-7cdaa17e_183da9dac93_-7b1f,912341092,French Polynesia,Society Islands,Society Islands,Eastern Indo-Pacific,Society Islands,PAC1,Moorea Baie de Cook Channel Entrance,-17.48,-149.82,7/21/2012,5,RLS,14,15:00:00,,,1,1,Chordata,Actinopterygii,Perciformes,Pomacentridae,Plectroglyphidodon lacrymatus,Plectroglyphidodon lacrymatus,10,2,85.3933,POINT (-149.82000732421875 -17.479999542236328)
ep_m1_public_data.fid-7cdaa17e_183da9dac93_-7b1e,912341092,French Polynesia,Society Islands,Society Islands,Eastern Indo-Pacific,Society Islands,PAC1,Moorea Baie de Cook Channel Entrance,-17.48,-149.82,7/21/2012,5,RLS,14,15:00:00,,,1,1,Chordata,Actinopterygii,Perciformes,Pomacentridae,Pomacentrus pavo,Pomacentrus pavo,7.5,24,192.7715,POINT (-149.82000732421875 -17.479999542236328)
ep_m1_public_data.fid-7cdaa17e_183da9dac93_-7b1d,912341092,French Polynesia,Society Islands,Society Islands,Eastern Indo-Pacific,Society Islands,PAC1,Moorea Baie de Cook Channel Entrance,-17.48,-149.82,7/21/2012,5,RLS,14,15:00:00,,,1,1,Chordata,Actinopterygii,Perciformes,Pomacentridae,Pomacentrus pavo,Pomacentrus pavo,10,15,267.6873,POINT (-149.82000732421875 -17.479999542236328)
ep_m1_public_data.fid-7cdaa17e_183da9dac93_-7b1c,912341092,French Polynesia,Society Islands,Society Islands,Eastern Indo-Pacific,Society Islands,PAC1,Moorea Baie de Cook Channel Entrance,-17.48,-149.82,7/21/2012,5,RLS,14,15:00:00,,,1,1,Chordata,Actinopterygii,Perciformes,Pomacentridae,Stegastes nigricans,Stegastes nigricans,7.5,2,38.7476,POINT (-149.82000732421875 -17.479999542236328)
ep_m1_public_data.fid-7cdaa17e_183da9dac93_-7b1b,912341092,French Polynesia,Society Islands,Society Islands,Eastern Indo-Pacific,Society Islands,PAC1,Moorea Baie de Cook Channel Entrance,-17.48,-149.82,7/21/2012,5,RLS,14,15:00:00,,,1,1,Chordata,Actinopterygii,Perciformes,Scaridae,Chlorurus sordidus,Chlorurus sordidus,5,2,9.9304,POINT (-149.82000732421875 -17.479999542236328)
ep_m1_public_data.fid-7cdaa17e_183da9dac93_-7b1a,912341092,French Polynesia,Society Islands,Society Islands,Eastern Indo-Pacific,Society Islands,PAC1,Moorea Baie de Cook Channel Entrance,-17.48,-149.82,7/21/2012,5,RLS,14,15:00:00,,,1,1,Chordata,Actinopterygii,Perciformes,Scaridae,Chlorurus sordidus,Chlorurus sordidus,20,1,278.7957,POINT (-149.82000732421875 -17.479999542236328)
ep_m1_public_data.fid-7cdaa17e_183da9dac93_-7b19,912341092,French Polynesia,Society Islands,Society Islands,Eastern Indo-Pacific,Society Islands,PAC1,Moorea Baie de Cook Channel Entrance,-17.48,-149.82,7/21/2012,5,RLS,14,15:00:00,,,1,1,Chordata,Actinopterygii,Perciformes,Scaridae,Scarus globiceps,Scarus globiceps,7.5,3,39.476,POINT (-149.82000732421875 -17.479999542236328)
ep_m1_public_data.fid-7cdaa17e_183da9dac93_-7b18,912341092,French Polynesia,Society Islands,Society Islands,Eastern Indo-Pacific,Society Islands,PAC1,Moorea Baie de Cook Channel Entrance,-17.48,-149.82,7/21/2012,5,RLS,14,15:00:00,,,1,1,Chordata,Actinopterygii,Tetraodontiformes,Balistidae,Balistapus undulatus,Balistapus undulatus,10,3,106.776,POINT (-149.82000732421875 -17.479999542236328)
ep_m1_public_data.fid-7cdaa17e_183da9dac93_-7b17,912341092,French Polynesia,Society Islands,Society Islands,Eastern Indo-Pacific,Society Islands,PAC1,Moorea Baie de Cook Channel Entrance,-17.48,-149.82,7/21/2012,5,RLS,14,15:00:00,,,1,1,Chordata,Actinopterygii,Tetraodontiformes,Balistidae,Balistapus undulatus,Balistapus undulatus,12.5,4,270.4137,POINT (-149.82000732421875 -17.479999542236328)
ep_m1_public_data.fid-7cdaa17e_183da9dac93_-7b16,912341092,French Polynesia,Society Islands,Society Islands,Eastern Indo-Pacific,Society Islands,PAC1,Moorea Baie de Cook Channel Entrance,-17.48,-149.82,7/21/2012,5,RLS,14,15:00:00,,,1,1,Chordata,Actinopterygii,Tetraodontiformes,Balistidae,Melichthys vidua,Melichthys vidua,12.5,4,270.4137,POINT (-149.82000732421875 -17.479999542236328)
ep_m1_public_data.fid-7cdaa17e_183da9dac93_-7b15,912341092,French Polynesia,Society Islands,Society Islands,Eastern Indo-Pacific,Society Islands,PAC1,Moorea Baie de Cook Channel Entrance,-17.48,-149.82,7/21/2012,5,RLS,14,15:00:00,,,1,1,Chordata,Actinopterygii,Tetraodontiformes,Balistidae,Melichthys vidua,Melichthys vidua,15,4,456.746,POINT (-149.82000732421875 -17.479999542236328)
ep_m1_public_data.fid-7cdaa17e_183da9dac93_-7b14,912341092,French Polynesia,Society Islands,Society Islands,Eastern Indo-Pacific,Society Islands,PAC1,Moorea Baie de Cook Channel Entrance,-17.48,-149.82,7/21/2012,5,RLS,14,15:00:00,,,1,1,Chordata,Actinopterygii,Tetraodontiformes,Tetraodontidae,Canthigaster papua,Canthigaster papua,2.5,1,0.8282,POINT (-149.82000732421875 -17.479999542236328)
ep_m1_public_data.fid-7cdaa17e_183da9dac93_-7b13,912341092,French Polynesia,Society Islands,Society Islands,Eastern Indo-Pacific,Society Islands,PAC1,Moorea Baie de Cook Channel Entrance,-17.48,-149.82,7/21/2012,5,RLS,14,15:00:00,,,1,2,Chordata,Actinopterygii,Beryciformes,Holocentridae,Sargocentron diadema,Sargocentron diadema,7.5,1,16.5753,POINT (-149.82000732421875 -17.479999542236328)
ep_m1_public_data.fid-7cdaa17e_183da9dac93_-7b12,912341092,French Polynesia,Society Islands,Society Islands,Eastern Indo-Pacific,Society Islands,PAC1,Moorea Baie de Cook Channel Entrance,-17.48,-149.82,7/21/2012,5,RLS,14,15:00:00,,,1,2,Chordata,Actinopterygii,Beryciformes,Holocentridae,Sargocentron diadema,Sargocentron diadema,10,1,38.7842,POINT (-149.82000732421875 -17.479999542236328)
ep_m1_public_data.fid-7cdaa17e_183da9dac93_-7b11,912341092,French Polynesia,Society Islands,Society Islands,Eastern Indo-Pacific,Society Islands,PAC1,Moorea Baie de Cook Channel Entrance,-17.48,-149.82,7/21/2012,5,RLS,14,15:00:00,,,1,2,Chordata,Actinopterygii,Beryciformes,Holocentridae,Sargocentron microstoma,Sargocentron microstoma,10,2,66.3232,POINT (-149.82000732421875 -17.479999542236328)
ep_m1_public_data.fid-7cdaa17e_183da9dac93_-7b10,912341092,French Polynesia,Society Islands,Society Islands,Eastern Indo-Pacific,Society Islands,PAC1,Moorea Baie de Cook Channel Entrance,-17.48,-149.82,7/21/2012,5,RLS,14,15:00:00,,,1,2,Chordata,Actinopterygii,Perciformes,Acanthuridae,Acanthurus pyroferus,Acanthurus pyroferus,15,4,392.4262,POINT (-149.82000732421875 -17.479999542236328)
ep_m1_public_data.fid-7cdaa17e_183da9dac93_-7b0f,912341092,French Polynesia,Society Islands,Society Islands,Eastern Indo-Pacific,Society Islands,PAC1,Moorea Baie de Cook Channel Entrance,-17.48,-149.82,7/21/2012,5,RLS,14,15:00:00,,,1,2,Chordata,Actinopterygii,Perciformes,Acanthuridae,Ctenochaetus flavicauda,Ctenochaetus flavicauda,5,2,7.7769,POINT (-149.82000732421875 -17.479999542236328)
ep_m1_public_data.fid-7cdaa17e_183da9dac93_-7b0e,912341092,French Polynesia,Society Islands,Society Islands,Eastern Indo-Pacific,Society Islands,PAC1,Moorea Baie de Cook Channel Entrance,-17.48,-149.82,7/21/2012,5,RLS,14,15:00:00,,,1,2,Chordata,Actinopterygii,Perciformes,Acanthuridae,Ctenochaetus striatus,Ctenochaetus striatus,7.5,15,194.7224,POINT (-149.82000732421875 -17.479999542236328)
ep_m1_public_data.fid-7cdaa17e_183da9dac93_-7b0d,912341092,French Polynesia,Society Islands,Society Islands,Eastern Indo-Pacific,Society Islands,PAC1,Moorea Baie de Cook Channel Entrance,-17.48,-149.82,7/21/2012,5,RLS,14,15:00:00,,,1,2,Chordata,Actinopterygii,Perciformes,Acanthuridae,Ctenochaetus striatus,Ctenochaetus striatus,10,25,783.343,POINT (-149.82000732421875 -17.479999542236328)
ep_m1_public_data.fid-7cdaa17e_183da9dac93_-7b0c,912341092,French Polynesia,Society Islands,Society Islands,Eastern Indo-Pacific,Society Islands,PAC1,Moorea Baie de Cook Channel Entrance,-17.48,-149.82,7/21/2012,5,RLS,14,15:00:00,,,1,2,Chordata,Actinopterygii,Perciformes,Acanthuridae,Ctenochaetus striatus,Ctenochaetus striatus,15,14,1518.8241,POINT (-149.82000732421875 -17.479999542236328)
ep_m1_public_data.fid-7cdaa17e_183da9dac93_-7b0b,912341092,French Polynesia,Society Islands,Society Islands,Eastern Indo-Pacific,Society Islands,PAC1,Moorea Baie de Cook Channel Entrance,-17.48,-149.82,7/21/2012,5,RLS,14,15:00:00,,,1,2,Chordata,Actinopterygii,Perciformes,Acanthuridae,Zebrasoma scopas,Zebrasoma scopas,5,8,49.6581,POINT (-149.82000732421875 -17.479999542236328)
ep_m1_public_data.fid-7cdaa17e_183da9dac93_-7b0a,912341092,French Polynesia,Society Islands,Society Islands,Eastern Indo-Pacific,Society Islands,PAC1,Moorea Baie de Cook Channel Entrance,-17.48,-149.82,7/21/2012,5,RLS,14,15:00:00,,,1,2,Chordata,Actinopterygii,Perciformes,Acanthuridae,Zebrasoma scopas,Zebrasoma scopas,10,5,247.0885,POINT (-149.82000732421875 -17.479999542236328)
ep_m1_public_data.fid-7cdaa17e_183da9dac93_-7b09,912341092,French Polynesia,Society Islands,Society Islands,Eastern Indo-Pacific,Society Islands,PAC1,Moorea Baie de Cook Channel Entrance,-17.48,-149.82,7/21/2012,5,RLS,14,15:00:00,,,1,2,Chordata,Actinopterygii,Perciformes,Apogonidae,Pristiapogon kallopterus,Pristiapogon kallopterus,7.5,2,28.3569,POINT (-149.82000732421875 -17.479999542236328)
ep_m1_public_data.fid-7cdaa17e_183da9dac93_-7b08,912341092,French Polynesia,Society Islands,Society Islands,Eastern Indo-Pacific,Society Islands,PAC1,Moorea Baie de Cook Channel Entrance,-17.48,-149.82,7/21/2012,5,RLS,14,15:00:00,,,1,2,Chordata,Actinopterygii,Perciformes,Blenniidae,Plagiotremus tapeinosoma,Plagiotremus tapeinosoma,7.5,1,3.1417,POINT (-149.82000732421875 -17.479999542236328)
ep_m1_public_data.fid-7cdaa17e_183da9dac93_-7b07,912341092,French Polynesia,Society Islands,Society Islands,Eastern Indo-Pacific,Society Islands,PAC1,Moorea Baie de Cook Channel Entrance,-17.48,-149.82,7/21/2012,5,RLS,14,15:00:00,,,1,2,Chordata,Actinopterygii,Perciformes,Chaetodontidae,Chaetodon ornatissimus,Chaetodon ornatissimus,12.5,1,102.774,POINT (-149.82000732421875 -17.479999542236328)
ep_m1_public_data.fid-7cdaa17e_183da9dac93_-7b06,912341092,French Polynesia,Society Islands,Society Islands,Eastern Indo-Pacific,Society Islands,PAC1,Moorea Baie de Cook Channel Entrance,-17.48,-149.82,7/21/2012,5,RLS,14,15:00:00,,,1,2,Chordata,Actinopterygii,Perciformes,Chaetodontidae,Chaetodon pelewensis,Chaetodon pelewensis,5,1,6.6117,POINT (-149.82000732421875 -17.479999542236328)
ep_m1_public_data.fid-7cdaa17e_183da9dac93_-7b05,912341092,French Polynesia,Society Islands,Society Islands,Eastern Indo-Pacific,Society Islands,PAC1,Moorea Baie de Cook Channel Entrance,-17.48,-149.82,7/21/2012,5,RLS,14,15:00:00,,,1,2,Chordata,Actinopterygii,Perciformes,Chaetodontidae,Heniochus chrysostomus,Heniochus chrysostomus,10,1,53.3476,POINT (-149.82000732421875 -17.479999542236328)
ep_m1_public_data.fid-7cdaa17e_183da9dac93_-7b04,912341092,French Polynesia,Society Islands,Society Islands,Eastern Indo-Pacific,Society Islands,PAC1,Moorea Baie de Cook Channel Entrance,-17.48,-149.82,7/21/2012,5,RLS,14,15:00:00,,,1,2,Chordata,Actinopterygii,Perciformes,Labridae,Cheilinus chlorourus,Cheilinus chlorourus,10,2,69.5801,POINT (-149.82000732421875 -17.479999542236328)
ep_m1_public_data.fid-7cdaa17e_183da9dac93_-7b03,912341092,French Polynesia,Society Islands,Society Islands,Eastern Indo-Pacific,Society Islands,PAC1,Moorea Baie de Cook Channel Entrance,-17.48,-149.82,7/21/2012,5,RLS,14,15:00:00,,,1,2,Chordata,Actinopterygii,Perciformes,Labridae,Thalassoma amblycephalum,Thalassoma amblycephalum,10,15,360.288,POINT (-149.82000732421875 -17.479999542236328)
ep_m1_public_data.fid-7cdaa17e_183da9dac93_-7b02,912341092,French Polynesia,Society Islands,Society Islands,Eastern Indo-Pacific,Society Islands,PAC1,Moorea Baie de Cook Channel Entrance,-17.48,-149.82,7/21/2012,5,RLS,14,15:00:00,,,1,2,Chordata,Actinopterygii,Perciformes,Labridae,Thalassoma hardwicke,Thalassoma hardwicke,7.5,6,46.4781,POINT (-149.82000732421875 -17.479999542236328)
ep_m1_public_data.fid-7cdaa17e_183da9dac93_-7b01,912341092,French Polynesia,Society Islands,Society Islands,Eastern Indo-Pacific,Society Islands,PAC1,Moorea Baie de Cook Channel Entrance,-17.48,-149.82,7/21/2012,5,RLS,14,15:00:00,,,1,2,Chordata,Actinopterygii,Perciformes,Labridae,Thalassoma hardwicke,Thalassoma hardwicke,10,8,145.9669,POINT (-149.82000732421875 -17.479999542236328)
ep_m1_public_data.fid-7cdaa17e_183da9dac93_-7b00,912341092,French Polynesia,Society Islands,Society Islands,Eastern Indo-Pacific,Society Islands,PAC1,Moorea Baie de Cook Channel Entrance,-17.48,-149.82,7/21/2012,5,RLS,14,15:00:00,,,1,2,Chordata,Actinopterygii,Perciformes,Labridae,Thalassoma hardwicke,Thalassoma hardwicke,12.5,2,70.9238,POINT (-149.82000732421875 -17.479999542236328)
ep_m1_public_data.fid-7cdaa17e_183da9dac93_-7aff,912341092,French Polynesia,Society Islands,Society Islands,Eastern Indo-Pacific,Society Islands,PAC1,Moorea Baie de Cook Channel Entrance,-17.48,-149.82,7/21/2012,5,RLS,14,15:00:00,,,1,2,Chordata,Actinopterygii,Perciformes,Lethrinidae,Gnathodentex aureolineatus,Gnathodentex aureolineatus,7.5,2,22.1664,POINT (-149.82000732421875 -17.479999542236328)
ep_m1_public_data.fid-7cdaa17e_183da9dac93_-7afe,912341092,French Polynesia,Society Islands,Society Islands,Eastern Indo-Pacific,Society Islands,PAC1,Moorea Baie de Cook Channel Entrance,-17.48,-149.82,7/21/2012,5,RLS,14,15:00:00,,,1,2,Chordata,Actinopterygii,Perciformes,Lethrinidae,Monotaxis grandoculis,Monotaxis grandoculis,7.5,2,26.3146,POINT (-149.82000732421875 -17.479999542236328)
ep_m1_public_data.fid-7cdaa17e_183da9dac93_-7afd,912341092,French Polynesia,Society Islands,Society Islands,Eastern Indo-Pacific,Society Islands,PAC1,Moorea Baie de Cook Channel Entrance,-17.48,-149.82,7/21/2012,5,RLS,14,15:00:00,,,1,2,Chordata,Actinopterygii,Perciformes,Mullidae,Parupeneus cyclostomus,Parupeneus cyclostomus,20,2,244.3523,POINT (-149.82000732421875 -17.479999542236328)
ep_m1_public_data.fid-7cdaa17e_183da9dac93_-7afc,912341092,French Polynesia,Society Islands,Society Islands,Eastern Indo-Pacific,Society Islands,PAC1,Moorea Baie de Cook Channel Entrance,-17.48,-149.82,7/21/2012,5,RLS,14,15:00:00,,,1,2,Chordata,Actinopterygii,Perciformes,Pomacanthidae,Centropyge flavissima,Centropyge flavissima,5,1,7.3603,POINT (-149.82000732421875 -17.479999542236328)
ep_m1_public_data.fid-7cdaa17e_183da9dac93_-7afb,912341092,French Polynesia,Society Islands,Society Islands,Eastern Indo-Pacific,Society Islands,PAC1,Moorea Baie de Cook Channel Entrance,-17.48,-149.82,7/21/2012,5,RLS,14,15:00:00,,,1,2,Chordata,Actinopterygii,Perciformes,Pomacanthidae,Centropyge flavissima,Centropyge flavissima,7.5,2,45.7197,POINT (-149.82000732421875 -17.479999542236328)
ep_m1_public_data.fid-7cdaa17e_183da9dac93_-7afa,912341092,French Polynesia,Society Islands,Society Islands,Eastern Indo-Pacific,Society Islands,PAC1,Moorea Baie de Cook Channel Entrance,-17.48,-149.82,7/21/2012,5,RLS,14,15:00:00,,,1,2,Chordata,Actinopterygii,Perciformes,Pomacentridae,Abudefduf sexfasciatus,Abudefduf sexfasciatus,7.5,5,71.0014,POINT (-149.82000732421875 -17.479999542236328)
ep_m1_public_data.fid-7cdaa17e_183da9dac93_-7af9,912341092,French Polynesia,Society Islands,Society Islands,Eastern Indo-Pacific,Society Islands,PAC1,Moorea Baie de Cook Channel Entrance,-17.48,-149.82,7/21/2012,5,RLS,14,15:00:00,,,1,2,Chordata,Actinopterygii,Perciformes,Pomacentridae,Abudefduf sexfasciatus,Abudefduf sexfasciatus,12.5,5,347.7096,POINT (-149.82000732421875 -17.479999542236328)
ep_m1_public_data.fid-7cdaa17e_183da9dac93_-7af8,912341092,French Polynesia,Society Islands,Society Islands,Eastern Indo-Pacific,Society Islands,PAC1,Moorea Baie de Cook Channel Entrance,-17.48,-149.82,7/21/2012,5,RLS,14,15:00:00,,,1,2,Chordata,Actinopterygii,Perciformes,Pomacentridae,Chromis atripectoralis,Chromis atripectoralis,5,12,44.5777,POINT (-149.82000732421875 -17.479999542236328)
ep_m1_public_data.fid-7cdaa17e_183da9dac93_-7af7,912341092,French Polynesia,Society Islands,Society Islands,Eastern Indo-Pacific,Society Islands,PAC1,Moorea Baie de Cook Channel Entrance,-17.48,-149.82,7/21/2012,5,RLS,14,15:00:00,,,1,2,Chordata,Actinopterygii,Perciformes,Pomacentridae,Chromis atripectoralis,Chromis atripectoralis,7.5,12,169.2909,POINT (-149.82000732421875 -17.479999542236328)
ep_m1_public_data.fid-7cdaa17e_183da9dac93_-7af6,912341092,French Polynesia,Society Islands,Society Islands,Eastern Indo-Pacific,Society Islands,PAC1,Moorea Baie de Cook Channel Entrance,-17.48,-149.82,7/21/2012,5,RLS,14,15:00:00,,,1,2,Chordata,Actinopterygii,Perciformes,Pomacentridae,Chromis iomelas,Chromis iomelas,2.5,105,40.3739,POINT (-149.82000732421875 -17.479999542236328)
ep_m1_public_data.fid-7cdaa17e_183da9dac93_-7af5,912341092,French Polynesia,Society Islands,Society Islands,Eastern Indo-Pacific,Society Islands,PAC1,Moorea Baie de Cook Channel Entrance,-17.48,-149.82,7/21/2012,5,RLS,14,15:00:00,,,1,2,Chordata,Actinopterygii,Perciformes,Pomacentridae,Chromis margaritifer,Chromis margaritifer,2.5,15,5.1204,POINT (-149.82000732421875 -17.479999542236328)
ep_m1_public_data.fid-7cdaa17e_183da9dac93_-7af4,912341092,French Polynesia,Society Islands,Society Islands,Eastern Indo-Pacific,Society Islands,PAC1,Moorea Baie de Cook Channel Entrance,-17.48,-149.82,7/21/2012,5,RLS,14,15:00:00,,,1,2,Chordata,Actinopterygii,Perciformes,Pomacentridae,Dascyllus flavicaudus,Dascyllus flavicaudus,7.5,8,182.2912,POINT (-149.82000732421875 -17.479999542236328)
ep_m1_public_data.fid-7cdaa17e_183da9dac93_-7af3,912341092,French Polynesia,Society Islands,Society Islands,Eastern Indo-Pacific,Society Islands,PAC1,Moorea Baie de Cook Channel Entrance,-17.48,-149.82,7/21/2012,5,RLS,14,15:00:00,,,1,2,Chordata,Actinopterygii,Perciformes,Pomacentridae,Dascyllus flavicaudus,Dascyllus flavicaudus,10,12,673.4262,POINT (-149.82000732421875 -17.479999542236328)
ep_m1_public_data.fid-7cdaa17e_183da9dac93_-7af2,912341092,French Polynesia,Society Islands,Society Islands,Eastern Indo-Pacific,Society Islands,PAC1,Moorea Baie de Cook Channel Entrance,-17.48,-149.82,7/21/2012,5,RLS,14,15:00:00,,,1,2,Chordata,Actinopterygii,Perciformes,Pomacentridae,Dascyllus trimaculatus,Dascyllus trimaculatus,7.5,4,82.5846,POINT (-149.82000732421875 -17.479999542236328)
ep_m1_public_data.fid-7cdaa17e_183da9dac93_-7af1,912341092,French Polynesia,Society Islands,Society Islands,Eastern Indo-Pacific,Society Islands,PAC1,Moorea Baie de Cook Channel Entrance,-17.48,-149.82,7/21/2012,5,RLS,14,15:00:00,,,1,2,Chordata,Actinopterygii,Perciformes,Pomacentridae,Dascyllus trimaculatus,Dascyllus trimaculatus,10,6,297.2891,POINT (-149.82000732421875 -17.479999542236328)
ep_m1_public_data.fid-7cdaa17e_183da9dac93_-7af0,912341092,French Polynesia,Society Islands,Society Islands,Eastern Indo-Pacific,Society Islands,PAC1,Moorea Baie de Cook Channel Entrance,-17.48,-149.82,7/21/2012,5,RLS,14,15:00:00,,,1,2,Chordata,Actinopterygii,Perciformes,Pomacentridae,Plectroglyphidodon lacrymatus,Plectroglyphidodon lacrymatus,5,5,34.3677,POINT (-149.82000732421875 -17.479999542236328)
ep_m1_public_data.fid-7cdaa17e_183da9dac93_-7aef,912341092,French Polynesia,Society Islands,Society Islands,Eastern Indo-Pacific,Society Islands,PAC1,Moorea Baie de Cook Channel Entrance,-17.48,-149.82,7/21/2012,5,RLS,14,15:00:00,,,1,2,Chordata,Actinopterygii,Perciformes,Scaridae,Chlorurus sordidus,Chlorurus sordidus,5,9,44.6869,POINT (-149.82000732421875 -17.479999542236328)
ep_m1_public_data.fid-7cdaa17e_183da9dac93_-7aee,912341092,French Polynesia,Society Islands,Society Islands,Eastern Indo-Pacific,Society Islands,PAC1,Moorea Baie de Cook Channel Entrance,-17.48,-149.82,7/21/2012,5,RLS,14,15:00:00,,,1,2,Chordata,Actinopterygii,Perciformes,Scaridae,Scarus globiceps,Scarus globiceps,25,1,358.6179,POINT (-149.82000732421875 -17.479999542236328)
ep_m1_public_data.fid-7cdaa17e_183da9dac93_-7aed,912341092,French Polynesia,Society Islands,Society Islands,Eastern Indo-Pacific,Society Islands,PAC1,Moorea Baie de Cook Channel Entrance,-17.48,-149.82,7/21/2012,5,RLS,14,15:00:00,,,1,2,Chordata,Actinopterygii,Perciformes,Serranidae,Cephalopholis argus,Cephalopholis argus,12.5,1,51.2424,POINT (-149.82000732421875 -17.479999542236328)
ep_m1_public_data.fid-7cdaa17e_183da9dac93_-78b2,912341092,French Polynesia,Society Islands,Society Islands,Eastern Indo-Pacific,Society Islands,PAC1,Moorea Baie de Cook Channel Entrance,-17.48,-149.82,7/21/2012,5,RLS,14,15:00:00,,,1,1,Chordata,Actinopterygii,Perciformes,Lethrinidae,Monotaxis grandoculis,Monotaxis grandoculis,7.5,2,26.3146,POINT (-149.82000732421875 -17.479999542236328)
ep_m1_public_data.fid-7cdaa17e_183da9dac93_-78b1,912341092,French Polynesia,Society Islands,Society Islands,Eastern Indo-Pacific,Society Islands,PAC1,Moorea Baie de Cook Channel Entrance,-17.48,-149.82,7/21/2012,5,RLS,14,15:00:00,,,1,1,Chordata,Actinopterygii,Tetraodontiformes,Balistidae,Balistapus undulatus,Balistapus undulatus,7.5,2,31.1303,POINT (-149.82000732421875 -17.479999542236328)
ep_m1_public_data.fid-7cdaa17e_183da9dac93_-789b,912341092,French Polynesia,Society Islands,Society Islands,Eastern Indo-Pacific,Society Islands,PAC1,Moorea Baie de Cook Channel Entrance,-17.48,-149.82,7/21/2012,5,RLS,14,15:00:00,,,1,1,Chordata,Actinopterygii,Beryciformes,Holocentridae,Myripristis berndti,Myripristis berndti,15,2,262.3213,POINT (-149.82000732421875 -17.479999542236328)
ep_m1_public_data.fid-7cdaa17e_183da9dac93_-789a,912341092,French Polynesia,Society Islands,Society Islands,Eastern Indo-Pacific,Society Islands,PAC1,Moorea Baie de Cook Channel Entrance,-17.48,-149.82,7/21/2012,5,RLS,14,15:00:00,,,1,1,Chordata,Actinopterygii,Beryciformes,Holocentridae,Myripristis kuntee,Myripristis kuntee,15,1,142.2195,POINT (-149.82000732421875 -17.479999542236328)
ep_m1_public_data.fid-7cdaa17e_183da9dac93_-7899,912341092,French Polynesia,Society Islands,Society Islands,Eastern Indo-Pacific,Society Islands,PAC1,Moorea Baie de Cook Channel Entrance,-17.48,-149.82,7/21/2012,5,RLS,14,15:00:00,,,1,1,Chordata,Actinopterygii,Perciformes,Apogonidae,Pristiapogon kallopterus,Pristiapogon kallopterus,5,5,18.4192,POINT (-149.82000732421875 -17.479999542236328)
ep_m1_public_data.fid-7cdaa17e_183da9dac93_-7898,912341092,French Polynesia,Society Islands,Society Islands,Eastern Indo-Pacific,Society Islands,PAC1,Moorea Baie de Cook Channel Entrance,-17.48,-149.82,7/21/2012,5,RLS,14,15:00:00,,,1,1,Chordata,Actinopterygii,Perciformes,Blenniidae,Plagiotremus tapeinosoma,Plagiotremus tapeinosoma,7.5,1,3.1417,POINT (-149.82000732421875 -17.479999542236328)
ep_m1_public_data.fid-7cdaa17e_183da9dac93_-7897,912341092,French Polynesia,Society Islands,Society Islands,Eastern Indo-Pacific,Society Islands,PAC1,Moorea Baie de Cook Channel Entrance,-17.48,-149.82,7/21/2012,5,RLS,14,15:00:00,,,1,1,Chordata,Actinopterygii,Perciformes,Labridae,Anampses spp.,Anampses spp.,5,1,2.5947,POINT (-149.82000732421875 -17.479999542236328)
ep_m1_public_data.fid-7cdaa17e_183da9dac93_-7896,912341092,French Polynesia,Society Islands,Society Islands,Eastern Indo-Pacific,Society Islands,PAC1,Moorea Baie de Cook Channel Entrance,-17.48,-149.82,7/21/2012,5,RLS,14,15:00:00,,,1,1,Chordata,Actinopterygii,Perciformes,Labridae,Labroides dimidiatus,Labroides dimidiatus,2.5,2,0.4106,POINT (-149.82000732421875 -17.479999542236328)
ep_m1_public_data.fid-7cdaa17e_183da9dac93_-7895,912341092,French Polynesia,Society Islands,Society Islands,Eastern Indo-Pacific,Society Islands,PAC1,Moorea Baie de Cook Channel Entrance,-17.48,-149.82,7/21/2012,5,RLS,14,15:00:00,,,1,1,Chordata,Actinopterygii,Perciformes,Pomacentridae,Dascyllus flavicaudus,Dascyllus flavicaudus,10,18,1010.1393,POINT (-149.82000732421875 -17.479999542236328)
ep_m1_public_data.fid-7cdaa17e_183da9dac93_-7894,912341092,French Polynesia,Society Islands,Society Islands,Eastern Indo-Pacific,Society Islands,PAC1,Moorea Baie de Cook Channel Entrance,-17.48,-149.82,7/21/2012,5,RLS,14,15:00:00,,,1,1,Chordata,Actinopterygii,Perciformes,Pomacentridae,Plectroglyphidodon lacrymatus,Plectroglyphidodon lacrymatus,5,1,6.8735,POINT (-149.82000732421875 -17.479999542236328)
ep_m1_public_data.fid-7cdaa17e_183da9dac93_-7893,912341092,French Polynesia,Society Islands,Society Islands,Eastern Indo-Pacific,Society Islands,PAC1,Moorea Baie de Cook Channel Entrance,-17.48,-149.82,7/21/2012,5,RLS,14,15:00:00,,,1,1,Chordata,Actinopterygii,Perciformes,Serranidae,Pseudanthias pascalus,Pseudanthias pascalus,10,1,29.4874,POINT (-149.82000732421875 -17.479999542236328)
ep_m1_public_data.fid-7cdaa17e_183da9dac93_-7892,912341092,French Polynesia,Society Islands,Society Islands,Eastern Indo-Pacific,Society Islands,PAC1,Moorea Baie de Cook Channel Entrance,-17.48,-149.82,7/21/2012,5,RLS,14,15:00:00,,,1,2,Chordata,Actinopterygii,Perciformes,Acanthuridae,Acanthurus pyroferus,Acanthurus pyroferus,20,8,1726.6438,POINT (-149.82000732421875 -17.479999542236328)
ep_m1_public_data.fid-7cdaa17e_183da9dac93_-7891,912341092,French Polynesia,Society Islands,Society Islands,Eastern Indo-Pacific,Society Islands,PAC1,Moorea Baie de Cook Channel Entrance,-17.48,-149.82,7/21/2012,5,RLS,14,15:00:00,,,1,2,Chordata,Actinopterygii,Perciformes,Chaetodontidae,Chaetodon ornatissimus,Chaetodon ornatissimus,7.5,1,22.3814,POINT (-149.82000732421875 -17.479999542236328)
ep_m1_public_data.fid-7cdaa17e_183da9dac93_-7890,912341092,French Polynesia,Society Islands,Society Islands,Eastern Indo-Pacific,Society Islands,PAC1,Moorea Baie de Cook Channel Entrance,-17.48,-149.82,7/21/2012,5,RLS,14,15:00:00,,,1,2,Chordata,Actinopterygii,Perciformes,Labridae,Thalassoma amblycephalum,Thalassoma amblycephalum,7.5,25,253.3275,POINT (-149.82000732421875 -17.479999542236328)
ep_m1_public_data.fid-7cdaa17e_183da9dac93_-788f,912341092,French Polynesia,Society Islands,Society Islands,Eastern Indo-Pacific,Society Islands,PAC1,Moorea Baie de Cook Channel Entrance,-17.48,-149.82,7/21/2012,5,RLS,14,15:00:00,,,1,2,Chordata,Actinopterygii,Perciformes,Pomacanthidae,Centropyge bispinosa,Centropyge bispinosa,7.5,2,37.5742,POINT (-149.82000732421875 -17.479999542236328)
ep_m1_public_data.fid-7cdaa17e_183da9dac93_-788e,912341092,French Polynesia,Society Islands,Society Islands,Eastern Indo-Pacific,Society Islands,PAC1,Moorea Baie de Cook Channel Entrance,-17.48,-149.82,7/21/2012,5,RLS,14,15:00:00,,,1,2,Chordata,Actinopterygii,Perciformes,Pomacentridae,Stegastes nigricans,Stegastes nigricans,7.5,6,116.2429,POINT (-149.82000732421875 -17.479999542236328)
ep_m1_public_data.fid-7cdaa17e_183da9dac93_-788d,912341092,French Polynesia,Society Islands,Society Islands,Eastern Indo-Pacific,Society Islands,PAC1,Moorea Baie de Cook Channel Entrance,-17.48,-149.82,7/21/2012,5,RLS,14,15:00:00,,,1,2,Chordata,Actinopterygii,Syngnathiformes,Fistulariidae,Fistularia commersonii,Fistularia commersonii,87.5,1,314.164,POINT (-149.82000732421875 -17.479999542236328)
ep_m1_public_data.fid-7cdaa17e_183da9dac93_-788c,912341092,French Polynesia,Society Islands,Society Islands,Eastern Indo-Pacific,Society Islands,PAC1,Moorea Baie de Cook Channel Entrance,-17.48,-149.82,7/21/2012,5,RLS,14,15:00:00,,,1,2,Chordata,Actinopterygii,Tetraodontiformes,Balistidae,Balistapus undulatus,Balistapus undulatus,10,1,35.592,POINT (-149.82000732421875 -17.479999542236328)
ep_m1_public_data.fid-7cdaa17e_183da9dac93_-788b,912341092,French Polynesia,Society Islands,Society Islands,Eastern Indo-Pacific,Society Islands,PAC1,Moorea Baie de Cook Channel Entrance,-17.48,-149.82,7/21/2012,5,RLS,14,15:00:00,,,1,2,Chordata,Actinopterygii,Tetraodontiformes,Tetraodontidae,Canthigaster valentini,Canthigaster valentini,5,1,7.1576,POINT (-149.82000732421875 -17.479999542236328)
ep_m1_public_data.fid-7cdaa17e_183da9dac93_-7844,912341092,French Polynesia,Society Islands,Society Islands,Eastern Indo-Pacific,Society Islands,PAC1,Moorea Baie de Cook Channel Entrance,-17.48,-149.82,7/21/2012,5,RLS,14,15:00:00,,,1,1,Chordata,Actinopterygii,Perciformes,Acanthuridae,Acanthurus pyroferus,Acanthurus pyroferus,20,2,431.661,POINT (-149.82000732421875 -17.479999542236328)
ep_m1_public_data.fid-7cdaa17e_183da9dac93_-7843,912341092,French Polynesia,Society Islands,Society Islands,Eastern Indo-Pacific,Society Islands,PAC1,Moorea Baie de Cook Channel Entrance,-17.48,-149.82,7/21/2012,5,RLS,14,15:00:00,,,1,1,Chordata,Actinopterygii,Perciformes,Acanthuridae,Ctenochaetus striatus,Ctenochaetus striatus,5,15,56.2404,POINT (-149.82000732421875 -17.479999542236328)
ep_m1_public_data.fid-7cdaa17e_183da9dac93_-7842,912341092,French Polynesia,Society Islands,Society Islands,Eastern Indo-Pacific,Society Islands,PAC1,Moorea Baie de Cook Channel Entrance,-17.48,-149.82,7/21/2012,5,RLS,14,15:00:00,,,1,1,Chordata,Actinopterygii,Perciformes,Acanthuridae,Ctenochaetus striatus,Ctenochaetus striatus,10,35,1096.6802,POINT (-149.82000732421875 -17.479999542236328)
ep_m1_public_data.fid-7cdaa17e_183da9dac93_-7841,912341092,French Polynesia,Society Islands,Society Islands,Eastern Indo-Pacific,Society Islands,PAC1,Moorea Baie de Cook Channel Entrance,-17.48,-149.82,7/21/2012,5,RLS,14,15:00:00,,,1,1,Chordata,Actinopterygii,Perciformes,Acanthuridae,Zebrasoma scopas,Zebrasoma scopas,5,4,24.829,POINT (-149.82000732421875 -17.479999542236328)
ep_m1_public_data.fid-7cdaa17e_183da9dac93_-7840,912341092,French Polynesia,Society Islands,Society Islands,Eastern Indo-Pacific,Society Islands,PAC1,Moorea Baie de Cook Channel Entrance,-17.48,-149.82,7/21/2012,5,RLS,14,15:00:00,,,1,1,Chordata,Actinopterygii,Perciformes,Acanthuridae,Zebrasoma scopas,Zebrasoma scopas,12.5,2,192.7366,POINT (-149.82000732421875 -17.479999542236328)
ep_m1_public_data.fid-7cdaa17e_183da9dac93_-783f,912341092,French Polynesia,Society Islands,Society Islands,Eastern Indo-Pacific,Society Islands,PAC1,Moorea Baie de Cook Channel Entrance,-17.48,-149.82,7/21/2012,5,RLS,14,15:00:00,,,1,1,Chordata,Actinopterygii,Perciformes,Chaetodontidae,Chaetodon pelewensis,Chaetodon pelewensis,5,1,6.6117,POINT (-149.82000732421875 -17.479999542236328)
ep_m1_public_data.fid-7cdaa17e_183da9dac93_-783e,912341092,French Polynesia,Society Islands,Society Islands,Eastern Indo-Pacific,Society Islands,PAC1,Moorea Baie de Cook Channel Entrance,-17.48,-149.82,7/21/2012,5,RLS,14,15:00:00,,,1,1,Chordata,Actinopterygii,Perciformes,Labridae,Cheilinus chlorourus,Cheilinus chlorourus,7.5,1,15.3287,POINT (-149.82000732421875 -17.479999542236328)
ep_m1_public_data.fid-7cdaa17e_183da9dac93_-783d,912341092,French Polynesia,Society Islands,Society Islands,Eastern Indo-Pacific,Society Islands,PAC1,Moorea Baie de Cook Channel Entrance,-17.48,-149.82,7/21/2012,5,RLS,14,15:00:00,,,1,1,Chordata,Actinopterygii,Perciformes,Labridae,Cirrhilabrus scottorum,Cirrhilabrus scottorum,2.5,4,1.3534,POINT (-149.82000732421875 -17.479999542236328)
ep_m1_public_data.fid-7cdaa17e_183da9dac93_-783c,912341092,French Polynesia,Society Islands,Society Islands,Eastern Indo-Pacific,Society Islands,PAC1,Moorea Baie de Cook Channel Entrance,-17.48,-149.82,7/21/2012,5,RLS,14,15:00:00,,,1,1,Chordata,Actinopterygii,Perciformes,Labridae,Labroides bicolor,Labroides bicolor,7.5,2,14.2902,POINT (-149.82000732421875 -17.479999542236328)
ep_m1_public_data.fid-7cdaa17e_183da9dac93_-783b,912341092,French Polynesia,Society Islands,Society Islands,Eastern Indo-Pacific,Society Islands,PAC1,Moorea Baie de Cook Channel Entrance,-17.48,-149.82,7/21/2012,5,RLS,14,15:00:00,,,1,1,Chordata,Actinopterygii,Perciformes,Labridae,Pseudocheilinus evanidus,Pseudocheilinus evanidus,2.5,2,0.6767,POINT (-149.82000732421875 -17.479999542236328)
ep_m1_public_data.fid-7cdaa17e_183da9dac93_-783a,912341092,French Polynesia,Society Islands,Society Islands,Eastern Indo-Pacific,Society Islands,PAC1,Moorea Baie de Cook Channel Entrance,-17.48,-149.82,7/21/2012,5,RLS,14,15:00:00,,,1,1,Chordata,Actinopterygii,Perciformes,Mullidae,Parupeneus multifasciatus,Parupeneus multifasciatus,7.5,1,5.7608,POINT (-149.82000732421875 -17.479999542236328)
ep_m1_public_data.fid-7cdaa17e_183da9dac93_-7839,912341092,French Polynesia,Society Islands,Society Islands,Eastern Indo-Pacific,Society Islands,PAC1,Moorea Baie de Cook Channel Entrance,-17.48,-149.82,7/21/2012,5,RLS,14,15:00:00,,,1,1,Chordata,Actinopterygii,Perciformes,Mullidae,Parupeneus multifasciatus,Parupeneus multifasciatus,12.5,1,29.7054,POINT (-149.82000732421875 -17.479999542236328)
ep_m1_public_data.fid-7cdaa17e_183da9dac93_-7838,912341092,French Polynesia,Society Islands,Society Islands,Eastern Indo-Pacific,Society Islands,PAC1,Moorea Baie de Cook Channel Entrance,-17.48,-149.82,7/21/2012,5,RLS,14,15:00:00,,,1,1,Chordata,Actinopterygii,Perciformes,Pomacanthidae,Centropyge bispinosa,Centropyge bispinosa,5,3,22.5431,POINT (-149.82000732421875 -17.479999542236328)
ep_m1_public_data.fid-7cdaa17e_183da9dac93_-7837,912341092,French Polynesia,Society Islands,Society Islands,Eastern Indo-Pacific,Society Islands,PAC1,Moorea Baie de Cook Channel Entrance,-17.48,-149.82,7/21/2012,5,RLS,14,15:00:00,,,1,1,Chordata,Actinopterygii,Perciformes,Pomacentridae,Chromis iomelas,Chromis iomelas,5,75,217.6589,POINT (-149.82000732421875 -17.479999542236328)
ep_m1_public_data.fid-7cdaa17e_183da9dac93_-7836,912341092,French Polynesia,Society Islands,Society Islands,Eastern Indo-Pacific,Society Islands,PAC1,Moorea Baie de Cook Channel Entrance,-17.48,-149.82,7/21/2012,5,RLS,14,15:00:00,,,1,1,Chordata,Actinopterygii,Perciformes,Pomacentridae,Chromis viridis,Chromis viridis,5,14,54.3693,POINT (-149.82000732421875 -17.479999542236328)
ep_m1_public_data.fid-7cdaa17e_183da9dac93_-7835,912341092,French Polynesia,Society Islands,Society Islands,Eastern Indo-Pacific,Society Islands,PAC1,Moorea Baie de Cook Channel Entrance,-17.48,-149.82,7/21/2012,5,RLS,14,15:00:00,,,1,1,Chordata,Actinopterygii,Perciformes,Pomacentridae,Dascyllus trimaculatus,Dascyllus trimaculatus,7.5,2,41.2923,POINT (-149.82000732421875 -17.479999542236328)
ep_m1_public_data.fid-7cdaa17e_183da9dac93_-7834,912341092,French Polynesia,Society Islands,Society Islands,Eastern Indo-Pacific,Society Islands,PAC1,Moorea Baie de Cook Channel Entrance,-17.48,-149.82,7/21/2012,5,RLS,14,15:00:00,,,1,1,Chordata,Actinopterygii,Perciformes,Pomacentridae,Stegastes nigricans,Stegastes nigricans,5,1,5.5437,POINT (-149.82000732421875 -17.479999542236328)
ep_m1_public_data.fid-7cdaa17e_183da9dac93_-7833,912341092,French Polynesia,Society Islands,Society Islands,Eastern Indo-Pacific,Society Islands,PAC1,Moorea Baie de Cook Channel Entrance,-17.48,-149.82,7/21/2012,5,RLS,14,15:00:00,,,1,1,Chordata,Actinopterygii,Perciformes,Serranidae,Cephalopholis leopardus,Cephalopholis leopardus,25,1,337.7569,POINT (-149.82000732421875 -17.479999542236328)
ep_m1_public_data.fid-7cdaa17e_183da9dac93_-7832,912341092,French Polynesia,Society Islands,Society Islands,Eastern Indo-Pacific,Society Islands,PAC1,Moorea Baie de Cook Channel Entrance,-17.48,-149.82,7/21/2012,5,RLS,14,15:00:00,,,1,1,Chordata,Actinopterygii,Perciformes,Zanclidae,Zanclus cornutus,Zanclus cornutus,20,2,1192.1661,POINT (-149.82000732421875 -17.479999542236328)
ep_m1_public_data.fid-7cdaa17e_183da9dac93_-7831,912341092,French Polynesia,Society Islands,Society Islands,Eastern Indo-Pacific,Society Islands,PAC1,Moorea Baie de Cook Channel Entrance,-17.48,-149.82,7/21/2012,5,RLS,14,15:00:00,,,1,1,Chordata,Actinopterygii,Syngnathiformes,Aulostomidae,Aulostomus chinensis,Aulostomus chinensis,40,2,125.9785,POINT (-149.82000732421875 -17.479999542236328)
ep_m1_public_data.fid-7cdaa17e_183da9dac93_-7830,912341092,French Polynesia,Society Islands,Society Islands,Eastern Indo-Pacific,Society Islands,PAC1,Moorea Baie de Cook Channel Entrance,-17.48,-149.82,7/21/2012,5,RLS,14,15:00:00,,,1,1,Chordata,Actinopterygii,Tetraodontiformes,Balistidae,Odonus niger,Odonus niger,15,2,228.373,POINT (-149.82000732421875 -17.479999542236328)
ep_m1_public_data.fid-7cdaa17e_183da9dac93_-782f,912341092,French Polynesia,Society Islands,Society Islands,Eastern Indo-Pacific,Society Islands,PAC1,Moorea Baie de Cook Channel Entrance,-17.48,-149.82,7/21/2012,5,RLS,14,15:00:00,,,1,2,Chordata,Actinopterygii,Beryciformes,Holocentridae,Sargocentron caudimaculatum,Sargocentron caudimaculatum,12.5,1,64.4948,POINT (-149.82000732421875 -17.479999542236328)
ep_m1_public_data.fid-7cdaa17e_183da9dac93_-782e,912341092,French Polynesia,Society Islands,Society Islands,Eastern Indo-Pacific,Society Islands,PAC1,Moorea Baie de Cook Channel Entrance,-17.48,-149.82,7/21/2012,5,RLS,14,15:00:00,,,1,2,Chordata,Actinopterygii,Perciformes,Acanthuridae,Ctenochaetus striatus,Ctenochaetus striatus,12.5,22,1365.4316,POINT (-149.82000732421875 -17.479999542236328)
ep_m1_public_data.fid-7cdaa17e_183da9dac93_-782d,912341092,French Polynesia,Society Islands,Society Islands,Eastern Indo-Pacific,Society Islands,PAC1,Moorea Baie de Cook Channel Entrance,-17.48,-149.82,7/21/2012,5,RLS,14,15:00:00,,,1,2,Chordata,Actinopterygii,Perciformes,Acanthuridae,Zebrasoma scopas,Zebrasoma scopas,7.5,9,188.011,POINT (-149.82000732421875 -17.479999542236328)
ep_m1_public_data.fid-7cdaa17e_183da9dac93_-782c,912341092,French Polynesia,Society Islands,Society Islands,Eastern Indo-Pacific,Society Islands,PAC1,Moorea Baie de Cook Channel Entrance,-17.48,-149.82,7/21/2012,5,RLS,14,15:00:00,,,1,2,Chordata,Actinopterygii,Perciformes,Chaetodontidae,Chaetodon auriga,Chaetodon auriga,20,1,298.2849,POINT (-149.82000732421875 -17.479999542236328)
ep_m1_public_data.fid-7cdaa17e_183da9dac93_-782b,912341092,French Polynesia,Society Islands,Society Islands,Eastern Indo-Pacific,Society Islands,PAC1,Moorea Baie de Cook Channel Entrance,-17.48,-149.82,7/21/2012,5,RLS,14,15:00:00,,,1,2,Chordata,Actinopterygii,Perciformes,Labridae,Epibulus insidiator,Epibulus insidiator,20,1,228.8086,POINT (-149.82000732421875 -17.479999542236328)
ep_m1_public_data.fid-7cdaa17e_183da9dac93_-782a,912341092,French Polynesia,Society Islands,Society Islands,Eastern Indo-Pacific,Society Islands,PAC1,Moorea Baie de Cook Channel Entrance,-17.48,-149.82,7/21/2012,5,RLS,14,15:00:00,,,1,2,Chordata,Actinopterygii,Perciformes,Labridae,Labroides bicolor,Labroides bicolor,7.5,1,7.1451,POINT (-149.82000732421875 -17.479999542236328)
ep_m1_public_data.fid-7cdaa17e_183da9dac93_-7829,912341092,French Polynesia,Society Islands,Society Islands,Eastern Indo-Pacific,Society Islands,PAC1,Moorea Baie de Cook Channel Entrance,-17.48,-149.82,7/21/2012,5,RLS,14,15:00:00,,,1,2,Chordata,Actinopterygii,Perciformes,Labridae,Labroides dimidiatus,Labroides dimidiatus,2.5,2,0.4106,POINT (-149.82000732421875 -17.479999542236328)
ep_m1_public_data.fid-7cdaa17e_183da9dac93_-7828,912341092,French Polynesia,Society Islands,Society Islands,Eastern Indo-Pacific,Society Islands,PAC1,Moorea Baie de Cook Channel Entrance,-17.48,-149.82,7/21/2012,5,RLS,14,15:00:00,,,1,2,Chordata,Actinopterygii,Perciformes,Labridae,Labroides dimidiatus,Labroides dimidiatus,5,1,1.9278,POINT (-149.82000732421875 -17.479999542236328)
ep_m1_public_data.fid-7cdaa17e_183da9dac93_-7827,912341092,French Polynesia,Society Islands,Society Islands,Eastern Indo-Pacific,Society Islands,PAC1,Moorea Baie de Cook Channel Entrance,-17.48,-149.82,7/21/2012,5,RLS,14,15:00:00,,,1,2,Chordata,Actinopterygii,Perciformes,Labridae,Labroides rubrolabiatus,Labroides rubrolabiatus,5,1,1.9278,POINT (-149.82000732421875 -17.479999542236328)
ep_m1_public_data.fid-7cdaa17e_183da9dac93_-7826,912341092,French Polynesia,Society Islands,Society Islands,Eastern Indo-Pacific,Society Islands,PAC1,Moorea Baie de Cook Channel Entrance,-17.48,-149.82,7/21/2012,5,RLS,14,15:00:00,,,1,2,Chordata,Actinopterygii,Perciformes,Labridae,Thalassoma amblycephalum,Thalassoma amblycephalum,5,4,12.0096,POINT (-149.82000732421875 -17.479999542236328)
ep_m1_public_data.fid-7cdaa17e_183da9dac93_-7825,912341092,French Polynesia,Society Islands,Society Islands,Eastern Indo-Pacific,Society Islands,PAC1,Moorea Baie de Cook Channel Entrance,-17.48,-149.82,7/21/2012,5,RLS,14,15:00:00,,,1,2,Chordata,Actinopterygii,Perciformes,Mullidae,Parupeneus cyclostomus,Parupeneus cyclostomus,15,1,53.3441,POINT (-149.82000732421875 -17.479999542236328)
ep_m1_public_data.fid-7cdaa17e_183da9dac93_-7824,912341092,French Polynesia,Society Islands,Society Islands,Eastern Indo-Pacific,Society Islands,PAC1,Moorea Baie de Cook Channel Entrance,-17.48,-149.82,7/21/2012,5,RLS,14,15:00:00,,,1,2,Chordata,Actinopterygii,Perciformes,Pomacentridae,Chromis iomelas,Chromis iomelas,5,125,362.7649,POINT (-149.82000732421875 -17.479999542236328)
ep_m1_public_data.fid-7cdaa17e_183da9dac93_-7823,912341092,French Polynesia,Society Islands,Society Islands,Eastern Indo-Pacific,Society Islands,PAC1,Moorea Baie de Cook Channel Entrance,-17.48,-149.82,7/21/2012,5,RLS,14,15:00:00,,,1,2,Chordata,Actinopterygii,Perciformes,Pomacentridae,Chromis vanderbilti,Chromis vanderbilti,2.5,1,0.4038,POINT (-149.82000732421875 -17.479999542236328)
ep_m1_public_data.fid-7cdaa17e_183da9dac93_-7822,912341092,French Polynesia,Society Islands,Society Islands,Eastern Indo-Pacific,Society Islands,PAC1,Moorea Baie de Cook Channel Entrance,-17.48,-149.82,7/21/2012,5,RLS,14,15:00:00,,,1,2,Chordata,Actinopterygii,Perciformes,Pomacentridae,Chromis viridis,Chromis viridis,5,6,23.3011,POINT (-149.82000732421875 -17.479999542236328)
ep_m1_public_data.fid-7cdaa17e_183da9dac93_-7821,912341092,French Polynesia,Society Islands,Society Islands,Eastern Indo-Pacific,Society Islands,PAC1,Moorea Baie de Cook Channel Entrance,-17.48,-149.82,7/21/2012,5,RLS,14,15:00:00,,,1,2,Chordata,Actinopterygii,Perciformes,Pomacentridae,Plectroglyphidodon lacrymatus,Plectroglyphidodon lacrymatus,7.5,3,60.0208,POINT (-149.82000732421875 -17.479999542236328)
ep_m1_public_data.fid-7cdaa17e_183da9dac93_-7820,912341092,French Polynesia,Society Islands,Society Islands,Eastern Indo-Pacific,Society Islands,PAC1,Moorea Baie de Cook Channel Entrance,-17.48,-149.82,7/21/2012,5,RLS,14,15:00:00,,,1,2,Chordata,Actinopterygii,Perciformes,Serranidae,Epinephelus merra,Epinephelus merra,25,1,271.9599,POINT (-149.82000732421875 -17.479999542236328)
ep_m1_public_data.fid-7cdaa17e_183da9dac93_-781f,912341092,French Polynesia,Society Islands,Society Islands,Eastern Indo-Pacific,Society Islands,PAC1,Moorea Baie de Cook Channel Entrance,-17.48,-149.82,7/21/2012,5,RLS,14,15:00:00,,,1,2,Chordata,Actinopterygii,Tetraodontiformes,Balistidae,Melichthys vidua,Melichthys vidua,15,2,228.373,POINT (-149.82000732421875 -17.479999542236328)
ep_m1_public_data.fid-7cdaa17e_183da9dac93_-781e,912341092,French Polynesia,Society Islands,Society Islands,Eastern Indo-Pacific,Society Islands,PAC1,Moorea Baie de Cook Channel Entrance,-17.48,-149.82,7/21/2012,5,RLS,14,15:00:00,,,1,2,Chordata,Actinopterygii,Tetraodontiformes,Balistidae,Melichthys vidua,Melichthys vidua,20,4,959.212,POINT (-149.82000732421875 -17.479999542236328)
ep_m1_public_data.fid-7cdaa17e_183da9dac93_-781d,912341092,French Polynesia,Society Islands,Society Islands,Eastern Indo-Pacific,Society Islands,PAC1,Moorea Baie de Cook Channel Entrance,-17.48,-149.82,7/21/2012,5,RLS,14,15:00:00,,,1,2,Chordata,Actinopterygii,Tetraodontiformes,Balistidae,Sufflamen bursa,Sufflamen bursa,7.5,1,19.4162,POINT (-149.82000732421875 -17.479999542236328)
ep_m1_public_data.fid-7cdaa17e_183da9dac93_-7808,912341092,French Polynesia,Society Islands,Society Islands,Eastern Indo-Pacific,Society Islands,PAC1,Moorea Baie de Cook Channel Entrance,-17.48,-149.82,7/21/2012,5,RLS,14,15:00:00,,,1,1,Chordata,Actinopterygii,Perciformes,Labridae,Epibulus insidiator,Epibulus insidiator,20,1,228.8086,POINT (-149.82000732421875 -17.479999542236328)
ep_m1_public_data.fid-7cdaa17e_183da9dac93_-7807,912341092,French Polynesia,Society Islands,Society Islands,Eastern Indo-Pacific,Society Islands,PAC1,Moorea Baie de Cook Channel Entrance,-17.48,-149.82,7/21/2012,5,RLS,14,15:00:00,,,1,1,Chordata,Actinopterygii,Perciformes,Pomacentridae,Abudefduf sexfasciatus,Abudefduf sexfasciatus,12.5,14,973.587,POINT (-149.82000732421875 -17.479999542236328)
ep_m1_public_data.fid-7cdaa17e_183da9dac93_-7806,912341092,French Polynesia,Society Islands,Society Islands,Eastern Indo-Pacific,Society Islands,PAC1,Moorea Baie de Cook Channel Entrance,-17.48,-149.82,7/21/2012,5,RLS,14,15:00:00,,,1,1,Chordata,Actinopterygii,Perciformes,Pomacentridae,Chromis atripectoralis,Chromis atripectoralis,5,15,55.7221,POINT (-149.82000732421875 -17.479999542236328)
ep_m1_public_data.fid-7cdaa17e_183da9dac93_-7805,912341092,French Polynesia,Society Islands,Society Islands,Eastern Indo-Pacific,Society Islands,PAC1,Moorea Baie de Cook Channel Entrance,-17.48,-149.82,7/21/2012,5,RLS,14,15:00:00,,,1,1,Chordata,Actinopterygii,Perciformes,Pomacentridae,Chromis iomelas,Chromis iomelas,2.5,75,28.8385,POINT (-149.82000732421875 -17.479999542236328)
ep_m1_public_data.fid-7cdaa17e_183da9dac93_-7804,912341092,French Polynesia,Society Islands,Society Islands,Eastern Indo-Pacific,Society Islands,PAC1,Moorea Baie de Cook Channel Entrance,-17.48,-149.82,7/21/2012,5,RLS,14,15:00:00,,,1,1,Chordata,Actinopterygii,Perciformes,Pomacentridae,Chromis margaritifer,Chromis margaritifer,2.5,5,1.7068,POINT (-149.82000732421875 -17.479999542236328)
ep_m1_public_data.fid-7cdaa17e_183da9dac93_-7803,912341092,French Polynesia,Society Islands,Society Islands,Eastern Indo-Pacific,Society Islands,PAC1,Moorea Baie de Cook Channel Entrance,-17.48,-149.82,7/21/2012,5,RLS,14,15:00:00,,,1,1,Chordata,Actinopterygii,Perciformes,Serranidae,Epinephelus merra,Epinephelus merra,25,1,271.9599,POINT (-149.82000732421875 -17.479999542236328)
ep_m1_public_data.fid-7cdaa17e_183da9dac93_-7802,912341092,French Polynesia,Society Islands,Society Islands,Eastern Indo-Pacific,Society Islands,PAC1,Moorea Baie de Cook Channel Entrance,-17.48,-149.82,7/21/2012,5,RLS,14,15:00:00,,,1,1,Chordata,Actinopterygii,Tetraodontiformes,Tetraodontidae,Canthigaster papua,Canthigaster papua,5,2,12.8266,POINT (-149.82000732421875 -17.479999542236328)
ep_m1_public_data.fid-7cdaa17e_183da9dac93_-7801,912341092,French Polynesia,Society Islands,Society Islands,Eastern Indo-Pacific,Society Islands,PAC1,Moorea Baie de Cook Channel Entrance,-17.48,-149.82,7/21/2012,5,RLS,14,15:00:00,,,1,2,Chordata,Actinopterygii,Perciformes,Labridae,Coris aygula,Coris aygula,7.5,1,5.7639,POINT (-149.82000732421875 -17.479999542236328)
ep_m1_public_data.fid-7cdaa17e_183da9dac93_-7800,912341092,French Polynesia,Society Islands,Society Islands,Eastern Indo-Pacific,Society Islands,PAC1,Moorea Baie de Cook Channel Entrance,-17.48,-149.82,7/21/2012,5,RLS,14,15:00:00,,,1,2,Chordata,Actinopterygii,Perciformes,Labridae,Gomphosus varius,Gomphosus varius,7.5,2,13.9711,POINT (-149.82000732421875 -17.479999542236328)
ep_m1_public_data.fid-7cdaa17e_183da9dac93_-77ff,912341092,French Polynesia,Society Islands,Society Islands,Eastern Indo-Pacific,Society Islands,PAC1,Moorea Baie de Cook Channel Entrance,-17.48,-149.82,7/21/2012,5,RLS,14,15:00:00,,,1,2,Chordata,Actinopterygii,Perciformes,Labridae,Pseudocheilinus octotaenia,Pseudocheilinus octotaenia,5,1,2.5947,POINT (-149.82000732421875 -17.479999542236328)
ep_m1_public_data.fid-7cdaa17e_183da9dac93_-77fe,912341092,French Polynesia,Society Islands,Society Islands,Eastern Indo-Pacific,Society Islands,PAC1,Moorea Baie de Cook Channel Entrance,-17.48,-149.82,7/21/2012,5,RLS,14,15:00:00,,,1,2,Chordata,Actinopterygii,Perciformes,Pomacanthidae,Centropyge bispinosa,Centropyge bispinosa,5,4,30.0575,POINT (-149.82000732421875 -17.479999542236328)
ep_m1_public_data.fid-7cdaa17e_183da9dac93_-77fd,912341092,French Polynesia,Society Islands,Society Islands,Eastern Indo-Pacific,Society Islands,PAC1,Moorea Baie de Cook Channel Entrance,-17.48,-149.82,7/21/2012,5,RLS,14,15:00:00,,,1,2,Chordata,Actinopterygii,Perciformes,Pomacentridae,Abudefduf sexfasciatus,Abudefduf sexfasciatus,10,5,173.7107,POINT (-149.82000732421875 -17.479999542236328)
ep_m1_public_data.fid-7cdaa17e_183da9dac93_-77fc,912341092,French Polynesia,Society Islands,Society Islands,Eastern Indo-Pacific,Society Islands,PAC1,Moorea Baie de Cook Channel Entrance,-17.48,-149.82,7/21/2012,5,RLS,14,15:00:00,,,1,2,Chordata,Actinopterygii,Perciformes,Scaridae,Chlorurus sordidus,Chlorurus sordidus,7.5,2,33.0965,POINT (-149.82000732421875 -17.479999542236328)
ep_m1_public_data.fid-7cdaa17e_183da9dac93_-77fb,912341092,French Polynesia,Society Islands,Society Islands,Eastern Indo-Pacific,Society Islands,PAC1,Moorea Baie de Cook Channel Entrance,-17.48,-149.82,7/21/2012,5,RLS,14,15:00:00,,,1,2,Chordata,Actinopterygii,Syngnathiformes,Aulostomidae,Aulostomus chinensis,Aulostomus chinensis,50,1,139.3032,POINT (-149.82000732421875 -17.479999542236328)
ep_m1_public_data.fid-7cdaa17e_183da9dac93_-77fa,912341092,French Polynesia,Society Islands,Society Islands,Eastern Indo-Pacific,Society Islands,PAC1,Moorea Baie de Cook Channel Entrance,-17.48,-149.82,7/21/2012,5,RLS,14,15:00:00,,,1,2,Chordata,Actinopterygii,Tetraodontiformes,Balistidae,Balistapus undulatus,Balistapus undulatus,12.5,3,202.8103,POINT (-149.82000732421875 -17.479999542236328)
ep_m1_public_data.fid-7cdaa17e_183da9dac93_-77f9,912341092,French Polynesia,Society Islands,Society Islands,Eastern Indo-Pacific,Society Islands,PAC1,Moorea Baie de Cook Channel Entrance,-17.48,-149.82,7/21/2012,5,RLS,14,15:00:00,,,1,2,Chordata,Actinopterygii,Tetraodontiformes,Balistidae,Balistapus undulatus,Balistapus undulatus,15,2,228.373,POINT (-149.82000732421875 -17.479999542236328)
ep_m1_public_data.fid-7cdaa17e_183da9dac93_-77f8,912341092,French Polynesia,Society Islands,Society Islands,Eastern Indo-Pacific,Society Islands,PAC1,Moorea Baie de Cook Channel Entrance,-17.48,-149.82,7/21/2012,5,RLS,14,15:00:00,,,1,2,Chordata,Actinopterygii,Tetraodontiformes,Tetraodontidae,Canthigaster papua,Canthigaster papua,7.5,1,21.2364,POINT (-149.82000732421875 -17.479999542236328)
ep_m1_public_data.fid-7cdaa17e_183da9dac93_-77f5,912341092,French Polynesia,Society Islands,Society Islands,Eastern Indo-Pacific,Society Islands,PAC1,Moorea Baie de Cook Channel Entrance,-17.48,-149.82,7/21/2012,5,RLS,14,15:00:00,,,1,1,Chordata,Actinopterygii,Perciformes,Apogonidae,Cheilodipterus quinquelineatus,Cheilodipterus quinquelineatus,10,1,21.1391,POINT (-149.82000732421875 -17.479999542236328)
ep_m1_public_data.fid-7cdaa17e_183da9dac93_-77f4,912341092,French Polynesia,Society Islands,Society Islands,Eastern Indo-Pacific,Society Islands,PAC1,Moorea Baie de Cook Channel Entrance,-17.48,-149.82,7/21/2012,5,RLS,14,15:00:00,,,1,1,Chordata,Actinopterygii,Perciformes,Labridae,Cirrhilabrus scottorum,Cirrhilabrus scottorum,10,1,19.8984,POINT (-149.82000732421875 -17.479999542236328)
ep_m1_public_data.fid-7cdaa17e_183da9dac93_-77f1,912341092,French Polynesia,Society Islands,Society Islands,Eastern Indo-Pacific,Society Islands,PAC1,Moorea Baie de Cook Channel Entrance,-17.48,-149.82,7/21/2012,5,RLS,14,15:00:00,,,1,1,Chordata,Actinopterygii,Perciformes,Pomacanthidae,Centropyge flavissima,Centropyge flavissima,7.5,2,45.7197,POINT (-149.82000732421875 -17.479999542236328)
ep_m1_public_data.fid-7cdaa17e_183da9dac93_-77f0,912341092,French Polynesia,Society Islands,Society Islands,Eastern Indo-Pacific,Society Islands,PAC1,Moorea Baie de Cook Channel Entrance,-17.48,-149.82,7/21/2012,5,RLS,14,15:00:00,,,1,1,Chordata,Actinopterygii,Perciformes,Scaridae,Chlorurus sordidus,Chlorurus sordidus,10,2,77.7545,POINT (-149.82000732421875 -17.479999542236328)
ep_m1_public_data.fid-7cdaa17e_183da9dac93_-77ef,912341092,French Polynesia,Society Islands,Society Islands,Eastern Indo-Pacific,Society Islands,PAC1,Moorea Baie de Cook Channel Entrance,-17.48,-149.82,7/21/2012,5,RLS,14,15:00:00,,,1,1,Chordata,Actinopterygii,Tetraodontiformes,Tetraodontidae,Canthigaster papua,Canthigaster papua,7.5,2,42.4728,POINT (-149.82000732421875 -17.479999542236328)
ep_m1_public_data.fid-7cdaa17e_183da9dac93_-77ee,912341092,French Polynesia,Society Islands,Society Islands,Eastern Indo-Pacific,Society Islands,PAC1,Moorea Baie de Cook Channel Entrance,-17.48,-149.82,7/21/2012,5,RLS,14,15:00:00,,,1,2,Chordata,Actinopterygii,Tetraodontiformes,Tetraodontidae,Canthigaster papua,Canthigaster papua,5,2,12.8266,POINT (-149.82000732421875 -17.479999542236328)
,,,,,,,,,,,,,,,,,,,,,,,,,,10.17857143,1170,30426.6557,
